{
    "function_score": {
        "pearson": [
            0.3905654586590974,
            3.115459317323374e-28
        ],
        "spearman": [
            0.3442140638390777,
            6.721042186557266e-22
        ],
        "count": 736
    }
}