{
    "attenuated": {
        "pearson": [
            0.08600482187090308,
            1.4230477617785939e-06
        ],
        "spearman": [
            0.06211485983471237,
            0.0005027339641110846
        ],
        "count": 3134
    },
    "regulated": {
        "pearson": [
            0.4509782864123203,
            7.202411620693425e-157
        ],
        "spearman": [
            0.382976066076608,
            4.997269053206101e-110
        ],
        "count": 3134
    },
    "unregulated": {
        "pearson": [
            0.44223367724318596,
            3.175841801625891e-150
        ],
        "spearman": [
            0.3792697765176167,
            8.929601135860435e-108
        ],
        "count": 3134
    }
}