{
    "attenuated": {
        "pearson": [
            0.10146617068151569,
            1.2502826532873822e-08
        ],
        "spearman": [
            0.08485424169445616,
            1.9648318858921995e-06
        ],
        "count": 3134
    },
    "regulated": {
        "pearson": [
            0.43674059394532083,
            3.7769219734367743e-146
        ],
        "spearman": [
            0.3752208184758675,
            2.3871584512303082e-105
        ],
        "count": 3134
    },
    "unregulated": {
        "pearson": [
            0.4320497443722295,
            9.958154461576081e-143
        ],
        "spearman": [
            0.383281706070942,
            3.248666033591756e-110
        ],
        "count": 3134
    }
}