{
    "attenuated": {
        "pearson": [
            0.07875389122845505,
            1.0152057753607402e-05
        ],
        "spearman": [
            0.0639077953594435,
            0.00034368932789259393
        ],
        "count": 3134
    },
    "regulated": {
        "pearson": [
            0.40769051487992125,
            8.250240643452718e-126
        ],
        "spearman": [
            0.34254048956336014,
            5.43770530095923e-87
        ],
        "count": 3134
    },
    "unregulated": {
        "pearson": [
            0.38730170488589716,
            1.0792256012446616e-112
        ],
        "spearman": [
            0.32675989739015643,
            7.00804989083378e-79
        ],
        "count": 3134
    }
}