{
    "function_score": {
        "pearson": [
            0.2690149082762385,
            1.1445160103883373e-13
        ],
        "spearman": [
            0.2023258534379665,
            3.0770213342164037e-08
        ],
        "count": 736
    }
}