{
    "react_rel": {
        "pearson": [
            0.44296448401704763,
            5.103834743156452e-70
        ],
        "spearman": [
            0.3927022526371372,
            4.071799984141786e-54
        ],
        "count": 1435
    }
}