{
    "react_rel": {
        "pearson": [
            0.5228257596080148,
            1.760054236104878e-101
        ],
        "spearman": [
            0.48468577098757537,
            2.0565422080975405e-85
        ],
        "count": 1435
    }
}