{
    "react_rel": {
        "pearson": [
            0.45098860249247547,
            8.141413857371847e-73
        ],
        "spearman": [
            0.39932815735549415,
            4.632458277082959e-56
        ],
        "count": 1435
    }
}