{
    "Caffeine": {
        "pearson": [
            0.3202816492685515,
            4.1206038724148397e-32
        ],
        "spearman": [
            0.309379972241897,
            5.7232171598748925e-30
        ],
        "count": 1288
    },
    "DMSO": {
        "pearson": [
            0.2958163191972116,
            3.7887735138893917e-28
        ],
        "spearman": [
            0.28354687135168655,
            6.67149540705323e-26
        ],
        "count": 1324
    },
    "DTT": {
        "pearson": [
            0.2853588817548559,
            1.753215513949576e-25
        ],
        "spearman": [
            0.2843611533159073,
            2.6154283853865705e-25
        ],
        "count": 1284
    },
    "HU": {
        "pearson": [
            0.2800257766524476,
            2.2965548736590725e-24
        ],
        "spearman": [
            0.2527869277690471,
            5.213021519753229e-20
        ],
        "count": 1273
    },
    "MG132": {
        "pearson": [
            0.3481991884292659,
            9.579238468934874e-37
        ],
        "spearman": [
            0.2995570321776115,
            3.458061946332809e-27
        ],
        "count": 1243
    }
}