{
    "Caffeine": {
        "pearson": [
            0.3209099533901378,
            3.081303515987659e-32
        ],
        "spearman": [
            0.2993477655514446,
            4.479689758299814e-28
        ],
        "count": 1288
    },
    "DMSO": {
        "pearson": [
            0.2952497013554144,
            4.837932139471719e-28
        ],
        "spearman": [
            0.26683616697220824,
            5.092391153362694e-23
        ],
        "count": 1324
    },
    "DTT": {
        "pearson": [
            0.27776732740503535,
            3.5310678526006584e-24
        ],
        "spearman": [
            0.2590775825020233,
            3.871430991276429e-21
        ],
        "count": 1284
    },
    "HU": {
        "pearson": [
            0.27928816792264116,
            3.060014857571469e-24
        ],
        "spearman": [
            0.2472410067491443,
            3.4905654765665594e-19
        ],
        "count": 1273
    },
    "MG132": {
        "pearson": [
            0.35338517628574273,
            7.193191447166265e-38
        ],
        "spearman": [
            0.2971550683821134,
            9.252318159177022e-27
        ],
        "count": 1243
    }
}