{
    "Caffeine": {
        "pearson": [
            0.3367899134241381,
            1.5760248794452004e-35
        ],
        "spearman": [
            0.2994912507742396,
            4.213914641095703e-28
        ],
        "count": 1288
    },
    "DMSO": {
        "pearson": [
            0.3163169027185964,
            3.7543253226539736e-32
        ],
        "spearman": [
            0.27300860422784634,
            4.628574924261943e-24
        ],
        "count": 1324
    },
    "DTT": {
        "pearson": [
            0.3024501829271064,
            1.4373456348323453e-28
        ],
        "spearman": [
            0.28587016692323997,
            1.4274002436490077e-25
        ],
        "count": 1284
    },
    "HU": {
        "pearson": [
            0.30083766024080716,
            4.855160194177434e-28
        ],
        "spearman": [
            0.25291009877449755,
            4.9947971644662693e-20
        ],
        "count": 1273
    },
    "MG132": {
        "pearson": [
            0.3685242595444023,
            2.8333213348033484e-41
        ],
        "spearman": [
            0.2865757662485191,
            6.3226172971331305e-25
        ],
        "count": 1243
    }
}