{
    "linear": {
        "pearson": [
            0.5540174803199479,
            0.0
        ],
        "spearman": [
            0.5494630819058682,
            0.0
        ],
        "count": 5468
    }
}