{
    "overall": {
        "pearson": [
            -0.5503425647666892,
            3.5017022540226333e-29
        ],
        "spearman": [
            -0.5539743302327524,
            1.271218284290461e-29
        ],
        "count": 351
    }
}