{
    "linear": {
        "pearson": [
            0.5492626606473077,
            0.0
        ],
        "spearman": [
            0.5689598750801008,
            0.0
        ],
        "count": 5468
    }
}