{
    "1AMQ": {
        "pearson": [
            -0.673881849594066,
            0.32611815040593406
        ],
        "spearman": [
            -0.7999999999999999,
            0.20000000000000007
        ],
        "count": 4
    },
    "1BNI": {
        "pearson": [
            -0.6707555624923177,
            0.012091224845033428
        ],
        "spearman": [
            -0.705236835819403,
            0.007088644012512904
        ],
        "count": 13
    },
    "1CEY": {
        "pearson": [
            0.7121059966003074,
            0.49548306270312925
        ],
        "spearman": [
            0.5,
            0.6666666666666667
        ],
        "count": 3
    },
    "1EY0": {
        "pearson": [
            -0.7341893180374828,
            8.70424202791836e-06
        ],
        "spearman": [
            -0.5510065648523785,
            0.002375351984605296
        ],
        "count": 28
    },
    "1IHB": {
        "pearson": [
            -0.6134987886116143,
            0.57952310662837
        ],
        "spearman": [
            -0.5,
            0.6666666666666667
        ],
        "count": 3
    },
    "1L63": {
        "pearson": [
            -0.7242430820590934,
            1.9004646910933614e-20
        ],
        "spearman": [
            -0.7619808829366408,
            1.2467150118082656e-23
        ],
        "count": 118
    },
    "1LZ1": {
        "pearson": [
            -0.5488087132593499,
            3.867187114754113e-06
        ],
        "spearman": [
            -0.5261342531261145,
            1.1237504527726368e-05
        ],
        "count": 62
    },
    "1OH0": {
        "pearson": [
            -1.0,
            1.0
        ],
        "spearman": [
            -0.9999999999999999,
            NaN
        ],
        "count": 2
    },
    "1VQB": {
        "pearson": [
            -0.1689687788571343,
            0.7858904114963268
        ],
        "spearman": [
            -0.09999999999999999,
            0.8728885715695383
        ],
        "count": 5
    },
    "2LZM": {
        "pearson": [
            -0.700954481328125,
            5.6318623258063904e-11
        ],
        "spearman": [
            -0.680849415421701,
            3.173720859664158e-10
        ],
        "count": 66
    },
    "2RN2": {
        "pearson": [
            -0.5725930415293116,
            0.013009767160432534
        ],
        "spearman": [
            -0.4347847053824782,
            0.07136756852580754
        ],
        "count": 18
    },
    "3ZCF": {
        "pearson": [
            1.0,
            1.0
        ],
        "spearman": [
            0.9999999999999999,
            NaN
        ],
        "count": 2
    },
    "4BVM": {
        "pearson": [
            0.11319813987824713,
            0.8561800520238934
        ],
        "spearman": [
            0.3,
            0.6238376647810728
        ],
        "count": 5
    },
    "4LYZ": {
        "pearson": [
            -0.49556418108754463,
            0.07154688535642062
        ],
        "spearman": [
            -0.49503517961840754,
            0.07189744293157992
        ],
        "count": 14
    },
    "5PTI": {
        "pearson": [
            0.2075465712972945,
            0.7376531158987618
        ],
        "spearman": [
            -0.09999999999999999,
            0.8728885715695383
        ],
        "count": 5
    },
    "overall": {
        "pearson": [
            -0.671475586739801,
            1.7495273782097147e-47
        ],
        "spearman": [
            -0.6879345886040884,
            1.177346853567048e-50
        ],
        "count": 352
    }
}