{
    "fitness": {
        "pearson": [
            0.26039517037368715,
            5.788336463291873e-25
        ],
        "spearman": [
            0.2820950266220787,
            3.483438118995417e-29
        ],
        "count": 1519
    }
}