{
    "function_score": {
        "pearson": [
            0.31406096457733435,
            2.6024014337096825e-18
        ],
        "spearman": [
            0.2301379536007783,
            2.6519623789103404e-10
        ],
        "count": 736
    }
}