{
    "myoglobin": {
        "pearson": [
            -0.7880220238801474,
            7.339022630266557e-101
        ],
        "spearman": [
            -0.8277655719992093,
            8.675209580952992e-120
        ],
        "precision": 0.855,
        "recall": 0.8066037735849056,
        "auroc": 0.9324324324324323,
        "accuracy": 0.851380042462845,
        "count": 471,
        "num_stabilizing": 212,
        "num_destabilizing": 259
    },
    "p53": {
        "pearson": [
            -0.7744232135980411,
            2.5305348442160734e-12
        ],
        "spearman": [
            -0.6888831948587462,
            4.380238713010441e-09
        ],
        "precision": 0.6666666666666666,
        "recall": 0.5263157894736842,
        "auroc": 0.8165007112375533,
        "accuracy": 0.75,
        "count": 56,
        "num_stabilizing": 19,
        "num_destabilizing": 37
    },
    "s669": {
        "pearson": [
            -0.47835333740545527,
            6.665991685574037e-75
        ],
        "spearman": [
            -0.49613784057096005,
            2.7300518013707985e-81
        ],
        "precision": 0.6017130620985011,
        "recall": 0.5746421267893661,
        "auroc": 0.7378699549288324,
        "accuracy": 0.6952822892498066,
        "count": 1293,
        "num_stabilizing": 489,
        "num_destabilizing": 804
    },
    "ssym": {
        "pearson": [
            -0.7073811878803018,
            4.504929850061221e-281
        ],
        "spearman": [
            -0.7076359445124544,
            2.3097903578957693e-281
        ],
        "precision": 0.7309644670050761,
        "recall": 0.7281921618204804,
        "auroc": 0.8447282159925933,
        "accuracy": 0.769438444924406,
        "count": 1852,
        "num_stabilizing": 791,
        "num_destabilizing": 1061
    },
    "t2226": {
        "pearson": [
            -0.7047184458807817,
            0.0
        ],
        "spearman": [
            -0.7117529237678888,
            0.0
        ],
        "precision": 0.745190685116436,
        "recall": 0.7429340511440108,
        "auroc": 0.8519500867182679,
        "accuracy": 0.7794395237403804,
        "count": 6887,
        "num_stabilizing": 2972,
        "num_destabilizing": 3915
    },
    "overall": {
        "pearson": [
            -0.6893165832023652,
            0.0
        ],
        "spearman": [
            -0.6950815190273342,
            0.0
        ],
        "precision": 0.7322355064290548,
        "recall": 0.7240687039928619,
        "auroc": 0.843233735608899,
        "accuracy": 0.7704328061369448,
        "count": 10559,
        "num_stabilizing": 4483,
        "num_destabilizing": 6076
    }
}