{
    "fitness": {
        "pearson": [
            0.26748778335746803,
            2.6630352862943755e-26
        ],
        "spearman": [
            0.323611226563242,
            2.2813870898798502e-38
        ],
        "count": 1519
    }
}