{
    "fitness": {
        "pearson": [
            0.30916488980615897,
            5.299303047655241e-35
        ],
        "spearman": [
            0.35463377689905257,
            3.0518872636144468e-46
        ],
        "count": 1519
    }
}