{
    "CRIPT": {
        "pearson": [
            0.2832482554461404,
            5.565600742630111e-32
        ],
        "spearman": [
            0.2092744457897876,
            7.114945423734779e-18
        ],
        "count": 1659
    },
    "Tm2F": {
        "pearson": [
            0.265226979018921,
            4.165678306114101e-28
        ],
        "spearman": [
            0.18741456485967817,
            1.402986971873461e-14
        ],
        "count": 1659
    }
}