{
    "fitness": {
        "pearson": [
            0.3858803514678893,
            4.0942165163163156e-55
        ],
        "spearman": [
            0.3560262817405917,
            1.2876314287920954e-46
        ],
        "count": 1519
    }
}