{
    "fitness": {
        "pearson": [
            0.3733457341747527,
            1.9466875005132537e-51
        ],
        "spearman": [
            0.34306576856052967,
            3.3575562578978247e-43
        ],
        "count": 1519
    }
}