{
    "SelectionOne": {
        "pearson": [
            0.3463695248520841,
            3.9002390322016025e-226
        ],
        "spearman": [
            0.3622420364053443,
            1.1079556127725928e-248
        ],
        "count": 8067
    }
}