{
    "SelectionOne": {
        "pearson": [
            0.3538436238430258,
            1.6080731019423544e-232
        ],
        "spearman": [
            0.35365510634384867,
            2.9436974585789288e-232
        ],
        "count": 7927
    }
}