{
    "screenscore": {
        "pearson": [
            0.17581674184311,
            4.366903003975879e-15
        ],
        "spearman": [
            0.11792843342126974,
            1.6185465165927215e-07
        ],
        "count": 1962
    }
}