{
    "screenscore": {
        "pearson": [
            0.04261022426483895,
            0.06616845887789811
        ],
        "spearman": [
            0.02367023393115877,
            0.30758628015217543
        ],
        "count": 1860
    }
}