{
    "myoglobin": {
        "pearson": [
            -0.21716880020070534,
            1.9601973566224884e-06
        ],
        "spearman": [
            -0.2588732823108412,
            1.1928752402076795e-08
        ],
        "precision": 0.5652173913043478,
        "recall": 0.49056603773584906,
        "auroc": 0.6487943469075544,
        "accuracy": 0.6008492569002123,
        "count": 471,
        "num_stabilizing": 212,
        "num_destabilizing": 259
    },
    "p53": {
        "pearson": [
            -0.5982653412410165,
            1.1187807668951424e-06
        ],
        "spearman": [
            -0.5502520741270629,
            1.1164473592404907e-05
        ],
        "precision": 0.6153846153846154,
        "recall": 0.42105263157894735,
        "auroc": 0.7624466571834994,
        "accuracy": 0.7142857142857143,
        "count": 56,
        "num_stabilizing": 19,
        "num_destabilizing": 37
    },
    "s669": {
        "pearson": [
            -0.5386565744679471,
            1.7341701349790689e-88
        ],
        "spearman": [
            -0.5393460660677093,
            9.428055925448107e-89
        ],
        "precision": 0.63125,
        "recall": 0.4697674418604651,
        "auroc": 0.7457248009137345,
        "accuracy": 0.702493551160791,
        "count": 1163,
        "num_stabilizing": 430,
        "num_destabilizing": 733
    },
    "ssym": {
        "pearson": [
            -0.5088145954419208,
            1.589634988337204e-122
        ],
        "spearman": [
            -0.5097701259465004,
            4.70502058453071e-123
        ],
        "precision": 0.6155844155844156,
        "recall": 0.5992414664981036,
        "auroc": 0.7197119812785449,
        "accuracy": 0.6690064794816415,
        "count": 1852,
        "num_stabilizing": 791,
        "num_destabilizing": 1061
    },
    "t2226": {
        "pearson": [
            -0.49657250396799213,
            0.0
        ],
        "spearman": [
            -0.5269812595594648,
            0.0
        ],
        "precision": 0.6561922365988909,
        "recall": 0.5990550118123523,
        "auroc": 0.7522695545334609,
        "accuracy": 0.6901243599122165,
        "count": 6835,
        "num_stabilizing": 2963,
        "num_destabilizing": 3872
    },
    "overall": {
        "pearson": [
            -0.4913884410077906,
            0.0
        ],
        "spearman": [
            -0.513899129414759,
            0.0
        ],
        "precision": 0.6420340681362725,
        "recall": 0.5805209513023782,
        "auroc": 0.7421590799867641,
        "accuracy": 0.6838199865086249,
        "count": 10377,
        "num_stabilizing": 4415,
        "num_destabilizing": 5962
    }
}