{
    "fitness": {
        "pearson": [
            0.34680677586196956,
            3.600753511110149e-44
        ],
        "spearman": [
            0.32404330130317593,
            1.797407335078735e-38
        ],
        "count": 1519
    }
}