{
    "fitness": {
        "pearson": [
            0.34896315430082026,
            9.805009504926268e-45
        ],
        "spearman": [
            0.32491691244863796,
            1.108556232069853e-38
        ],
        "count": 1519
    }
}