{
    "myoglobin": {
        "pearson": [
            -0.5054252122976814,
            6.581041006367895e-32
        ],
        "spearman": [
            -0.5651843599982808,
            4.170211536880668e-41
        ],
        "precision": 0.7058823529411765,
        "recall": 0.6226415094339622,
        "auroc": 0.7996102571574271,
        "accuracy": 0.7133757961783439,
        "count": 471,
        "num_stabilizing": 212,
        "num_destabilizing": 259
    },
    "p53": {
        "pearson": [
            -0.7530070936651289,
            2.1668767422971627e-11
        ],
        "spearman": [
            -0.773408530551412,
            2.8162381190158982e-12
        ],
        "precision": 0.7894736842105263,
        "recall": 0.7894736842105263,
        "auroc": 0.8819345661450924,
        "accuracy": 0.8571428571428571,
        "count": 56,
        "num_stabilizing": 19,
        "num_destabilizing": 37
    },
    "s669": {
        "pearson": [
            -0.39572004993517135,
            1.3038340472092064e-49
        ],
        "spearman": [
            -0.4274267461362853,
            1.9516875375397312e-58
        ],
        "precision": 0.6054421768707483,
        "recall": 0.5471311475409836,
        "auroc": 0.7155574179305834,
        "accuracy": 0.6937984496124031,
        "count": 1290,
        "num_stabilizing": 488,
        "num_destabilizing": 802
    },
    "ssym": {
        "pearson": [
            -0.5201421954794989,
            6.661346011842894e-129
        ],
        "spearman": [
            -0.5273718717690171,
            4.2179238078698544e-133
        ],
        "precision": 0.612987012987013,
        "recall": 0.5967130214917825,
        "auroc": 0.7429005148638488,
        "accuracy": 0.6668466522678186,
        "count": 1852,
        "num_stabilizing": 791,
        "num_destabilizing": 1061
    },
    "t2226": {
        "pearson": [
            -0.5166652788738865,
            0.0
        ],
        "spearman": [
            -0.5512339145111731,
            0.0
        ],
        "precision": 0.6526881720430108,
        "recall": 0.6127187079407806,
        "auroc": 0.775536295333715,
        "accuracy": 0.69217366051982,
        "count": 6887,
        "num_stabilizing": 2972,
        "num_destabilizing": 3915
    },
    "overall": {
        "pearson": [
            -0.5034953979437091,
            0.0
        ],
        "spearman": [
            -0.5358644620768661,
            0.0
        ],
        "precision": 0.6434513905395769,
        "recall": 0.6039714413208389,
        "auroc": 0.7657325052597614,
        "accuracy": 0.6897499052671466,
        "count": 10556,
        "num_stabilizing": 4482,
        "num_destabilizing": 6074
    }
}