{
    "function_score": {
        "pearson": [
            0.49504010321267533,
            8.077048892522332e-93
        ],
        "spearman": [
            0.41766968967794016,
            6.835659741666221e-64
        ],
        "count": 1488
    }
}