{
    "function_score": {
        "pearson": [
            0.46431460875280933,
            1.2361674021486508e-78
        ],
        "spearman": [
            0.38650761764182284,
            5.212678743558364e-53
        ],
        "count": 1454
    }
}