{
    "myoglobin": {
        "pearson": [
            -0.38253257666392854,
            2.8979037322173504e-05
        ],
        "spearman": [
            -0.43010037227102915,
            1.9898763390959998e-06
        ],
        "precision": 0.6666666666666666,
        "recall": 0.1875,
        "auroc": 0.7237654320987655,
        "accuracy": 0.7433628318584071,
        "count": 113,
        "num_stabilizing": 32,
        "num_destabilizing": 81
    },
    "p53": {
        "pearson": [
            -0.6765724249374203,
            8.716629108786162e-07
        ],
        "spearman": [
            -0.6374392241351841,
            5.631862665918584e-06
        ],
        "precision": 0.7142857142857143,
        "recall": 0.45454545454545453,
        "auroc": 0.7917888563049853,
        "accuracy": 0.8095238095238095,
        "count": 42,
        "num_stabilizing": 11,
        "num_destabilizing": 31
    },
    "s669": {
        "pearson": [
            -0.43087927144429417,
            9.368060196610525e-28
        ],
        "spearman": [
            -0.4667455195665719,
            7.054838721038873e-33
        ],
        "precision": 0.5636363636363636,
        "recall": 0.2246376811594203,
        "auroc": 0.7240514574173588,
        "accuracy": 0.7753001715265866,
        "count": 583,
        "num_stabilizing": 138,
        "num_destabilizing": 445
    },
    "ssym": {
        "pearson": [
            -0.5993772919779461,
            1.925395883400957e-34
        ],
        "spearman": [
            -0.5776662377260466,
            1.4526350259429403e-31
        ],
        "precision": 0.6829268292682927,
        "recall": 0.32558139534883723,
        "auroc": 0.7515396635720194,
        "accuracy": 0.7905604719764012,
        "count": 339,
        "num_stabilizing": 86,
        "num_destabilizing": 253
    },
    "t2226": {
        "pearson": [
            -0.45091622786737157,
            3.1026849856465285e-83
        ],
        "spearman": [
            -0.49977822530113836,
            1.0005486175080615e-104
        ],
        "precision": 0.477124183006536,
        "recall": 0.25886524822695034,
        "auroc": 0.7532471246438303,
        "accuracy": 0.824422843256379,
        "count": 1646,
        "num_stabilizing": 282,
        "num_destabilizing": 1364
    },
    "overall": {
        "pearson": [
            -0.46297114241068194,
            9.625358676441575e-145
        ],
        "spearman": [
            -0.5016252168343617,
            1.6622459716333103e-173
        ],
        "precision": 0.539622641509434,
        "recall": 0.2604735883424408,
        "auroc": 0.745724852244526,
        "accuracy": 0.8060962174072714,
        "count": 2723,
        "num_stabilizing": 549,
        "num_destabilizing": 2174
    }
}