{
    "1BVC": {
        "pearson": [
            -0.7537458027084416,
            9.179014457358697e-15
        ],
        "spearman": [
            -0.7273588970272757,
            2.147820000269806e-13
        ],
        "count": 74
    },
    "1LZ1": {
        "pearson": [
            -0.6055661598192755,
            9.496904313155702e-13
        ],
        "spearman": [
            -0.5737426058332473,
            2.512524559750114e-11
        ],
        "count": 114
    },
    "2CI2": {
        "pearson": [
            -0.722498319671213,
            5.641422971287643e-14
        ],
        "spearman": [
            -0.6463098479461878,
            1.2507324217773685e-10
        ],
        "count": 79
    },
    "2RN2": {
        "pearson": [
            -0.7796013952284021,
            6.682743530049166e-17
        ],
        "spearman": [
            -0.7691903229323921,
            3.066816847294006e-16
        ],
        "count": 77
    },
    "overall": {
        "pearson": [
            -0.6788317612681617,
            8.489509631123273e-48
        ],
        "spearman": [
            -0.6920779939066153,
            2.37870569965318e-50
        ],
        "count": 344
    }
}