{
    "screenscore": {
        "pearson": [
            0.40798917477800273,
            1.5668340741024003e-109
        ],
        "spearman": [
            0.4408819006330886,
            1.1671426915077061e-129
        ],
        "count": 2718
    }
}