{
    "screenscore": {
        "pearson": [
            0.39432437311554175,
            5.877954511351079e-102
        ],
        "spearman": [
            0.4134158153654509,
            7.309043953393912e-113
        ],
        "count": 2722
    }
}