{
    "Overall": {
        "all_types_of_mutations": {
            "Pr": -0.29938295364765727,
            "Pr_pval": 6.723666114263452e-119,
            "Sr": -0.3045712372329078,
            "Sr_pval": 3.424256847938926e-123,
            "num": 5726.0,
            "num_struc": 333.0
        },
        "single_point_mutations": {
            "Pr": -0.35146071592162437,
            "Pr_pval": 5.086107450456234e-120,
            "Sr": -0.2930318957827414,
            "Sr_pval": 2.4170618800885317e-82,
            "num": 4118.0,
            "num_struc": 310.0
        },
        "multi_point_mutations": {
            "Pr": -0.3356963334484516,
            "Pr_pval": 1.1876314799490444e-43,
            "Sr": -0.374237652558378,
            "Sr_pval": 1.2724486503514962e-54,
            "num": 1608.0,
            "num_struc": 143.0
        }
    },
    "Per-Structure": {
        "all_types_of_mutations": {
            "Pr": -0.2676539397125728,
            "Pr_std": 0.2615602117688413,
            "Pr_pval": 6.2873485746418e-97,
            "Sr": -0.27086214400928893,
            "Sr_std": 0.26124008759309486,
            "Sr_pval": 6.474237730406995e-82,
            "num": 5025.0,
            "num_struc": 116.0
        },
        "single_point_mutations": {
            "Pr": -0.3025695593092951,
            "Pr_std": 0.2643826943430636,
            "Pr_pval": 5.602788125624882e-92,
            "Sr": -0.2851498216270467,
            "Sr_std": 0.25468513853366487,
            "Sr_pval": 4.520240439354829e-53,
            "num": 3485.0,
            "num_struc": 93.0
        },
        "multi_point_mutations": {
            "Pr": -0.2503775725418966,
            "Pr_std": 0.3169877308748686,
            "Pr_pval": 1.1588891336404045e-27,
            "Sr": -0.24261547070105186,
            "Sr_std": 0.30799830297778413,
            "Sr_pval": 1.5097481328539454e-23,
            "num": 1304.0,
            "num_struc": 41.0
        }
    }
}