{
    "fitness": {
        "pearson": [
            0.3165339486711762,
            1.0726267542851394e-36
        ],
        "spearman": [
            0.31798536847655934,
            4.910887954180647e-37
        ],
        "count": 1519
    }
}