{
    "fitness": {
        "pearson": [
            0.30088540364900745,
            3.718768118469311e-33
        ],
        "spearman": [
            0.2993150473963411,
            8.200677430278546e-33
        ],
        "count": 1519
    }
}