{
    "ETP_AVERAGE": {
        "pearson": [
            0.0978247946391505,
            2.856240708560034e-15
        ],
        "spearman": [
            0.09990083558291772,
            7.296236813601389e-16
        ],
        "count": 6488
    },
    "DOX_Average": {
        "pearson": [
            -0.05684794477904242,
            4.609505061015691e-06
        ],
        "spearman": [
            -0.07491372510994083,
            1.526997855722251e-09
        ],
        "count": 6488
    },
    "SCH_Average": {
        "pearson": [
            0.11400312907862614,
            3.2306604261295313e-20
        ],
        "spearman": [
            0.11558359571558134,
            9.673190117610717e-21
        ],
        "count": 6488
    },
    "VRT_AVERAGE": {
        "pearson": [
            0.1161281064562677,
            6.3599847196761734e-21
        ],
        "spearman": [
            0.12380048753778458,
            1.3986011928730852e-23
        ],
        "count": 6488
    }
}