{
    "ETP_AVERAGE": {
        "pearson": [
            0.08460152644989223,
            2.7043091903451266e-12
        ],
        "spearman": [
            0.08714713628881825,
            5.869562353514075e-13
        ],
        "count": 6809
    },
    "DOX_Average": {
        "pearson": [
            -0.060101339810454034,
            6.943470414910487e-07
        ],
        "spearman": [
            -0.07239285941185829,
            2.226339815096046e-09
        ],
        "count": 6809
    },
    "SCH_Average": {
        "pearson": [
            0.10453423848633354,
            5.244015527789505e-18
        ],
        "spearman": [
            0.10340939090075432,
            1.1851162099184775e-17
        ],
        "count": 6809
    },
    "VRT_AVERAGE": {
        "pearson": [
            0.10962087690849814,
            1.176738389348998e-19
        ],
        "spearman": [
            0.11291030135905435,
            9.174405681866947e-21
        ],
        "count": 6809
    }
}