{
    "score": {
        "pearson": [
            0.5821884559359397,
            0.0
        ],
        "spearman": [
            0.5214464531587855,
            4.504261582663452e-263
        ],
        "count": 3786
    }
}