{
    "score": {
        "pearson": [
            0.5766509212816207,
            6.468984714254e-311
        ],
        "spearman": [
            0.526662312587123,
            2.809117569946965e-250
        ],
        "count": 3517
    }
}