{
    "score": {
        "pearson": [
            0.5722163122788884,
            4.15014469263719e-305
        ],
        "spearman": [
            0.5213721674264067,
            1.9350751639423955e-244
        ],
        "count": 3517
    }
}