{
    "Overall": {
        "all_types_of_mutations": {
            "Pr": -0.1603086371336462,
            "Pr_pval": 0.0019247898130740184,
            "Sr": -0.2009106858344588,
            "Sr_pval": 9.546375381398571e-05,
            "num": 372.0,
            "num_struc": 39.0
        },
        "single_point_mutations": {
            "Pr": -0.23249432638819248,
            "Pr_pval": 0.00015058799293249622,
            "Sr": -0.22859785971335148,
            "Sr_pval": 0.0001954498763278953,
            "num": 261.0,
            "num_struc": 36.0
        },
        "multi_point_mutations": {
            "Pr": -0.13416900641384893,
            "Pr_pval": 0.16034477137648476,
            "Sr": -0.04514013055090877,
            "Sr_pval": 0.6380427535930571,
            "num": 111.0,
            "num_struc": 16.0
        }
    },
    "Per-Structure": {
        "all_types_of_mutations": {
            "Pr": -0.2878031277679385,
            "Pr_std": 0.28852514119187267,
            "Pr_pval": 0.00014760439886000074,
            "Sr": -0.30325140228428693,
            "Sr_std": 0.3590677700084713,
            "Sr_pval": 1.3088733142879914e-07,
            "num": 266.0,
            "num_struc": 8.0
        },
        "single_point_mutations": {
            "Pr": -0.37881078920075495,
            "Pr_std": 0.2713760962855994,
            "Pr_pval": 1.484968499336487e-05,
            "Sr": -0.4216868553473385,
            "Sr_std": 0.27049452655639367,
            "Sr_pval": 9.114440597253482e-07,
            "num": 180.0,
            "num_struc": 7.0
        },
        "multi_point_mutations": {
            "Pr": 0.07371202180506842,
            "Pr_std": 0.2720004694619036,
            "Pr_pval": 0.08224233059682276,
            "Sr": 0.12644467811425114,
            "Sr_std": 0.3320067172035418,
            "Sr_pval": 0.026009602697570713,
            "num": 79.0,
            "num_struc": 2.0
        }
    }
}