{
    "Overall": {
        "all_types_of_mutations": {
            "Pr": -0.15803356155171697,
            "Pr_pval": 0.0022355294011083557,
            "Sr": -0.177190686367762,
            "Sr_pval": 0.000596427533292818,
            "num": 372.0,
            "num_struc": 39.0
        },
        "single_point_mutations": {
            "Pr": -0.21840317654794847,
            "Pr_pval": 0.00037872494077484235,
            "Sr": -0.20081940219461047,
            "Sr_pval": 0.001106061479373007,
            "num": 261.0,
            "num_struc": 36.0
        },
        "multi_point_mutations": {
            "Pr": -0.15608262660230438,
            "Pr_pval": 0.10186892376996115,
            "Sr": -0.04723303901443749,
            "Sr_pval": 0.6225266187549334,
            "num": 111.0,
            "num_struc": 16.0
        }
    },
    "Per-Structure": {
        "all_types_of_mutations": {
            "Pr": -0.24089667620377364,
            "Pr_std": 0.2217342608045898,
            "Pr_pval": 0.0049532028622393314,
            "Sr": -0.2443872219417985,
            "Sr_std": 0.3276365034403832,
            "Sr_pval": 2.296127893877779e-05,
            "num": 266.0,
            "num_struc": 8.0
        },
        "single_point_mutations": {
            "Pr": -0.303519390992518,
            "Pr_std": 0.2023585278006556,
            "Pr_pval": 0.003094705021365678,
            "Sr": -0.34741791829431595,
            "Sr_std": 0.19933903681505144,
            "Sr_pval": 0.0004980240958618967,
            "num": 180.0,
            "num_struc": 7.0
        },
        "multi_point_mutations": {
            "Pr": 0.08733879215325405,
            "Pr_std": 0.397222835555202,
            "Pr_pval": 0.0037099972923936527,
            "Sr": 0.14143487842710328,
            "Sr_std": 0.43120539710547895,
            "Sr_pval": 0.0015054373880369152,
            "num": 79.0,
            "num_struc": 2.0
        }
    }
}