{
    "fitness": {
        "pearson": [
            0.29156615830104166,
            3.781087393922843e-31
        ],
        "spearman": [
            0.290297186473932,
            7.001659787327269e-31
        ],
        "count": 1519
    }
}