{
    "fitness": {
        "pearson": [
            0.31568310879555134,
            1.692273757233729e-36
        ],
        "spearman": [
            0.3218215269232342,
            6.09998308872056e-38
        ],
        "count": 1519
    }
}