{
    "acetamide_normalized_fitness": {
        "pearson": [
            0.28437693266898667,
            1.5337324530099766e-123
        ],
        "spearman": [
            0.40956494868675974,
            1.415556800204112e-266
        ],
        "count": 6629
    },
    "isobutyramide_normalized_fitness": {
        "pearson": [
            0.43768391987145117,
            1.4022235391032745e-305
        ],
        "spearman": [
            0.46101349378364037,
            0.0
        ],
        "count": 6568
    },
    "propionamide_normalized_fitness": {
        "pearson": [
            0.3593337015984974,
            2.666432741723894e-201
        ],
        "spearman": [
            0.414703083041291,
            5.270116955158914e-274
        ],
        "count": 6631
    }
}