{
    "Caffeine": {
        "pearson": [
            0.2717955849318172,
            3.006579691892149e-23
        ],
        "spearman": [
            0.280457579367769,
            1.043738615038155e-24
        ],
        "count": 1288
    },
    "DMSO": {
        "pearson": [
            0.1927458965694159,
            1.51391337873669e-12
        ],
        "spearman": [
            0.20698416372045633,
            2.8074434510688624e-14
        ],
        "count": 1324
    },
    "DTT": {
        "pearson": [
            0.24814777818840902,
            1.8014671872546688e-19
        ],
        "spearman": [
            0.24040881201995007,
            2.445700661247223e-18
        ],
        "count": 1284
    },
    "HU": {
        "pearson": [
            0.20338642259251655,
            2.3672601366907345e-13
        ],
        "spearman": [
            0.16207615490429356,
            6.043641350387235e-09
        ],
        "count": 1273
    },
    "MG132": {
        "pearson": [
            0.2015994650151408,
            7.269708782983149e-13
        ],
        "spearman": [
            0.20789619606575857,
            1.3285262875202488e-13
        ],
        "count": 1243
    }
}