{
    "Caffeine": {
        "pearson": [
            0.25990589611013715,
            2.4933996030610803e-21
        ],
        "spearman": [
            0.27725685735193495,
            3.664401882229518e-24
        ],
        "count": 1288
    },
    "DMSO": {
        "pearson": [
            0.18283202749321617,
            2.0423036577530334e-11
        ],
        "spearman": [
            0.2000793567383312,
            2.0150804122932218e-13
        ],
        "count": 1324
    },
    "DTT": {
        "pearson": [
            0.23748163822533605,
            6.406032048433603e-18
        ],
        "spearman": [
            0.23990485730214345,
            2.8893493756924297e-18
        ],
        "count": 1284
    },
    "HU": {
        "pearson": [
            0.18466759160760188,
            3.147746989378236e-11
        ],
        "spearman": [
            0.15349844878326477,
            3.713563464758424e-08
        ],
        "count": 1273
    },
    "MG132": {
        "pearson": [
            0.19385727605307443,
            5.451733650882958e-12
        ],
        "spearman": [
            0.2058577638480991,
            2.317103911034156e-13
        ],
        "count": 1243
    }
}