{
    "Caffeine": {
        "pearson": [
            0.25208572270462903,
            4.039038010118352e-20
        ],
        "spearman": [
            0.2663743003252047,
            2.3173127890039963e-22
        ],
        "count": 1288
    },
    "DMSO": {
        "pearson": [
            0.19237004681439202,
            1.6752094984118431e-12
        ],
        "spearman": [
            0.19647249913010456,
            5.486735586469752e-13
        ],
        "count": 1324
    },
    "DTT": {
        "pearson": [
            0.2685793640438591,
            1.181358351328846e-22
        ],
        "spearman": [
            0.27630435844091566,
            6.2311430041931874e-24
        ],
        "count": 1284
    },
    "HU": {
        "pearson": [
            0.21112472446124225,
            2.7135929292631937e-14
        ],
        "spearman": [
            0.18593453794712775,
            2.2959218798671043e-11
        ],
        "count": 1273
    },
    "MG132": {
        "pearson": [
            0.21572814486497763,
            1.485076400439443e-14
        ],
        "spearman": [
            0.2044485833019627,
            3.392203194436729e-13
        ],
        "count": 1243
    }
}