{
    "enrichment": {
        "pearson": [
            0.5069016646391603,
            6.854640595365507e-228
        ],
        "spearman": [
            0.566818677418441,
            9.986535361069424e-297
        ],
        "count": 3500
    }
}