{
    "enrichment": {
        "pearson": [
            0.5209559372458717,
            1.587141019967004e-216
        ],
        "spearman": [
            0.5864262943824653,
            1.6993360080925144e-287
        ],
        "count": 3118
    }
}