{
    "enrichment": {
        "pearson": [
            0.208729970136355,
            0.5150222563387951
        ],
        "spearman": [
            0.17162898474289487,
            0.5937868060168403
        ],
        "count": 12
    }
}