{
    "myoglobin": {
        "pearson": [
            -0.7683837798501582,
            5.955587939286388e-93
        ],
        "spearman": [
            -0.8083916092208661,
            5.2396934686358356e-110
        ],
        "precision": 0.8316326530612245,
        "recall": 0.7688679245283019,
        "auroc": 0.9153675238580898,
        "accuracy": 0.8259023354564756,
        "count": 471,
        "num_stabilizing": 212,
        "num_destabilizing": 259
    },
    "p53": {
        "pearson": [
            -0.771998947697591,
            3.2644629195218717e-12
        ],
        "spearman": [
            -0.7024865444768946,
            1.5973356506795684e-09
        ],
        "precision": 0.6428571428571429,
        "recall": 0.47368421052631576,
        "auroc": 0.8079658605974396,
        "accuracy": 0.7321428571428571,
        "count": 56,
        "num_stabilizing": 19,
        "num_destabilizing": 37
    },
    "s669": {
        "pearson": [
            -0.6598512110929442,
            2.7130762542740117e-146
        ],
        "spearman": [
            -0.6559855032462427,
            4.9791955034826736e-144
        ],
        "precision": 0.6850393700787402,
        "recall": 0.6069767441860465,
        "auroc": 0.812316380595831,
        "accuracy": 0.7515047291487532,
        "count": 1163,
        "num_stabilizing": 430,
        "num_destabilizing": 733
    },
    "ssym": {
        "pearson": [
            -0.7143195209079114,
            4.350998948148806e-289
        ],
        "spearman": [
            -0.7120941658836983,
            1.719035449155509e-286
        ],
        "precision": 0.7307692307692307,
        "recall": 0.7206068268015171,
        "auroc": 0.8448628598595651,
        "accuracy": 0.7672786177105831,
        "count": 1852,
        "num_stabilizing": 791,
        "num_destabilizing": 1061
    },
    "t2226": {
        "pearson": [
            -0.7029858781563465,
            0.0
        ],
        "spearman": [
            -0.7043495528470186,
            0.0
        ],
        "precision": 0.7381520627344016,
        "recall": 0.7306783665204185,
        "auroc": 0.8448772812343978,
        "accuracy": 0.7708851499634236,
        "count": 6835,
        "num_stabilizing": 2963,
        "num_destabilizing": 3872
    },
    "overall": {
        "pearson": [
            -0.7025793075853579,
            0.0
        ],
        "spearman": [
            -0.7059256170737452,
            0.0
        ],
        "precision": 0.7360594795539034,
        "recall": 0.7175537938844847,
        "auroc": 0.8454303833679744,
        "accuracy": 0.7703575214416498,
        "count": 10377,
        "num_stabilizing": 4415,
        "num_destabilizing": 5962
    }
}