{
    "myoglobin": {
        "pearson": [
            -0.6469818427914118,
            3.3565376339184175e-57
        ],
        "spearman": [
            -0.7744621374637989,
            2.585961855865405e-95
        ],
        "precision": 0.8140703517587939,
        "recall": 0.7641509433962265,
        "auroc": 0.8935492095869454,
        "accuracy": 0.8152866242038217,
        "count": 471,
        "num_stabilizing": 212,
        "num_destabilizing": 259
    },
    "p53": {
        "pearson": [
            -0.7120884117058357,
            7.571029604992731e-10
        ],
        "spearman": [
            -0.5915406327670711,
            1.579209043724978e-06
        ],
        "precision": 0.5625,
        "recall": 0.47368421052631576,
        "auroc": 0.7681365576102418,
        "accuracy": 0.6964285714285714,
        "count": 56,
        "num_stabilizing": 19,
        "num_destabilizing": 37
    },
    "s669": {
        "pearson": [
            -0.5835941418581354,
            4.2208101055926205e-107
        ],
        "spearman": [
            -0.5534704245409373,
            2.599787952856051e-94
        ],
        "precision": 0.5926892950391645,
        "recall": 0.5279069767441861,
        "auroc": 0.7494685745106126,
        "accuracy": 0.6913155631986242,
        "count": 1163,
        "num_stabilizing": 430,
        "num_destabilizing": 733
    },
    "ssym": {
        "pearson": [
            -0.6338187896608344,
            1.2543777970418403e-208
        ],
        "spearman": [
            -0.6155056735819167,
            1.5389389571698894e-193
        ],
        "precision": 0.6679151061173533,
        "recall": 0.6763590391908976,
        "auroc": 0.7863440138885744,
        "accuracy": 0.7181425485961123,
        "count": 1852,
        "num_stabilizing": 791,
        "num_destabilizing": 1061
    },
    "t2226": {
        "pearson": [
            -0.6598650931051692,
            0.0
        ],
        "spearman": [
            -0.6465444666258415,
            0.0
        ],
        "precision": 0.6886696155154814,
        "recall": 0.683091461356733,
        "auroc": 0.8039613218677742,
        "accuracy": 0.7287490855888807,
        "count": 6835,
        "num_stabilizing": 2963,
        "num_destabilizing": 3872
    },
    "overall": {
        "pearson": [
            -0.6505582957242867,
            0.0
        ],
        "spearman": [
            -0.6387533723301128,
            0.0
        ],
        "precision": 0.6816505301982481,
        "recall": 0.6697621744054361,
        "auroc": 0.8004289150273363,
        "accuracy": 0.7264141852173075,
        "count": 10377,
        "num_stabilizing": 4415,
        "num_destabilizing": 5962
    }
}