{
    "linear": {
        "pearson": [
            0.3203563438229863,
            4.395068507923499e-10
        ],
        "spearman": [
            0.34297817893945065,
            1.9788771926400224e-11
        ],
        "count": 362
    }
}