{
    "CRIPT": {
        "pearson": [
            0.5207293463303929,
            5.836407518366636e-116
        ],
        "spearman": [
            0.41682471313035313,
            1.002295997214734e-70
        ],
        "count": 1659
    },
    "Tm2F": {
        "pearson": [
            0.38293373574222145,
            4.481409335948052e-59
        ],
        "spearman": [
            0.30259570683978926,
            1.801293876685291e-36
        ],
        "count": 1659
    }
}