{
    "linear": {
        "pearson": [
            0.5689293192677372,
            0.0
        ],
        "spearman": [
            0.5630547118228846,
            0.0
        ],
        "count": 5468
    }
}