{
    "NONSEL_24h": {
        "pearson": [
            -0.1879417983291685,
            4.4793115338123706e-10
        ],
        "spearman": [
            -0.251225635046207,
            4.5851840545438315e-17
        ],
        "count": 1084
    },
    "SEL_A_24h": {
        "pearson": [
            0.3563921930731046,
            8.215782896562702e-34
        ],
        "spearman": [
            0.339103179495635,
            1.4127694032019796e-30
        ],
        "count": 1084
    },
    "SEL_A_40h": {
        "pearson": [
            0.33790786074057777,
            2.324459278236076e-30
        ],
        "spearman": [
            0.331921107314171,
            2.7239293268892665e-29
        ],
        "count": 1084
    },
    "SEL_B_40h": {
        "pearson": [
            0.3085423017396012,
            2.43816790430042e-25
        ],
        "spearman": [
            0.30894147002470557,
            2.101354999467632e-25
        ],
        "count": 1084
    },
    "SEL_C_40h": {
        "pearson": [
            0.3098014048391955,
            1.5242962636660321e-25
        ],
        "spearman": [
            0.3110270159628199,
            9.628273132177561e-26
        ],
        "count": 1084
    },
    "SEL_C_64h": {
        "pearson": [
            0.3054115156153184,
            7.762730916777055e-25
        ],
        "spearman": [
            0.30920204278988306,
            1.9067726870771829e-25
        ],
        "count": 1084
    }
}