{
    "surface": {
        "pearson": [
            -0.3845811868919585,
            9.97382078997393e-44
        ],
        "spearman": [
            -0.3799655723482323,
            1.2099263683669425e-42
        ],
        "precision": 0.4482758620689655,
        "recall": 0.5619596541786743,
        "auroc": 0.7038560221131956,
        "accuracy": 0.6744186046511628,
        "count": 1204,
        "num_structures": 93,
        "num_stabilizing": 347,
        "num_destabilizing": 857
    },
    "in-between": {
        "pearson": [
            -0.2852679617093099,
            5.067654815714452e-12
        ],
        "spearman": [
            -0.32392077237603945,
            3.0384095776628316e-15
        ],
        "precision": 0.31901840490797545,
        "recall": 0.5252525252525253,
        "auroc": 0.6785272075594657,
        "accuracy": 0.7198581560283688,
        "count": 564,
        "num_structures": 76,
        "num_stabilizing": 99,
        "num_destabilizing": 465
    },
    "core": {
        "pearson": [
            -0.515743642354294,
            1.7719578411450547e-71
        ],
        "spearman": [
            -0.5089105732933862,
            2.431052104367114e-69
        ],
        "precision": 0.2903225806451613,
        "recall": 0.4632352941176471,
        "auroc": 0.7658496732026143,
        "accuracy": 0.7808880308880309,
        "count": 1036,
        "num_structures": 87,
        "num_stabilizing": 136,
        "num_destabilizing": 900
    },
    "alpha-helix": {
        "pearson": [
            -0.5005894204828649,
            1.730366633179119e-66
        ],
        "spearman": [
            -0.48245574388750345,
            3.2127778751708526e-61
        ],
        "precision": 0.3866279069767442,
        "recall": 0.5362903225806451,
        "auroc": 0.7252193795575331,
        "accuracy": 0.6838021338506305,
        "count": 1031,
        "num_structures": 77,
        "num_stabilizing": 248,
        "num_destabilizing": 783
    },
    "beta-sheet": {
        "pearson": [
            -0.5020626929061828,
            6.305415917110086e-52
        ],
        "spearman": [
            -0.4952492163930737,
            2.29626097273338e-50
        ],
        "precision": 0.2947976878612717,
        "recall": 0.504950495049505,
        "auroc": 0.7474747474747475,
        "accuracy": 0.783375314861461,
        "count": 794,
        "num_structures": 70,
        "num_stabilizing": 101,
        "num_destabilizing": 693
    },
    "loop": {
        "pearson": [
            -0.39659343608177355,
            3.1687208967424826e-38
        ],
        "spearman": [
            -0.3884605965466427,
            1.291393516460997e-36
        ],
        "precision": 0.4228187919463087,
        "recall": 0.5407725321888412,
        "auroc": 0.7195054597337445,
        "accuracy": 0.7150153217568948,
        "count": 979,
        "num_structures": 90,
        "num_stabilizing": 233,
        "num_destabilizing": 746
    },
    "overall": {
        "pearson": [
            -0.48143308982480987,
            1.1539446407019142e-162
        ],
        "spearman": [
            -0.46353749244959247,
            2.1231486421958877e-149
        ],
        "precision": 0.3803680981595092,
        "recall": 0.5326460481099656,
        "auroc": 0.7327389955490393,
        "accuracy": 0.7228958630527818,
        "count": 2804,
        "num_structures": 127,
        "num_stabilizing": 582,
        "num_destabilizing": 2222
    }
}