{
    "myoglobin": {
        "pearson": [
            -0.6080255156369365,
            9.185821117266573e-13
        ],
        "spearman": [
            -0.5789428816848768,
            1.856124454416103e-11
        ],
        "precision": 0.45714285714285713,
        "recall": 0.5,
        "auroc": 0.7596450617283951,
        "accuracy": 0.6902654867256637,
        "1/rmse": 0.47889777311540116,
        "count": 113,
        "num_structures": 1,
        "num_stabilizing": 32,
        "num_destabilizing": 81,
        "precision_at_05_with_00": 0.22857142857142856,
        "recall_at_05_with_00": 0.6153846153846154,
        "precision_at_05_with_025": 0.2413793103448276,
        "recall_at_05_with_025": 0.5384615384615384,
        "precision_at_05_with_05": 0.3333333333333333,
        "recall_at_05_with_05": 0.5384615384615384,
        "precision_at_05_with_075": 0.375,
        "recall_at_05_with_075": 0.46153846153846156,
        "precision_at_05_with_10": 0.4166666666666667,
        "recall_at_05_with_10": 0.38461538461538464,
        "precision_at_05_with_15": 0.375,
        "recall_at_05_with_15": 0.23076923076923078
    },
    "p53": {
        "pearson": [
            -0.7371921208052679,
            2.5824455839085505e-08
        ],
        "spearman": [
            -0.6964343620922668,
            3.0249765811266363e-07
        ],
        "precision": 0.42857142857142855,
        "recall": 0.5454545454545454,
        "auroc": 0.7917888563049853,
        "accuracy": 0.6904761904761905,
        "1/rmse": 0.5966210741532306,
        "count": 42,
        "num_structures": 1,
        "num_stabilizing": 11,
        "num_destabilizing": 31,
        "precision_at_05_with_00": 0.07142857142857142,
        "recall_at_05_with_00": 0.5,
        "precision_at_05_with_025": 0.09090909090909091,
        "recall_at_05_with_025": 0.5,
        "precision_at_05_with_05": 0.09090909090909091,
        "recall_at_05_with_05": 0.5,
        "precision_at_05_with_075": 0.14285714285714285,
        "recall_at_05_with_075": 0.5,
        "precision_at_05_with_10": 0.16666666666666666,
        "recall_at_05_with_10": 0.5,
        "precision_at_05_with_15": 0.0,
        "recall_at_05_with_15": 0.0
    },
    "s669": {
        "pearson": [
            -0.36112364996354823,
            2.3113240675883136e-21
        ],
        "spearman": [
            -0.34863910387533475,
            6.291642724890807e-20
        ],
        "precision": 0.3698630136986301,
        "recall": 0.49390243902439024,
        "auroc": 0.6453062667272635,
        "accuracy": 0.6584234930448223,
        "1/rmse": 0.43848212765977373,
        "count": 647,
        "num_structures": 90,
        "num_stabilizing": 164,
        "num_destabilizing": 483,
        "precision_at_05_with_00": 0.2009132420091324,
        "recall_at_05_with_00": 0.5116279069767442,
        "precision_at_05_with_025": 0.1989247311827957,
        "recall_at_05_with_025": 0.43023255813953487,
        "precision_at_05_with_05": 0.20382165605095542,
        "recall_at_05_with_05": 0.37209302325581395,
        "precision_at_05_with_075": 0.224,
        "recall_at_05_with_075": 0.32558139534883723,
        "precision_at_05_with_10": 0.23232323232323232,
        "recall_at_05_with_10": 0.26744186046511625,
        "precision_at_05_with_15": 0.21568627450980393,
        "recall_at_05_with_15": 0.12790697674418605
    },
    "ssym": {
        "pearson": [
            -0.6167936856377481,
            6.49089289119829e-37
        ],
        "spearman": [
            -0.6251355647559782,
            3.737316990540858e-38
        ],
        "precision": 0.5510204081632653,
        "recall": 0.627906976744186,
        "auroc": 0.8121610442136226,
        "accuracy": 0.775811209439528,
        "1/rmse": 0.541219043049631,
        "count": 339,
        "num_structures": 15,
        "num_stabilizing": 86,
        "num_destabilizing": 253,
        "precision_at_05_with_00": 0.336734693877551,
        "recall_at_05_with_00": 0.673469387755102,
        "precision_at_05_with_025": 0.375,
        "recall_at_05_with_025": 0.6122448979591837,
        "precision_at_05_with_05": 0.38235294117647056,
        "recall_at_05_with_05": 0.5306122448979592,
        "precision_at_05_with_075": 0.38461538461538464,
        "recall_at_05_with_075": 0.40816326530612246,
        "precision_at_05_with_10": 0.42857142857142855,
        "recall_at_05_with_10": 0.3673469387755102,
        "precision_at_05_with_15": 0.5555555555555556,
        "recall_at_05_with_15": 0.30612244897959184
    },
    "t2226": {
        "pearson": [
            -0.48406475846929,
            3.210594385045476e-100
        ],
        "spearman": [
            -0.4590898730562148,
            4.59279288819974e-89
        ],
        "precision": 0.33406113537117904,
        "recall": 0.5294117647058824,
        "auroc": 0.7475895528820696,
        "accuracy": 0.7396694214876033,
        "1/rmse": 0.4391969876937259,
        "count": 1694,
        "num_structures": 37,
        "num_stabilizing": 289,
        "num_destabilizing": 1405,
        "precision_at_05_with_00": 0.16593886462882096,
        "recall_at_05_with_00": 0.5390070921985816,
        "precision_at_05_with_025": 0.18181818181818182,
        "recall_at_05_with_025": 0.48226950354609927,
        "precision_at_05_with_05": 0.2041522491349481,
        "recall_at_05_with_05": 0.41843971631205673,
        "precision_at_05_with_075": 0.22169811320754718,
        "recall_at_05_with_075": 0.3333333333333333,
        "precision_at_05_with_10": 0.21476510067114093,
        "recall_at_05_with_10": 0.22695035460992907,
        "precision_at_05_with_15": 0.23863636363636365,
        "recall_at_05_with_15": 0.14893617021276595
    },
    "overall": {
        "pearson": [
            -0.48072973256782353,
            6.716863755203008e-164
        ],
        "spearman": [
            -0.46233997971456287,
            3.676780426205525e-150
        ],
        "precision": 0.3762135922330097,
        "recall": 0.5326460481099656,
        "f1_score": 0.44096728307254623,
        "precision_at_05": 0.1966019417475728,
        "recall_at_05": 0.5567010309278351,
        "auroc": 0.7318634337111419,
        "accuracy": 0.7227513227513227,
        "1/rmse": 0.45136958453716225,
        "count": 2835,
        "num_structures": 128,
        "num_stabilizing": 582,
        "num_destabilizing": 2253,
        "precision_at_05_with_00": 0.1966019417475728,
        "recall_at_05_with_00": 0.5567010309278351,
        "precision_at_05_with_025": 0.21029411764705883,
        "recall_at_05_with_025": 0.49140893470790376,
        "precision_at_05_with_05": 0.22893772893772893,
        "recall_at_05_with_05": 0.42955326460481097,
        "precision_at_05_with_075": 0.24757281553398058,
        "recall_at_05_with_075": 0.35051546391752575,
        "precision_at_05_with_10": 0.2564935064935065,
        "recall_at_05_with_10": 0.27147766323024053,
        "precision_at_05_with_15": 0.27932960893854747,
        "recall_at_05_with_15": 0.1718213058419244
    },
    "per-structure": {
        "pearson": [
            -0.4350396237912922,
            0.2533068738209771,
            1.0740916202099335e-174
        ],
        "spearman": [
            -0.41758404979959163,
            0.23068063801548025,
            1.5523530041847986e-143
        ],
        "auroc": 0.7461994463051955,
        "count": 2582,
        "num_structures": 43
    }
}