{
    "overall": {
        "pearson": [
            -0.5672362696539799,
            2.8224215343249793e-31
        ],
        "spearman": [
            -0.5671559235715204,
            2.8897864280450833e-31
        ],
        "count": 351
    }
}