{
    "attenuated": {
        "pearson": [
            0.10292992188921857,
            7.682375762384463e-09
        ],
        "spearman": [
            0.09935348900569195,
            2.4953305626900023e-08
        ],
        "count": 3134
    },
    "regulated": {
        "pearson": [
            0.1875414143782718,
            3.356374142232843e-26
        ],
        "spearman": [
            0.19585606490714771,
            1.8052632226043514e-28
        ],
        "count": 3134
    },
    "unregulated": {
        "pearson": [
            0.19078272516069772,
            4.504161793548743e-27
        ],
        "spearman": [
            0.1856756506825474,
            1.0490690974998766e-25
        ],
        "count": 3134
    }
}