{
    "attenuated": {
        "pearson": [
            0.09167913905748282,
            2.730229375551948e-07
        ],
        "spearman": [
            0.07855758333520915,
            1.068269359376872e-05
        ],
        "count": 3134
    },
    "regulated": {
        "pearson": [
            0.18637105019379316,
            6.869806359859291e-26
        ],
        "spearman": [
            0.16640414890435987,
            6.762349352115534e-21
        ],
        "count": 3134
    },
    "unregulated": {
        "pearson": [
            0.17595220291812208,
            3.28134183111226e-23
        ],
        "spearman": [
            0.1431740789730695,
            8.04486297985445e-16
        ],
        "count": 3134
    }
}