{
    "attenuated": {
        "pearson": [
            0.09798284590093358,
            3.877749399935733e-08
        ],
        "spearman": [
            0.10793716792874848,
            1.379546027135895e-09
        ],
        "count": 3134
    },
    "regulated": {
        "pearson": [
            0.19453747412996966,
            4.201382026902068e-28
        ],
        "spearman": [
            0.20043743396575972,
            9.149788455318015e-30
        ],
        "count": 3134
    },
    "unregulated": {
        "pearson": [
            0.19148130600621066,
            2.907703339050478e-27
        ],
        "spearman": [
            0.19297017818333237,
            1.1376632634006833e-27
        ],
        "count": 3134
    }
}