{
    "selection_coefficient": {
        "pearson": [
            0.30456278218876026,
            1.2049520201153022e-28
        ],
        "spearman": [
            0.2726256157378463,
            4.595151476909278e-23
        ],
        "count": 1269
    }
}