{
    "selection_coefficient": {
        "pearson": [
            0.2937248735317435,
            1.1371238121013292e-26
        ],
        "spearman": [
            0.2625537532996098,
            1.886811970052753e-21
        ],
        "count": 1269
    }
}