{
    "selection_coefficient": {
        "pearson": [
            0.3203529544057029,
            1.1235462477671276e-31
        ],
        "spearman": [
            0.2781566643291067,
            5.582348738403323e-24
        ],
        "count": 1269
    }
}