{
    "Overall": {
        "all_types_of_mutations": {
            "Pr": -0.314886918266181,
            "Pr_pval": 1.0707686277622606e-131,
            "Sr": -0.3196063468202034,
            "Sr_pval": 7.837192147172231e-136,
            "precision": 0.332875772134523,
            "recall": 0.3876898481215028,
            "f1": 0.3581979320531758,
            "auroc": 0.584925157140088,
            "accuracy": 0.695781550848941,
            "num": 5713.0,
            "num_struc": 331.0
        },
        "single_point_mutations": {
            "Pr": -0.3643151520182124,
            "Pr_pval": 4.2698241445093e-129,
            "Sr": -0.3079136687106748,
            "Sr_pval": 6.839497625126622e-91,
            "precision": 0.3156059285091543,
            "recall": 0.41043083900226757,
            "f1": 0.3568260226712666,
            "auroc": 0.5834722433224737,
            "accuracy": 0.6821724305893814,
            "num": 4106.0,
            "num_struc": 308.0
        },
        "multi_point_mutations": {
            "Pr": -0.3660789966818154,
            "Pr_pval": 3.858092401156406e-52,
            "Sr": -0.39305222854780064,
            "Sr_pval": 1.644338232632481e-60,
            "precision": 0.3967741935483871,
            "recall": 0.3333333333333333,
            "f1": 0.36229749631811486,
            "auroc": 0.5911416262789445,
            "accuracy": 0.730553827006845,
            "num": 1607.0,
            "num_struc": 142.0
        }
    },
    "Per-Structure": {
        "all_types_of_mutations": {
            "Pr": -0.27183637774821584,
            "Pr_std": 0.26732371599178456,
            "Pr_pval": 3.090710948661465e-103,
            "Sr": -0.27699140431459335,
            "Sr_std": 0.254860649698113,
            "Sr_pval": 0.27062129165742954,
            "precision": 0.36748085564206423,
            "recall": 0.2804864815929579,
            "f1": 0.6163738676958398,
            "auroc": 0.709464850054328,
            "accuracy": 2.2872535111373616e-84,
            "num": 5025.0,
            "num_struc": 116.0
        },
        "single_point_mutations": {
            "Pr": -0.3093300975678361,
            "Pr_std": 0.27105245410024703,
            "Pr_pval": 1.939536248652126e-98,
            "Sr": -0.2938503688227682,
            "Sr_std": 0.24827398771982284,
            "Sr_pval": 0.28420896653120664,
            "precision": 0.3829376967509085,
            "recall": 0.3009721964134287,
            "f1": 0.6134245395154758,
            "auroc": 0.702815064182056,
            "accuracy": 3.415481215979693e-57,
            "num": 3485.0,
            "num_struc": 93.0
        },
        "multi_point_mutations": {
            "Pr": -0.2582946523367719,
            "Pr_std": 0.31153686061451075,
            "Pr_pval": 1.916945449306326e-29,
            "Sr": -0.2422573797791279,
            "Sr_std": 0.29692104077883996,
            "Sr_pval": 0.27179460106289377,
            "precision": 0.2746678457044311,
            "recall": 0.2278001383172614,
            "f1": 0.5748504556849433,
            "auroc": 0.7251013363874226,
            "accuracy": 3.4760524467190186e-23,
            "num": 1304.0,
            "num_struc": 41.0
        }
    }
}