{
    "Overall": {
        "all_types_of_mutations": {
            "Pr": -0.314886918266181,
            "Pr_pval": 1.0707686277622606e-131,
            "Sr": -0.3196063468202034,
            "Sr_pval": 7.837192147172231e-136,
            "num": 5713.0,
            "num_struc": 331.0
        },
        "single_point_mutations": {
            "Pr": -0.3643151520182124,
            "Pr_pval": 4.2698241445093e-129,
            "Sr": -0.3079136687106748,
            "Sr_pval": 6.839497625126622e-91,
            "num": 4106.0,
            "num_struc": 308.0
        },
        "multi_point_mutations": {
            "Pr": -0.3660789966818154,
            "Pr_pval": 3.858092401156406e-52,
            "Sr": -0.39305222854780064,
            "Sr_pval": 1.644338232632481e-60,
            "num": 1607.0,
            "num_struc": 142.0
        }
    },
    "Per-Structure": {
        "all_types_of_mutations": {
            "Pr": -0.27183637774821584,
            "Pr_std": 0.26732371599178456,
            "Pr_pval": 3.0907109486618164e-103,
            "Sr": -0.27699140431459335,
            "Sr_std": 0.254860649698113,
            "Sr_pval": 2.2872535111373616e-84,
            "num": 5025.0,
            "num_struc": 116.0
        },
        "single_point_mutations": {
            "Pr": -0.3093300975678361,
            "Pr_std": 0.27105245410024703,
            "Pr_pval": 1.939536248652126e-98,
            "Sr": -0.2938503688227682,
            "Sr_std": 0.24827398771982284,
            "Sr_pval": 3.415481215979693e-57,
            "num": 3485.0,
            "num_struc": 93.0
        },
        "multi_point_mutations": {
            "Pr": -0.2582946523367719,
            "Pr_std": 0.31153686061451075,
            "Pr_pval": 1.916945449306326e-29,
            "Sr": -0.2422573797791279,
            "Sr_std": 0.29692104077883996,
            "Sr_pval": 3.4760524467190186e-23,
            "num": 1304.0,
            "num_struc": 41.0
        }
    }
}