{
    "Overall": {
        "all_types_of_mutations": {
            "Pr": -0.21287206456611554,
            "Pr_pval": 3.481387402373807e-05,
            "Sr": -0.2903023486977407,
            "Sr_pval": 1.1730564343528359e-08,
            "num": 372.0,
            "num_struc": 39.0
        },
        "single_point_mutations": {
            "Pr": -0.19562208706669157,
            "Pr_pval": 0.0014935051033170999,
            "Sr": -0.24066057085485465,
            "Sr_pval": 8.593969813307285e-05,
            "num": 261.0,
            "num_struc": 36.0
        },
        "multi_point_mutations": {
            "Pr": -0.3657775037067085,
            "Pr_pval": 7.887572453992509e-05,
            "Sr": -0.250635660717298,
            "Sr_pval": 0.007973056457713925,
            "num": 111.0,
            "num_struc": 16.0
        }
    },
    "Per-Structure": {
        "all_types_of_mutations": {
            "Pr": -0.16572829707313483,
            "Pr_std": 0.1641026498862924,
            "Pr_pval": 0.002557664479673918,
            "Sr": -0.1902371878478996,
            "Sr_std": 0.23272798422822655,
            "Sr_pval": 1.321029066513445e-06,
            "num": 266.0,
            "num_struc": 8.0
        },
        "single_point_mutations": {
            "Pr": -0.19624019509479626,
            "Pr_std": 0.17108321929299197,
            "Pr_pval": 0.023695979374285914,
            "Sr": -0.2609013468111939,
            "Sr_std": 0.17873322751181245,
            "Sr_pval": 0.0005499573817019633,
            "num": 180.0,
            "num_struc": 7.0
        },
        "multi_point_mutations": {
            "Pr": -0.14265976300440636,
            "Pr_std": 0.40979839702337145,
            "Pr_pval": 2.718560189117301e-05,
            "Sr": -0.07713291242471718,
            "Sr_std": 0.427048342389839,
            "Sr_pval": 9.049414171592405e-05,
            "num": 79.0,
            "num_struc": 2.0
        }
    }
}