{
    "Overall": {
        "all_types_of_mutations": {
            "Pr": -0.1774088352767509,
            "Pr_pval": 0.0005870480030630984,
            "Sr": -0.27104532940145654,
            "Sr_pval": 1.0970889619552305e-07,
            "num": 372.0,
            "num_struc": 39.0
        },
        "single_point_mutations": {
            "Pr": -0.19817148756000974,
            "Pr_pval": 0.0012901256928619204,
            "Sr": -0.24817150019440343,
            "Sr_pval": 5.041711066406263e-05,
            "num": 261.0,
            "num_struc": 36.0
        },
        "multi_point_mutations": {
            "Pr": -0.21907660106055488,
            "Pr_pval": 0.02088122151049831,
            "Sr": -0.18013930792166702,
            "Sr_pval": 0.05850311176967788,
            "num": 111.0,
            "num_struc": 16.0
        }
    },
    "Per-Structure": {
        "all_types_of_mutations": {
            "Pr": -0.2368230258259719,
            "Pr_std": 0.21068057264117626,
            "Pr_pval": 0.0011627752263346203,
            "Sr": -0.22786286986106952,
            "Sr_std": 0.2593998180236946,
            "Sr_pval": 3.0174746499475103e-06,
            "num": 266.0,
            "num_struc": 8.0
        },
        "single_point_mutations": {
            "Pr": -0.27657699735925984,
            "Pr_std": 0.23808433358351708,
            "Pr_pval": 0.002007902272678135,
            "Sr": -0.3064853116028256,
            "Sr_std": 0.23108056276992459,
            "Sr_pval": 0.0001775862926657161,
            "num": 180.0,
            "num_struc": 7.0
        },
        "multi_point_mutations": {
            "Pr": -0.1266763230248243,
            "Pr_std": 0.28969303988245065,
            "Pr_pval": 0.005032173310171849,
            "Sr": -0.09436078435286124,
            "Sr_std": 0.3402625808550066,
            "Sr_pval": 0.0018775214321643723,
            "num": 79.0,
            "num_struc": 2.0
        }
    }
}