{
    "SelectionTwo": {
        "pearson": [
            0.461584922308502,
            0.0
        ],
        "spearman": [
            0.5088613545260818,
            0.0
        ],
        "count": 8329
    }
}