{
    "1AMQ": {
        "pearson": [
            -0.26899621071581203,
            0.7310037892841881
        ],
        "spearman": [
            -0.39999999999999997,
            0.6
        ],
        "count": 4
    },
    "1BNI": {
        "pearson": [
            -0.18662893107668868,
            0.5415298239985834
        ],
        "spearman": [
            -0.19283819729436805,
            0.5279102337409401
        ],
        "count": 13
    },
    "1CEY": {
        "pearson": [
            -0.569107304908822,
            0.6145777906239998
        ],
        "spearman": [
            -0.5,
            0.6666666666666667
        ],
        "count": 3
    },
    "1EY0": {
        "pearson": [
            -0.8263943839737543,
            6.042339785820954e-08
        ],
        "spearman": [
            -0.6808162625362887,
            6.684238595674213e-05
        ],
        "count": 28
    },
    "1IHB": {
        "pearson": [
            0.20091040202834237,
            0.8712199788181317
        ],
        "spearman": [
            0.5,
            0.6666666666666667
        ],
        "count": 3
    },
    "1L63": {
        "pearson": [
            -0.4881427196616266,
            2.056740921558333e-08
        ],
        "spearman": [
            -0.5193213304253309,
            1.6870967126232405e-09
        ],
        "count": 118
    },
    "1LZ1": {
        "pearson": [
            -0.5823263870074892,
            6.872860348059081e-07
        ],
        "spearman": [
            -0.44594410109959864,
            0.0002806546275480527
        ],
        "count": 62
    },
    "1OH0": {
        "pearson": [
            -1.0,
            1.0
        ],
        "spearman": [
            -0.9999999999999999,
            NaN
        ],
        "count": 2
    },
    "1VQB": {
        "pearson": [
            -0.6896537611721603,
            0.19759413837796022
        ],
        "spearman": [
            -0.7,
            0.1881204043741873
        ],
        "count": 5
    },
    "2LZM": {
        "pearson": [
            -0.008718196034124335,
            0.9446115404114024
        ],
        "spearman": [
            -0.06784264637653958,
            0.5883354451334323
        ],
        "count": 66
    },
    "2RN2": {
        "pearson": [
            -0.057775019542008366,
            0.819871126656534
        ],
        "spearman": [
            -0.21014594093486444,
            0.40260797842339713
        ],
        "count": 18
    },
    "3ZCF": {
        "pearson": [
            -1.0,
            1.0
        ],
        "spearman": [
            -0.9999999999999999,
            NaN
        ],
        "count": 2
    },
    "4BVM": {
        "pearson": [
            -0.5099557577790778,
            0.3800611798474888
        ],
        "spearman": [
            -0.3,
            0.6238376647810728
        ],
        "count": 5
    },
    "4LYZ": {
        "pearson": [
            -0.41519819103257916,
            0.1398617971026671
        ],
        "spearman": [
            -0.5613345340315872,
            0.03673800341770098
        ],
        "count": 14
    },
    "5PTI": {
        "pearson": [
            -0.11629148961184896,
            0.8522674927055561
        ],
        "spearman": [
            0.09999999999999999,
            0.8728885715695383
        ],
        "count": 5
    },
    "overall": {
        "pearson": [
            -0.4785537221526713,
            1.5092978567986197e-21
        ],
        "spearman": [
            -0.44245491695835354,
            2.6344449834892807e-18
        ],
        "count": 352
    }
}