{
    "screenscore": {
        "pearson": [
            0.5591764094781025,
            1.7707794509961695e-119
        ],
        "spearman": [
            0.5792212752520556,
            4.655959303562281e-130
        ],
        "count": 1443
    }
}