{
    "screenscore": {
        "pearson": [
            0.4958110213947802,
            2.304864190462152e-112
        ],
        "spearman": [
            0.49504333303987497,
            5.716489012215856e-112
        ],
        "count": 1801
    }
}