{
    "screenscore": {
        "pearson": [
            0.3907987998241149,
            1.1479662569607524e-28
        ],
        "spearman": [
            0.3897142658715637,
            1.669782890181588e-28
        ],
        "count": 747
    }
}