{
    "screenscore": {
        "pearson": [
            0.33968835855560847,
            1.7220407844424115e-74
        ],
        "spearman": [
            0.39354348924210103,
            1.5856755334294666e-101
        ],
        "count": 2722
    }
}