{
    "screenscore": {
        "pearson": [
            0.35201304387550963,
            2.3186861059718552e-79
        ],
        "spearman": [
            0.4151196965968967,
            1.2302974369199904e-112
        ],
        "count": 2692
    }
}