{
    "enrichment": {
        "pearson": [
            0.4773881690556187,
            9.823781453988908e-199
        ],
        "spearman": [
            0.5365740261183051,
            3.032371892034129e-260
        ],
        "count": 3500
    }
}