{
    "enrichment": {
        "pearson": [
            0.48425051740127983,
            4.5442937536575525e-183
        ],
        "spearman": [
            0.5483879980241136,
            2.3606317459848082e-244
        ],
        "count": 3118
    }
}