{
    "enrichment": {
        "pearson": [
            0.484218750751001,
            4.838242513044337e-183
        ],
        "spearman": [
            0.5528413447898353,
            4.049738241371217e-249
        ],
        "count": 3118
    }
}