{
    "myoglobin": {
        "pearson": [
            -0.7693430964743199,
            2.5522898716693847e-93
        ],
        "spearman": [
            -0.823055247725328,
            2.6653421680719973e-117
        ],
        "precision": 0.85,
        "recall": 0.8018867924528302,
        "auroc": 0.9223246157208421,
        "accuracy": 0.8471337579617835,
        "count": 471,
        "num_stabilizing": 212,
        "num_destabilizing": 259
    },
    "p53": {
        "pearson": [
            -0.7608758980758383,
            1.0103014320280129e-11
        ],
        "spearman": [
            -0.6369307038547624,
            1.310548815539758e-07
        ],
        "precision": 0.6111111111111112,
        "recall": 0.5789473684210527,
        "auroc": 0.7908961593172119,
        "accuracy": 0.7321428571428571,
        "count": 56,
        "num_stabilizing": 19,
        "num_destabilizing": 37
    },
    "s669": {
        "pearson": [
            -0.6506153428547256,
            6.12214849621974e-141
        ],
        "spearman": [
            -0.6371605127881453,
            1.8151273317194012e-133
        ],
        "precision": 0.655940594059406,
        "recall": 0.6162790697674418,
        "auroc": 0.8059392747231828,
        "accuracy": 0.7386070507308684,
        "count": 1163,
        "num_stabilizing": 430,
        "num_destabilizing": 733
    },
    "ssym": {
        "pearson": [
            -0.7188433138509042,
            1.9155537692674715e-294
        ],
        "spearman": [
            -0.7098951138483937,
            5.984764070923435e-284
        ],
        "precision": 0.72,
        "recall": 0.7281921618204804,
        "auroc": 0.8445792736618725,
        "accuracy": 0.7629589632829373,
        "count": 1852,
        "num_stabilizing": 791,
        "num_destabilizing": 1061
    },
    "t2226": {
        "pearson": [
            -0.6977379418633037,
            0.0
        ],
        "spearman": [
            -0.7035360140828725,
            0.0
        ],
        "precision": 0.7344010677344011,
        "recall": 0.7428282146473169,
        "auroc": 0.8463407508025985,
        "accuracy": 0.7720555961960498,
        "count": 6835,
        "num_stabilizing": 2963,
        "num_destabilizing": 3872
    },
    "overall": {
        "pearson": [
            -0.6993846882962858,
            0.0
        ],
        "spearman": [
            -0.704369236629481,
            0.0
        ],
        "precision": 0.7293505317945237,
        "recall": 0.7300113250283126,
        "auroc": 0.8462622277823726,
        "accuracy": 0.7698756866146285,
        "count": 10377,
        "num_stabilizing": 4415,
        "num_destabilizing": 5962
    }
}