{
    "enrichment": {
        "pearson": [
            0.5400191009671399,
            1.3697457682305017e-235
        ],
        "spearman": [
            0.594198750855383,
            4.946806853646472e-297
        ],
        "count": 3118
    }
}