{
    "enrichment": {
        "pearson": [
            0.5283967931201008,
            5.265313975593342e-251
        ],
        "spearman": [
            0.5688503011087452,
            2.578217121606695e-299
        ],
        "count": 3500
    }
}