{
    "enrichment": {
        "pearson": [
            0.5400027794269073,
            1.4239358715474411e-235
        ],
        "spearman": [
            0.5918270557397851,
            4.282756895700177e-294
        ],
        "count": 3118
    }
}