{
    "function_score": {
        "pearson": [
            0.47321753909236386,
            5.1389709927936377e-82
        ],
        "spearman": [
            0.39112679276941154,
            2.3859666859479595e-54
        ],
        "count": 1454
    }
}