{
    "function_score": {
        "pearson": [
            0.5416460831895762,
            3.360202876626196e-114
        ],
        "spearman": [
            0.4644263120349406,
            1.784619306067092e-80
        ],
        "count": 1488
    }
}