{
    "log2_ratio": {
        "pearson": [
            0.3604016356788217,
            5.81589634038826e-29
        ],
        "spearman": [
            0.2764532149627362,
            3.1054441285411906e-17
        ],
        "count": 899
    }
}