{
    "log2_ratio": {
        "pearson": [
            0.2898825398150719,
            7.268164209429188e-19
        ],
        "spearman": [
            0.23465634447719153,
            1.035425423720204e-12
        ],
        "count": 899
    }
}