{
    "myoglobin": {
        "pearson": [
            -0.7443330836444503,
            3.466258435733282e-21
        ],
        "spearman": [
            -0.7877257959096157,
            4.217949573859597e-25
        ],
        "precision": 0.8,
        "recall": 0.625,
        "auroc": 0.8993055555555555,
        "accuracy": 0.8495575221238938,
        "count": 113,
        "num_stabilizing": 32,
        "num_destabilizing": 81
    },
    "p53": {
        "pearson": [
            -0.8043552823436287,
            1.3901885857341608e-10
        ],
        "spearman": [
            -0.7311993541026909,
            3.811646853067714e-08
        ],
        "precision": 0.6666666666666666,
        "recall": 0.5454545454545454,
        "auroc": 0.8181818181818181,
        "accuracy": 0.8095238095238095,
        "count": 42,
        "num_stabilizing": 11,
        "num_destabilizing": 31
    },
    "s669": {
        "pearson": [
            -0.5410795799625252,
            1.209243845650195e-45
        ],
        "spearman": [
            -0.5694120442146696,
            2.085777523576934e-51
        ],
        "precision": 0.5727272727272728,
        "recall": 0.45652173913043476,
        "auroc": 0.7869565217391306,
        "accuracy": 0.79073756432247,
        "count": 583,
        "num_stabilizing": 138,
        "num_destabilizing": 445
    },
    "ssym": {
        "pearson": [
            -0.7036001239716146,
            6.110505389878598e-52
        ],
        "spearman": [
            -0.719426692774004,
            2.738974641517377e-55
        ],
        "precision": 0.6511627906976745,
        "recall": 0.6511627906976745,
        "auroc": 0.8638202040628734,
        "accuracy": 0.8230088495575221,
        "count": 339,
        "num_stabilizing": 86,
        "num_destabilizing": 253
    },
    "t2226": {
        "pearson": [
            -0.5813546382340827,
            1.94391628294465e-149
        ],
        "spearman": [
            -0.6115378823440418,
            2.010829389538806e-169
        ],
        "precision": 0.4434782608695652,
        "recall": 0.5425531914893617,
        "auroc": 0.8204722239554085,
        "accuracy": 0.8049817739975699,
        "count": 1646,
        "num_stabilizing": 282,
        "num_destabilizing": 1364
    },
    "overall": {
        "pearson": [
            -0.588833611756563,
            7.118420575048122e-254
        ],
        "spearman": [
            -0.622280115207471,
            1.0141190327202536e-291
        ],
        "precision": 0.5182608695652174,
        "recall": 0.5428051001821493,
        "auroc": 0.8229766255615714,
        "accuracy": 0.8060962174072714,
        "count": 2723,
        "num_stabilizing": 549,
        "num_destabilizing": 2174
    }
}