{
    "myoglobin": {
        "pearson": [
            -0.6103474092740065,
            2.0679330420053548e-49
        ],
        "spearman": [
            -0.7071822008577991,
            1.2659357048864797e-72
        ],
        "precision": 0.7989949748743719,
        "recall": 0.75,
        "auroc": 0.8789611714140015,
        "accuracy": 0.802547770700637,
        "count": 471,
        "num_stabilizing": 212,
        "num_destabilizing": 259
    },
    "p53": {
        "pearson": [
            -0.7260545901851059,
            2.418006023695207e-10
        ],
        "spearman": [
            -0.638229516129862,
            1.2131528900809672e-07
        ],
        "precision": 0.7333333333333333,
        "recall": 0.5789473684210527,
        "auroc": 0.7994310099573256,
        "accuracy": 0.7857142857142857,
        "count": 56,
        "num_stabilizing": 19,
        "num_destabilizing": 37
    },
    "s669": {
        "pearson": [
            -0.4338914802566483,
            9.191127395872956e-58
        ],
        "spearman": [
            -0.4309100684001741,
            6.516962244976022e-57
        ],
        "precision": 0.5605381165919282,
        "recall": 0.5274261603375527,
        "auroc": 0.6963359517019396,
        "accuracy": 0.6593673965936739,
        "count": 1233,
        "num_stabilizing": 474,
        "num_destabilizing": 759
    },
    "ssym": {
        "pearson": [
            -0.6538598239750376,
            2.3545172718251216e-226
        ],
        "spearman": [
            -0.6349475868820754,
            1.3640805915473133e-209
        ],
        "precision": 0.6724565756823822,
        "recall": 0.6852085967130215,
        "auroc": 0.8021068786334482,
        "accuracy": 0.7230021598272138,
        "count": 1852,
        "num_stabilizing": 791,
        "num_destabilizing": 1061
    },
    "t2226": {
        "pearson": [
            -0.663104384265198,
            0.0
        ],
        "spearman": [
            -0.6506974161823473,
            0.0
        ],
        "precision": 0.68827678871347,
        "recall": 0.6894347240915208,
        "auroc": 0.8078927804678488,
        "accuracy": 0.731232757368956,
        "count": 6887,
        "num_stabilizing": 2972,
        "num_destabilizing": 3915
    },
    "overall": {
        "pearson": [
            -0.6429126255592169,
            0.0
        ],
        "spearman": [
            -0.6299505309041031,
            0.0
        ],
        "precision": 0.6776952509565609,
        "recall": 0.6739033124440466,
        "auroc": 0.7993761566433765,
        "accuracy": 0.7248309362796457,
        "count": 10499,
        "num_stabilizing": 4468,
        "num_destabilizing": 6031
    }
}