{
    "selection_coefficient": {
        "pearson": [
            0.30571022945521203,
            7.360800943901241e-29
        ],
        "spearman": [
            0.27155851491889094,
            6.862897688859527e-23
        ],
        "count": 1269
    }
}