{
    "selection_coefficient": {
        "pearson": [
            0.32044657071471433,
            1.0766467547904158e-31
        ],
        "spearman": [
            0.2882739362988118,
            1.0408165770035504e-25
        ],
        "count": 1269
    }
}