{
    "selection_coefficient": {
        "pearson": [
            0.3613321230285557,
            1.9875633538680236e-40
        ],
        "spearman": [
            0.2728568839467609,
            4.2115488366687567e-23
        ],
        "count": 1269
    }
}