{
    "myoglobin": {
        "pearson": [
            -0.6687552339932812,
            5.747334862348682e-16
        ],
        "spearman": [
            -0.7075571159998435,
            1.9359292020699583e-18
        ],
        "precision": 0.8,
        "recall": 0.5,
        "auroc": 0.8572530864197531,
        "accuracy": 0.8230088495575221,
        "count": 113,
        "num_stabilizing": 32,
        "num_destabilizing": 81
    },
    "p53": {
        "pearson": [
            -0.7265448890452029,
            5.121412157684349e-08
        ],
        "spearman": [
            -0.6589141026497815,
            2.0917863463513165e-06
        ],
        "precision": 0.75,
        "recall": 0.5454545454545454,
        "auroc": 0.782991202346041,
        "accuracy": 0.8333333333333334,
        "count": 42,
        "num_stabilizing": 11,
        "num_destabilizing": 31
    },
    "s669": {
        "pearson": [
            -0.3977582817563069,
            8.015560016429611e-25
        ],
        "spearman": [
            -0.40632669287024464,
            6.271001107819493e-26
        ],
        "precision": 0.4782608695652174,
        "recall": 0.4024390243902439,
        "auroc": 0.6910972917676197,
        "accuracy": 0.7244732576985413,
        "count": 617,
        "num_stabilizing": 164,
        "num_destabilizing": 453
    },
    "ssym": {
        "pearson": [
            -0.6753962406219857,
            1.7124084177374987e-46
        ],
        "spearman": [
            -0.6725793234407754,
            5.5534526241157744e-46
        ],
        "precision": 0.6021505376344086,
        "recall": 0.6511627906976745,
        "auroc": 0.8399209486166008,
        "accuracy": 0.8023598820058997,
        "count": 339,
        "num_stabilizing": 86,
        "num_destabilizing": 253
    },
    "t2226": {
        "pearson": [
            -0.5710355952850368,
            3.40599612799164e-147
        ],
        "spearman": [
            -0.5861453919635343,
            7.287682017012181e-157
        ],
        "precision": 0.4035608308605341,
        "recall": 0.47058823529411764,
        "auroc": 0.780995948724895,
        "accuracy": 0.7910271546635183,
        "count": 1694,
        "num_stabilizing": 289,
        "num_destabilizing": 1405
    },
    "overall": {
        "pearson": [
            -0.5531788893058655,
            1.2420366565528883e-224
        ],
        "spearman": [
            -0.5588229347999298,
            3.632367418777262e-230
        ],
        "precision": 0.4697986577181208,
        "recall": 0.48109965635738833,
        "auroc": 0.7702861987994924,
        "accuracy": 0.7796791443850267,
        "count": 2805,
        "num_stabilizing": 582,
        "num_destabilizing": 2223
    }
}