{
    "CRIPT": {
        "pearson": [
            0.29120447691606743,
            8.734364600775653e-34
        ],
        "spearman": [
            0.2838012020064145,
            4.187905300276386e-32
        ],
        "count": 1659
    },
    "Tm2F": {
        "pearson": [
            0.1712783176264861,
            2.171444079282462e-12
        ],
        "spearman": [
            0.1623392720707821,
            2.9032763329884088e-11
        ],
        "count": 1659
    }
}