{
    "fitness": {
        "pearson": [
            0.2720196177488171,
            3.544841665918868e-27
        ],
        "spearman": [
            0.2935327901262846,
            1.4461613542695803e-31
        ],
        "count": 1519
    }
}