{
    "ETP_AVERAGE": {
        "pearson": [
            0.09953759161632081,
            1.0218623712801915e-15
        ],
        "spearman": [
            0.10431014818095463,
            4.06507967036577e-17
        ],
        "count": 6469
    },
    "DOX_Average": {
        "pearson": [
            -0.05607601137422185,
            6.395372534394496e-06
        ],
        "spearman": [
            -0.07426823123132935,
            2.2244463187520507e-09
        ],
        "count": 6469
    },
    "SCH_Average": {
        "pearson": [
            0.12171296496361875,
            8.871893672199525e-23
        ],
        "spearman": [
            0.12161964116325924,
            9.565587181765848e-23
        ],
        "count": 6469
    },
    "VRT_AVERAGE": {
        "pearson": [
            0.12197975072894693,
            7.151714355222874e-23
        ],
        "spearman": [
            0.130336860845254,
            6.562633652873409e-26
        ],
        "count": 6469
    }
}