{
    "ETP_AVERAGE": {
        "pearson": [
            0.08847909297518855,
            2.5929210396984347e-13
        ],
        "spearman": [
            0.09550343441006683,
            2.8516095884319038e-15
        ],
        "count": 6809
    },
    "DOX_Average": {
        "pearson": [
            -0.05864976541671691,
            1.2798129760396008e-06
        ],
        "spearman": [
            -0.06711871817261543,
            2.9623460896198565e-08
        ],
        "count": 6809
    },
    "SCH_Average": {
        "pearson": [
            0.10813486571464119,
            3.635035149836224e-19
        ],
        "spearman": [
            0.10821767752116164,
            3.414975721487499e-19
        ],
        "count": 6809
    },
    "VRT_AVERAGE": {
        "pearson": [
            0.11426670072026231,
            3.1338465276238713e-21
        ],
        "spearman": [
            0.11930190851041281,
            5.1917841732809165e-23
        ],
        "count": 6809
    }
}