{
    "acetamide_normalized_fitness": {
        "pearson": [
            0.29423167703153325,
            3.890659795167953e-132
        ],
        "spearman": [
            0.42894543700714427,
            3.9237423356720824e-294
        ],
        "count": 6610
    },
    "isobutyramide_normalized_fitness": {
        "pearson": [
            0.4615346898223615,
            0.0
        ],
        "spearman": [
            0.47975405635603247,
            0.0
        ],
        "count": 6548
    },
    "propionamide_normalized_fitness": {
        "pearson": [
            0.3696305254508985,
            3.9079700452992335e-213
        ],
        "spearman": [
            0.4323606763024526,
            2.308529990952936e-299
        ],
        "count": 6611
    }
}