{
    "acetamide_normalized_fitness": {
        "pearson": [
            0.27953090434514277,
            2.919502202969465e-119
        ],
        "spearman": [
            0.4103134955275231,
            1.2262534330688873e-267
        ],
        "count": 6629
    },
    "isobutyramide_normalized_fitness": {
        "pearson": [
            0.4440855604414299,
            1.41327718e-315
        ],
        "spearman": [
            0.4637506264772853,
            0.0
        ],
        "count": 6568
    },
    "propionamide_normalized_fitness": {
        "pearson": [
            0.35395890870144797,
            5.69388741627378e-195
        ],
        "spearman": [
            0.41540827591340934,
            5.047289546784946e-275
        ],
        "count": 6631
    }
}