{
    "Overall": {
        "all_types_of_mutations": {
            "Pr": -0.2638794740684017,
            "Pr_pval": 1.2425876744399797e-91,
            "Sr": -0.24976697565423422,
            "Sr_pval": 5.532428957826883e-82,
            "precision": 0.3070110701107011,
            "recall": 0.33253397282174263,
            "f1": 0.3192632386799693,
            "auroc": 0.5610451128115885,
            "accuracy": 0.6894801330299317,
            "num": 5713.0,
            "num_struc": 331.0
        },
        "single_point_mutations": {
            "Pr": -0.2883499975919039,
            "Pr_pval": 1.8813954634849613e-79,
            "Sr": -0.22621555055272904,
            "Sr_pval": 8.437163787438557e-49,
            "precision": 0.29395604395604397,
            "recall": 0.36394557823129253,
            "f1": 0.3252279635258359,
            "auroc": 0.5624008288178796,
            "accuracy": 0.6755966877739893,
            "num": 4106.0,
            "num_struc": 308.0
        },
        "multi_point_mutations": {
            "Pr": -0.16147695434548742,
            "Pr_pval": 7.468822986378712e-11,
            "Sr": -0.16898682128658382,
            "Sr_pval": 9.227733402069068e-12,
            "precision": 0.3612167300380228,
            "recall": 0.25745257452574527,
            "f1": 0.30063291139240506,
            "auroc": 0.5608749140803201,
            "accuracy": 0.7249533291848165,
            "num": 1607.0,
            "num_struc": 142.0
        }
    },
    "Per-Structure": {
        "all_types_of_mutations": {
            "Pr": -0.24472590085640766,
            "Pr_std": 0.26865093694240616,
            "Pr_pval": 1.0760841859405803e-82,
            "Sr": -0.25370675512981145,
            "Sr_std": 0.25685690471254696,
            "Sr_pval": 0.24493065293813654,
            "precision": 0.3415448616281137,
            "recall": 0.24895014691576695,
            "f1": 0.5915552546085774,
            "auroc": 0.6931337574414914,
            "accuracy": 7.381017289769449e-62,
            "num": 5025.0,
            "num_struc": 116.0
        },
        "single_point_mutations": {
            "Pr": -0.21797957980907734,
            "Pr_std": 0.23504979671649537,
            "Pr_pval": 1.6721954911702372e-27,
            "Sr": -0.22739945768968578,
            "Sr_std": 0.22439000730894443,
            "Sr_pval": 0.24528084923143648,
            "precision": 0.3542308915935377,
            "recall": 0.2564276582289904,
            "f1": 0.5832889504370412,
            "auroc": 0.677008485760563,
            "accuracy": 5.641996975402506e-17,
            "num": 3485.0,
            "num_struc": 93.0
        },
        "multi_point_mutations": {
            "Pr": -0.15490024457076834,
            "Pr_std": 0.31159080855914684,
            "Pr_pval": 2.0668195261499928e-13,
            "Sr": -0.1559777288749546,
            "Sr_std": 0.29307963452248204,
            "Sr_pval": 0.24894160916399083,
            "precision": 0.21706107239643826,
            "recall": 0.18569882744918612,
            "f1": 0.540268149298811,
            "auroc": 0.7216449349362801,
            "accuracy": 1.968499540770705e-11,
            "num": 1304.0,
            "num_struc": 41.0
        }
    }
}