{
    "fitness": {
        "pearson": [
            0.35435482138295055,
            3.6259395550792845e-46
        ],
        "spearman": [
            0.3422739368336193,
            5.364916309716046e-43
        ],
        "count": 1519
    }
}