{
    "fitness": {
        "pearson": [
            0.3705024613331749,
            1.2621932179134371e-50
        ],
        "spearman": [
            0.35701052808621747,
            6.978440960287986e-47
        ],
        "count": 1519
    }
}