{
    "CRIPT": {
        "pearson": [
            0.5110917976957753,
            4.469740136222667e-111
        ],
        "spearman": [
            0.40748029745941167,
            2.2363190390533885e-67
        ],
        "count": 1659
    },
    "Tm2F": {
        "pearson": [
            0.3727982876597308,
            7.554429920856965e-56
        ],
        "spearman": [
            0.2921916375813279,
            5.167635065614813e-34
        ],
        "count": 1659
    }
}