{
    "NONSEL_24h": {
        "pearson": [
            -0.20227687177746148,
            1.796016268170254e-11
        ],
        "spearman": [
            -0.2538624375476798,
            2.1023885306373482e-17
        ],
        "count": 1084
    },
    "SEL_A_24h": {
        "pearson": [
            0.35323323995217015,
            3.318996707865765e-33
        ],
        "spearman": [
            0.3444136293718982,
            1.5059317785898312e-31
        ],
        "count": 1084
    },
    "SEL_A_40h": {
        "pearson": [
            0.3307812622852702,
            4.3254725321719983e-29
        ],
        "spearman": [
            0.33537582077805633,
            6.626383546013455e-30
        ],
        "count": 1084
    },
    "SEL_B_40h": {
        "pearson": [
            0.30572579464369565,
            6.915153590847206e-25
        ],
        "spearman": [
            0.3138111743197972,
            3.363573451800545e-26
        ],
        "count": 1084
    },
    "SEL_C_40h": {
        "pearson": [
            0.3069419152084254,
            4.414919930970911e-25
        ],
        "spearman": [
            0.3176361830048292,
            7.786080615747529e-27
        ],
        "count": 1084
    },
    "SEL_C_64h": {
        "pearson": [
            0.3001318938764769,
            5.301668595169054e-24
        ],
        "spearman": [
            0.3103067093233226,
            1.261604868491816e-25
        ],
        "count": 1084
    }
}