{
    "screenscore": {
        "pearson": [
            0.49318804799274496,
            5.085594697834415e-111
        ],
        "spearman": [
            0.45421662914201244,
            2.2429462369543626e-92
        ],
        "count": 1801
    }
}