{
    "screenscore": {
        "pearson": [
            0.4887743788162431,
            1.6258093386401515e-87
        ],
        "spearman": [
            0.4926464909291825,
            4.3791787159193445e-89
        ],
        "count": 1443
    }
}