{
    "screenscore": {
        "pearson": [
            0.38634224576077597,
            5.30586046671594e-28
        ],
        "spearman": [
            0.4026509679254327,
            1.744038448314777e-30
        ],
        "count": 747
    }
}