{
    "overall": {
        "pearson": [
            -0.5452811815219896,
            1.1787841261117533e-28
        ],
        "spearman": [
            -0.5382909923824443,
            7.794762032600593e-28
        ],
        "count": 352
    }
}