{
    "Overall": {
        "all_types_of_mutations": {
            "Pr": -0.2081912334306663,
            "Pr_pval": 5.451140007879102e-05,
            "Sr": -0.29572811166678026,
            "Sr_pval": 6.654552156847127e-09,
            "num": 370.0,
            "num_struc": 38.0
        },
        "single_point_mutations": {
            "Pr": -0.21609456944404803,
            "Pr_pval": 0.00046115040231892835,
            "Sr": -0.24721460590644687,
            "Sr_pval": 5.773032787201695e-05,
            "num": 259.0,
            "num_struc": 35.0
        },
        "multi_point_mutations": {
            "Pr": -0.3401051766600187,
            "Pr_pval": 0.000260037264074134,
            "Sr": -0.2335633193512807,
            "Sr_pval": 0.013620834693663752,
            "num": 111.0,
            "num_struc": 16.0
        }
    },
    "Per-Structure": {
        "all_types_of_mutations": {
            "Pr": -0.2063397544677793,
            "Pr_std": 0.21535113237123849,
            "Pr_pval": 0.0005203487516747741,
            "Sr": -0.25195940034583664,
            "Sr_std": 0.2578357152958849,
            "Sr_pval": 1.9729358488560124e-07,
            "num": 266.0,
            "num_struc": 8.0
        },
        "single_point_mutations": {
            "Pr": -0.24309256940226895,
            "Pr_std": 0.257156934045186,
            "Pr_pval": 0.0010905396461554063,
            "Sr": -0.31827524183718436,
            "Sr_std": 0.21532726691086604,
            "Sr_pval": 2.0052262041297068e-05,
            "num": 180.0,
            "num_struc": 7.0
        },
        "multi_point_mutations": {
            "Pr": -0.15739024781800992,
            "Pr_std": 0.34657562033129974,
            "Pr_pval": 0.0002967255929475656,
            "Sr": -0.07251662398261577,
            "Sr_std": 0.3670334882989784,
            "Sr_pval": 0.0011529104552226044,
            "num": 79.0,
            "num_struc": 2.0
        }
    }
}