{
    "Overall": {
        "all_types_of_mutations": {
            "Pr": -0.1852285939805668,
            "Pr_pval": 0.00034106341112775034,
            "Sr": -0.2742155921816937,
            "Sr_pval": 8.327751967979226e-08,
            "num": 370.0,
            "num_struc": 38.0
        },
        "single_point_mutations": {
            "Pr": -0.22016257387523816,
            "Pr_pval": 0.00035705574587488736,
            "Sr": -0.24379782512854653,
            "Sr_pval": 7.353091698041385e-05,
            "num": 259.0,
            "num_struc": 35.0
        },
        "multi_point_mutations": {
            "Pr": -0.23081390514923716,
            "Pr_pval": 0.014799315667854827,
            "Sr": -0.17926616581633747,
            "Sr_pval": 0.05975637395743763,
            "num": 111.0,
            "num_struc": 16.0
        }
    },
    "Per-Structure": {
        "all_types_of_mutations": {
            "Pr": -0.24821915921466664,
            "Pr_std": 0.2528382379758317,
            "Pr_pval": 0.0002144367077729416,
            "Sr": -0.2566660603963054,
            "Sr_std": 0.3024614040568282,
            "Sr_pval": 1.6979507632793344e-07,
            "num": 266.0,
            "num_struc": 8.0
        },
        "single_point_mutations": {
            "Pr": -0.29221158840094646,
            "Pr_std": 0.2848105288302149,
            "Pr_pval": 0.0002757503837745186,
            "Sr": -0.3457253094080071,
            "Sr_std": 0.26115710539437836,
            "Sr_pval": 1.0063888148378665e-05,
            "num": 180.0,
            "num_struc": 7.0
        },
        "multi_point_mutations": {
            "Pr": -0.09747924262205043,
            "Pr_std": 0.3311923742563158,
            "Pr_pval": 0.0023999576414321096,
            "Sr": -0.036842602226828836,
            "Sr_std": 0.37658278544013774,
            "Sr_pval": 0.0016417828559318916,
            "num": 79.0,
            "num_struc": 2.0
        }
    }
}