{
    "SelectionTwo": {
        "pearson": [
            0.48027543459041755,
            0.0
        ],
        "spearman": [
            0.48720670421662626,
            0.0
        ],
        "count": 8329
    }
}