{
    "screenscore": {
        "pearson": [
            0.16228203043883077,
            4.77335366158142e-13
        ],
        "spearman": [
            0.14026744233240018,
            4.3761414186424077e-10
        ],
        "count": 1962
    }
}