{
    "screenscore": {
        "pearson": [
            0.009899541615499014,
            0.6696211084458439
        ],
        "spearman": [
            0.02201278007393797,
            0.3427031584446354
        ],
        "count": 1860
    }
}