{
    "2LZM": {
        "pearson": [
            -0.8607812169574585,
            1.3211914816181863e-10
        ],
        "spearman": [
            -0.8512172206228795,
            3.4514219495798984e-10
        ],
        "count": 33
    }
}