{
    "2LZM": {
        "pearson": [
            -0.8663556537679369,
            7.301861227242384e-11
        ],
        "spearman": [
            -0.836832335385393,
            1.2988343075111024e-09
        ],
        "count": 33
    }
}