{
    "selection_coefficient": {
        "pearson": [
            0.32384457825060237,
            2.2671272419209773e-32
        ],
        "spearman": [
            0.2996940581485258,
            9.518593532600882e-28
        ],
        "count": 1269
    }
}