{
    "selection_coefficient": {
        "pearson": [
            0.3124683263428071,
            3.861529251488517e-30
        ],
        "spearman": [
            0.28139100468174216,
            1.5910906060669702e-24
        ],
        "count": 1269
    }
}