{
    "selection_coefficient": {
        "pearson": [
            0.37556163989822894,
            8.779830439358499e-44
        ],
        "spearman": [
            0.3004879270782833,
            6.81368261502623e-28
        ],
        "count": 1269
    }
}