{
    "myoglobin": {
        "pearson": [
            -0.46355855571496785,
            2.3327797801047187e-07
        ],
        "spearman": [
            -0.45506133179888364,
            4.109407527252476e-07
        ],
        "precision": 0.3333333333333333,
        "recall": 0.15625,
        "auroc": 0.6875,
        "accuracy": 0.672566371681416,
        "count": 113,
        "num_stabilizing": 32,
        "num_destabilizing": 81
    },
    "p53": {
        "pearson": [
            -0.828619656120522,
            1.2500423609778055e-11
        ],
        "spearman": [
            -0.8322528390374192,
            8.438658951674666e-12
        ],
        "precision": 0.7777777777777778,
        "recall": 0.6363636363636364,
        "auroc": 0.9266862170087977,
        "accuracy": 0.8571428571428571,
        "count": 42,
        "num_stabilizing": 11,
        "num_destabilizing": 31
    },
    "s669": {
        "pearson": [
            -0.30185679840011975,
            8.006953484720162e-15
        ],
        "spearman": [
            -0.3320329736938589,
            8.7939768722378e-18
        ],
        "precision": 0.45614035087719296,
        "recall": 0.325,
        "auroc": 0.6476793248945149,
        "accuracy": 0.7318611987381703,
        "count": 634,
        "num_stabilizing": 160,
        "num_destabilizing": 474
    },
    "ssym": {
        "pearson": [
            -0.5831366512238896,
            2.86663420991486e-32
        ],
        "spearman": [
            -0.6322384818395477,
            3.068855017329102e-39
        ],
        "precision": 0.6666666666666666,
        "recall": 0.4186046511627907,
        "auroc": 0.8030149829947606,
        "accuracy": 0.799410029498525,
        "count": 339,
        "num_stabilizing": 86,
        "num_destabilizing": 253
    },
    "t2226": {
        "pearson": [
            -0.4451491449625962,
            3.1432112734899746e-83
        ],
        "spearman": [
            -0.5186351590219513,
            2.85136281770355e-117
        ],
        "precision": 0.47391304347826085,
        "recall": 0.3771626297577855,
        "auroc": 0.7678089866886675,
        "accuracy": 0.8223140495867769,
        "count": 1694,
        "num_stabilizing": 289,
        "num_destabilizing": 1405
    },
    "overall": {
        "pearson": [
            -0.43944983459309056,
            1.3701373843437952e-133
        ],
        "spearman": [
            -0.49784677219530554,
            1.1677694898243214e-176
        ],
        "precision": 0.495260663507109,
        "recall": 0.3615916955017301,
        "auroc": 0.7426193031474937,
        "accuracy": 0.7937632884479093,
        "count": 2822,
        "num_stabilizing": 578,
        "num_destabilizing": 2244
    }
}