{
    "react_rel": {
        "pearson": [
            0.45697486659601344,
            5.951018569558723e-75
        ],
        "spearman": [
            0.41510755124199455,
            7.157196934173459e-61
        ],
        "count": 1435
    }
}