{
    "react_rel": {
        "pearson": [
            0.459183753284014,
            9.452905105941824e-76
        ],
        "spearman": [
            0.4074195262241652,
            1.7027388224904085e-58
        ],
        "count": 1435
    }
}