{
    "react_rel": {
        "pearson": [
            0.5325140935843875,
            6.731363282905378e-106
        ],
        "spearman": [
            0.4891394600778071,
            3.4688460798352313e-87
        ],
        "count": 1435
    }
}