{
    "selection_coefficient": {
        "pearson": [
            0.19058997963659996,
            7.618672863528986e-12
        ],
        "spearman": [
            0.2519528937045411,
            7.947218916198354e-20
        ],
        "count": 1269
    }
}