{
    "selection_coefficient": {
        "pearson": [
            0.21342831519554326,
            1.5398686544492856e-14
        ],
        "spearman": [
            0.24806818901806926,
            2.9981204977870027e-19
        ],
        "count": 1269
    }
}