{
    "selection_coefficient": {
        "pearson": [
            0.18290289165069412,
            5.217804899051722e-11
        ],
        "spearman": [
            0.24710646095588581,
            4.150231792391446e-19
        ],
        "count": 1269
    }
}