{
    "fitness": {
        "pearson": [
            0.031758930595522886,
            0.21605858276406614
        ],
        "spearman": [
            0.04356363978388602,
            0.0896451337104588
        ],
        "count": 1519
    }
}