{
    "fitness": {
        "pearson": [
            0.06730282386789176,
            0.008692932427381844
        ],
        "spearman": [
            0.07096603234481436,
            0.005656307820430432
        ],
        "count": 1519
    }
}