{
    "CRIPT": {
        "pearson": [
            0.45197984503514305,
            2.590321377144588e-84
        ],
        "spearman": [
            0.35392261817172405,
            3.870206924147479e-50
        ],
        "count": 1659
    },
    "Tm2F": {
        "pearson": [
            0.4028007946898769,
            9.699403593166974e-66
        ],
        "spearman": [
            0.2704805493397338,
            3.31419668558003e-29
        ],
        "count": 1659
    }
}