{
    "score": {
        "pearson": [
            0.5687626118396162,
            1.2013655616539741e-300
        ],
        "spearman": [
            0.5268106344784679,
            1.9203842129382837e-250
        ],
        "count": 3517
    }
}