{
    "score": {
        "pearson": [
            0.5743535702883561,
            0.0
        ],
        "spearman": [
            0.5212848317038314,
            6.981147718258138e-263
        ],
        "count": 3786
    }
}