{
    "score": {
        "pearson": [
            0.5634238720278045,
            7.466860921085267e-294
        ],
        "spearman": [
            0.5209332894409296,
            5.839939019312586e-244
        ],
        "count": 3517
    }
}