{
    "2LZM": {
        "pearson": [
            -0.7084436012285518,
            3.969298973046088e-06
        ],
        "spearman": [
            -0.7428287830194945,
            7.406773909635105e-07
        ],
        "count": 33
    }
}