{
    "2LZM": {
        "pearson": [
            -0.6989289576245233,
            6.060788382093306e-06
        ],
        "spearman": [
            -0.6938198135475936,
            7.5573275647534876e-06
        ],
        "count": 33
    }
}