{
    "SelectionTwo": {
        "pearson": [
            0.4302467952287052,
            0.0
        ],
        "spearman": [
            0.4469234926569322,
            0.0
        ],
        "count": 8329
    }
}