{
    "linear": {
        "pearson": [
            0.33873531195500617,
            3.609319295365102e-11
        ],
        "spearman": [
            0.3590181250024506,
            1.876670706643293e-12
        ],
        "count": 362
    }
}