{
    "Overall": {
        "all_types_of_mutations": {
            "Pr": -0.17451004915684967,
            "Pr_pval": 0.0007481035759861092,
            "Sr": -0.25474409970978446,
            "Sr_pval": 6.846054960992311e-07,
            "num": 370.0,
            "num_struc": 38.0
        },
        "single_point_mutations": {
            "Pr": -0.2579633553293821,
            "Pr_pval": 2.6363823624285027e-05,
            "Sr": -0.28653815041369163,
            "Sr_pval": 2.762197639772985e-06,
            "num": 259.0,
            "num_struc": 35.0
        },
        "multi_point_mutations": {
            "Pr": -0.19467611216426153,
            "Pr_pval": 0.040613431213705455,
            "Sr": -0.09758569630470082,
            "Sr_pval": 0.30823858610866794,
            "num": 111.0,
            "num_struc": 16.0
        }
    },
    "Per-Structure": {
        "all_types_of_mutations": {
            "Pr": -0.25964370467851633,
            "Pr_std": 0.2054665071530784,
            "Pr_pval": 0.00044344660311809,
            "Sr": -0.27096129190636686,
            "Sr_std": 0.26742433248660424,
            "Sr_pval": 1.041082841678996e-06,
            "num": 266.0,
            "num_struc": 8.0
        },
        "single_point_mutations": {
            "Pr": -0.3072223236958485,
            "Pr_std": 0.20742011681530292,
            "Pr_pval": 0.0006454656668007442,
            "Sr": -0.35453938427668413,
            "Sr_std": 0.19912127316150854,
            "Sr_pval": 2.6399090561201214e-05,
            "num": 180.0,
            "num_struc": 7.0
        },
        "multi_point_mutations": {
            "Pr": -0.061290481454997714,
            "Pr_std": 0.36679475336536066,
            "Pr_pval": 0.0014631933117215223,
            "Sr": -0.023954645005919428,
            "Sr_std": 0.36143366227438106,
            "Sr_pval": 0.0033930728165898058,
            "num": 79.0,
            "num_struc": 2.0
        }
    }
}