{
    "Overall": {
        "all_types_of_mutations": {
            "Pr": -0.18664879164117423,
            "Pr_pval": 0.0003063317468271628,
            "Sr": -0.2790123018070323,
            "Sr_pval": 4.828712836914421e-08,
            "num": 370.0,
            "num_struc": 38.0
        },
        "single_point_mutations": {
            "Pr": -0.25909412819367333,
            "Pr_pval": 2.4228105948143117e-05,
            "Sr": -0.2905517367292662,
            "Sr_pval": 1.970982468273123e-06,
            "num": 259.0,
            "num_struc": 35.0
        },
        "multi_point_mutations": {
            "Pr": -0.2134679768123283,
            "Pr_pval": 0.02447677373989042,
            "Sr": -0.18674710697004077,
            "Sr_pval": 0.049700620794433666,
            "num": 111.0,
            "num_struc": 16.0
        }
    },
    "Per-Structure": {
        "all_types_of_mutations": {
            "Pr": -0.28434776022891295,
            "Pr_std": 0.23123689901899885,
            "Pr_pval": 5.364101470669643e-05,
            "Sr": -0.32787754209204595,
            "Sr_std": 0.23281647073776732,
            "Sr_pval": 7.751204572308343e-08,
            "num": 266.0,
            "num_struc": 8.0
        },
        "single_point_mutations": {
            "Pr": -0.32790654162482735,
            "Pr_std": 0.24273940982034137,
            "Pr_pval": 0.0001693039341919955,
            "Sr": -0.37751483641440914,
            "Sr_std": 0.2148153334913342,
            "Sr_pval": 3.789878331435914e-06,
            "num": 180.0,
            "num_struc": 7.0
        },
        "multi_point_mutations": {
            "Pr": -0.16316660950549244,
            "Pr_std": 0.2840318668264177,
            "Pr_pval": 0.002641111308511227,
            "Sr": -0.23155994114977363,
            "Sr_std": 0.2095135731875123,
            "Sr_pval": 0.0046651562036391135,
            "num": 79.0,
            "num_struc": 2.0
        }
    }
}