{
    "ETP_AVERAGE": {
        "pearson": [
            0.09225100600475798,
            2.4006430633411568e-14
        ],
        "spearman": [
            0.10137064703841343,
            5.0795734961462344e-17
        ],
        "count": 6809
    },
    "DOX_Average": {
        "pearson": [
            -0.0492512250537198,
            4.787453547598951e-05
        ],
        "spearman": [
            -0.0600152265299153,
            7.202795710782469e-07
        ],
        "count": 6809
    },
    "SCH_Average": {
        "pearson": [
            0.10906681259383226,
            1.7951318955613314e-19
        ],
        "spearman": [
            0.11112306106947327,
            3.704390590590271e-20
        ],
        "count": 6809
    },
    "VRT_AVERAGE": {
        "pearson": [
            0.11765136198057008,
            2.03036353903946e-22
        ],
        "spearman": [
            0.124743516261464,
            5.054549605552384e-25
        ],
        "count": 6809
    }
}