{
    "ETP_AVERAGE": {
        "pearson": [
            0.10384909947196776,
            5.587138375714685e-17
        ],
        "spearman": [
            0.10788845307927622,
            3.2836778156202933e-18
        ],
        "count": 6469
    },
    "DOX_Average": {
        "pearson": [
            -0.0440758539555913,
            0.0003910323777527041
        ],
        "spearman": [
            -0.06579203030212583,
            1.181238958705562e-07
        ],
        "count": 6469
    },
    "SCH_Average": {
        "pearson": [
            0.12091646791894835,
            1.6836383385115973e-22
        ],
        "spearman": [
            0.12205359927831039,
            6.736938602035585e-23
        ],
        "count": 6469
    },
    "VRT_AVERAGE": {
        "pearson": [
            0.12146203589731228,
            1.086100374418426e-22
        ],
        "spearman": [
            0.1304323287709066,
            6.042284169531113e-26
        ],
        "count": 6469
    }
}