{
    "Overall": {
        "all_types_of_mutations": {
            "Pr": -0.2857567356224469,
            "Pr_pval": 4.857648291017215e-108,
            "Sr": -0.29585214667877335,
            "Sr_pval": 4.998972496686417e-116,
            "precision": 0.40463917525773196,
            "recall": 0.25059856344772546,
            "f1": 0.3095120749137506,
            "auroc": 0.5736560892355997,
            "accuracy": 0.7553265805099546,
            "num": 5726.0,
            "num_struc": 333.0
        },
        "single_point_mutations": {
            "Pr": -0.3307363329198822,
            "Pr_pval": 1.0835360531118847e-105,
            "Sr": -0.31527889722341185,
            "Sr_pval": 1.0495221211682622e-95,
            "precision": 0.41185897435897434,
            "recall": 0.2907239819004525,
            "f1": 0.34084880636604775,
            "auroc": 0.5886211127807767,
            "accuracy": 0.7586206896551724,
            "num": 4118.0,
            "num_struc": 310.0
        },
        "multi_point_mutations": {
            "Pr": -0.31048722771852577,
            "Pr_pval": 2.8344698828779476e-37,
            "Sr": -0.3308315372768211,
            "Sr_pval": 2.254431477254658e-42,
            "precision": 0.375,
            "recall": 0.15447154471544716,
            "f1": 0.21880998080614203,
            "auroc": 0.5388984035118801,
            "accuracy": 0.7468905472636815,
            "num": 1608.0,
            "num_struc": 143.0
        }
    },
    "Per-Structure": {
        "all_types_of_mutations": {
            "Pr": -0.24651484877775173,
            "Pr_std": 0.2730668521076824,
            "Pr_pval": 2.0665909320100677e-64,
            "Sr": -0.2504374863186615,
            "Sr_std": 0.29464427948256416,
            "Sr_pval": 0.29246127572473724,
            "precision": 0.21795667552814604,
            "recall": 0.21653302359903726,
            "f1": 0.5842793864873819,
            "auroc": 0.7702991868646458,
            "accuracy": 1.3060155950740172e-75,
            "num": 5025.0,
            "num_struc": 116.0
        },
        "single_point_mutations": {
            "Pr": -0.2812994506967083,
            "Pr_std": 0.2510051602152445,
            "Pr_pval": 1.7413843261359994e-52,
            "Sr": -0.2824187449346182,
            "Sr_std": 0.2635290869644937,
            "Sr_pval": 0.34097119311004304,
            "precision": 0.2485050842044237,
            "recall": 0.2580916112318991,
            "f1": 0.5940218581198276,
            "auroc": 0.7721345394085707,
            "accuracy": 6.783369921716499e-55,
            "num": 3485.0,
            "num_struc": 93.0
        },
        "multi_point_mutations": {
            "Pr": -0.27232635477790396,
            "Pr_std": 0.28922686625441935,
            "Pr_pval": 1.2686477480125537e-25,
            "Sr": -0.24088094814333394,
            "Sr_std": 0.3041664949829117,
            "Sr_pval": 0.18266814486326682,
            "precision": 0.09652623798965262,
            "recall": 0.10978555437728289,
            "f1": 0.5328127939725367,
            "auroc": 0.7374297193287556,
            "accuracy": 6.306140532860492e-23,
            "num": 1304.0,
            "num_struc": 41.0
        }
    }
}