{
    "linear": {
        "pearson": [
            0.3691175189275395,
            3.972625712726427e-13
        ],
        "spearman": [
            0.4270675118787203,
            1.7636124657614217e-17
        ],
        "count": 362
    }
}