{
    "screenscore": {
        "pearson": [
            0.3741501294111724,
            3.104840613968627e-26
        ],
        "spearman": [
            0.4061435132442725,
            4.915253190420292e-31
        ],
        "count": 747
    }
}