{
    "screenscore": {
        "pearson": [
            0.49191777314063817,
            2.2536260558450672e-110
        ],
        "spearman": [
            0.4615850405706965,
            1.0193942441270503e-95
        ],
        "count": 1801
    }
}