{
    "screenscore": {
        "pearson": [
            0.48775761025076503,
            4.167872191532485e-87
        ],
        "spearman": [
            0.4920780085838158,
            7.4663684928495e-89
        ],
        "count": 1443
    }
}