{
    "enrichment": {
        "pearson": [
            0.17224875798205433,
            1.0287148893431873e-24
        ],
        "spearman": [
            0.1061410915663384,
            3.0752419827576955e-10
        ],
        "count": 3500
    }
}