{
    "enrichment": {
        "pearson": [
            0.15254454268127005,
            1.1640136297922466e-17
        ],
        "spearman": [
            0.10719768540117847,
            2.0356825364852594e-09
        ],
        "count": 3112
    }
}