{
    "enrichment": {
        "pearson": [
            0.14701083060318956,
            1.6855162260977722e-16
        ],
        "spearman": [
            0.10076560974081224,
            1.7676841031371965e-08
        ],
        "count": 3112
    }
}