{
    "1AMQ": {
        "pearson": [
            0.9386582468810432,
            0.06134175311895684
        ],
        "spearman": [
            0.7999999999999999,
            0.20000000000000007
        ],
        "count": 4
    },
    "1BNI": {
        "pearson": [
            -0.7027161241247385,
            0.007388469768464518
        ],
        "spearman": [
            -0.6887078474798858,
            0.009235079230237172
        ],
        "count": 13
    },
    "1CEY": {
        "pearson": [
            0.9992375143027731,
            0.024862143609916357
        ],
        "spearman": [
            1.0,
            0.0
        ],
        "count": 3
    },
    "1EY0": {
        "pearson": [
            -0.47766562223604064,
            0.010151340668323343
        ],
        "spearman": [
            -0.3220595031145114,
            0.09465242880988804
        ],
        "count": 28
    },
    "1IHB": {
        "pearson": [
            -0.8421557726755642,
            0.3625725673335256
        ],
        "spearman": [
            -1.0,
            0.0
        ],
        "count": 3
    },
    "1L63": {
        "pearson": [
            -0.4380962167522557,
            6.997965610270523e-07
        ],
        "spearman": [
            -0.47615538470132185,
            5.042711725614515e-08
        ],
        "count": 118
    },
    "1LZ1": {
        "pearson": [
            -0.5084204720195971,
            2.455218415987957e-05
        ],
        "spearman": [
            -0.5070209202910791,
            2.6068145105796904e-05
        ],
        "count": 62
    },
    "1OH0": {
        "pearson": [
            -1.0,
            1.0
        ],
        "spearman": [
            -0.9999999999999999,
            NaN
        ],
        "count": 2
    },
    "1VQB": {
        "pearson": [
            -0.182259233067271,
            0.7692315922034972
        ],
        "spearman": [
            0.19999999999999998,
            0.747060078104662
        ],
        "count": 5
    },
    "2LZM": {
        "pearson": [
            -0.6695840171891784,
            1.070162871558306e-09
        ],
        "spearman": [
            -0.6871126827361875,
            2.606724797346611e-10
        ],
        "count": 65
    },
    "2RN2": {
        "pearson": [
            -0.6082967992918783,
            0.009571747866529751
        ],
        "spearman": [
            -0.7367823839423848,
            0.0007417003838290604
        ],
        "count": 17
    },
    "3ZCF": {
        "pearson": [
            -1.0,
            1.0
        ],
        "spearman": [
            -0.9999999999999999,
            NaN
        ],
        "count": 2
    },
    "4BVM": {
        "pearson": [
            -0.2694056189455199,
            0.8263455468208026
        ],
        "spearman": [
            -0.5,
            0.6666666666666667
        ],
        "count": 3
    },
    "4LYZ": {
        "pearson": [
            -0.45334993330105144,
            0.10351405173763016
        ],
        "spearman": [
            -0.567964469472905,
            0.03410582590460705
        ],
        "count": 14
    },
    "5PTI": {
        "pearson": [
            -0.5860479603565658,
            0.29906023897450706
        ],
        "spearman": [
            -0.7,
            0.1881204043741873
        ],
        "count": 5
    },
    "overall": {
        "pearson": [
            -0.48328862652521215,
            1.038019963597197e-21
        ],
        "spearman": [
            -0.5097214247354444,
            2.4154126228869412e-24
        ],
        "count": 347
    }
}