{
    "overall": {
        "pearson": [
            -0.5286482805248263,
            9.829259223033254e-27
        ],
        "spearman": [
            -0.5312109793835625,
            5.0515691824832646e-27
        ],
        "count": 352
    }
}