{
    "myoglobin": {
        "pearson": [
            -0.42563267175496877,
            2.60490459141201e-06
        ],
        "spearman": [
            -0.42178698371784995,
            3.2744975711258436e-06
        ],
        "precision": 0.4117647058823529,
        "recall": 0.21875,
        "auroc": 0.6720679012345678,
        "accuracy": 0.6902654867256637,
        "count": 113,
        "num_stabilizing": 32,
        "num_destabilizing": 81
    },
    "p53": {
        "pearson": [
            -0.8173484103301646,
            3.9996368410516155e-11
        ],
        "spearman": [
            -0.8122366315162661,
            6.604539038343145e-11
        ],
        "precision": 0.8888888888888888,
        "recall": 0.7272727272727273,
        "auroc": 0.8885630498533723,
        "accuracy": 0.9047619047619048,
        "count": 42,
        "num_stabilizing": 11,
        "num_destabilizing": 31
    },
    "s669": {
        "pearson": [
            -0.3939060059191998,
            1.0376415869673728e-19
        ],
        "spearman": [
            -0.45395490343004236,
            2.1990524758413606e-26
        ],
        "precision": 0.5671641791044776,
        "recall": 0.30158730158730157,
        "auroc": 0.7286625032526672,
        "accuracy": 0.7621951219512195,
        "count": 492,
        "num_stabilizing": 126,
        "num_destabilizing": 366
    },
    "ssym": {
        "pearson": [
            -0.5389354481285794,
            7.393074438977542e-27
        ],
        "spearman": [
            -0.5892035780016901,
            5.6654900206872576e-33
        ],
        "precision": 0.6530612244897959,
        "recall": 0.3764705882352941,
        "auroc": 0.7854917461055568,
        "accuracy": 0.7928994082840237,
        "count": 338,
        "num_stabilizing": 85,
        "num_destabilizing": 253
    },
    "t2226": {
        "pearson": [
            -0.41302599596615985,
            8.38494823424982e-68
        ],
        "spearman": [
            -0.510043497454384,
            4.606454074667823e-108
        ],
        "precision": 0.42424242424242425,
        "recall": 0.302158273381295,
        "auroc": 0.7474434450950037,
        "accuracy": 0.8099938309685379,
        "count": 1621,
        "num_stabilizing": 278,
        "num_destabilizing": 1343
    },
    "overall": {
        "pearson": [
            -0.43042644532639485,
            5.028419146854384e-118
        ],
        "spearman": [
            -0.5142405709651815,
            6.55592728661741e-176
        ],
        "precision": 0.4970588235294118,
        "recall": 0.3176691729323308,
        "auroc": 0.7489115145626845,
        "accuracy": 0.795088257866462,
        "count": 2606,
        "num_stabilizing": 532,
        "num_destabilizing": 2074
    }
}