{
    "enrichment": {
        "pearson": [
            0.4357546351135031,
            3.475990890067992e-162
        ],
        "spearman": [
            0.4845248761973627,
            1.5924606362396263e-205
        ],
        "count": 3500
    }
}