{
    "enrichment": {
        "pearson": [
            0.4321826785280511,
            4.18238748101344e-142
        ],
        "spearman": [
            0.4853049220196362,
            5.653282929280732e-184
        ],
        "count": 3118
    }
}