{
    "enrichment": {
        "pearson": [
            0.43508691201907773,
            3.3080133141654526e-144
        ],
        "spearman": [
            0.48676028099649865,
            3.145627955530668e-185
        ],
        "count": 3118
    }
}