{
    "screenscore": {
        "pearson": [
            0.36475614685058866,
            1.6903022327758623e-85
        ],
        "spearman": [
            0.3973649452502599,
            1.5917455520388966e-102
        ],
        "count": 2692
    }
}