{
    "screenscore": {
        "pearson": [
            0.3418896315762404,
            1.7008022463624503e-75
        ],
        "spearman": [
            0.34879500985932943,
            1.0555839481723336e-78
        ],
        "count": 2722
    }
}