{
    "Ami11_avg": {
        "pearson": [
            0.10369876044937543,
            1.35733851824618e-13
        ],
        "spearman": [
            0.10622096909854659,
            3.4171466439018274e-14
        ],
        "count": 5068
    },
    "Ami12_avg": {
        "pearson": [
            0.2652820708707543,
            8.374708565559083e-80
        ],
        "spearman": [
            0.3377580550590301,
            3.4520400477030356e-131
        ],
        "count": 4906
    },
    "Ami14_avg": {
        "pearson": [
            0.28766129179260697,
            1.8872093956865306e-93
        ],
        "spearman": [
            0.3418925279009479,
            1.2475982512148454e-133
        ],
        "count": 4871
    },
    "Ami18_avg": {
        "pearson": [
            0.03752006253148936,
            0.0074842349150842985
        ],
        "spearman": [
            0.046200345302509764,
            0.000988296784774341
        ],
        "count": 5080
    },
    "G41811_avg": {
        "pearson": [
            0.22405876989148674,
            7.179198723762664e-57
        ],
        "spearman": [
            0.259583647509094,
            2.2539430880440154e-76
        ],
        "count": 4906
    },
    "G41812_avg": {
        "pearson": [
            0.3875872078071602,
            1.2458357775528405e-172
        ],
        "spearman": [
            0.4680242010537289,
            4.133078964585027e-261
        ],
        "count": 4822
    },
    "G41814_avg": {
        "pearson": [
            0.44417887549032575,
            3.545302048717861e-243
        ],
        "spearman": [
            0.45049850513502254,
            6.2618934570775374e-251
        ],
        "count": 5049
    },
    "Kan11_avg": {
        "pearson": [
            0.24030747973800173,
            4.400492445132488e-65
        ],
        "spearman": [
            0.2822951987149185,
            4.02365109893887e-90
        ],
        "count": 4882
    },
    "Kan12_avg": {
        "pearson": [
            0.3683820959554382,
            5.0442752561033646e-152
        ],
        "spearman": [
            0.45416609064365016,
            1.371425189247134e-239
        ],
        "count": 4732
    },
    "Kan14_avg": {
        "pearson": [
            0.4189725059890445,
            2.779829835055055e-205
        ],
        "spearman": [
            0.4786627064164394,
            5.251220599489702e-276
        ],
        "count": 4845
    },
    "Kan18_avg": {
        "pearson": [
            0.45783764831523793,
            3.0382220793410342e-260
        ],
        "spearman": [
            0.4769627919806919,
            2.40154772591617e-285
        ],
        "count": 5051
    },
    "Neo11_avg": {
        "pearson": [
            0.21281730741040386,
            7.326237972817465e-52
        ],
        "spearman": [
            0.227487020329,
            3.4151086744205606e-59
        ],
        "count": 4956
    },
    "Neo12_avg": {
        "pearson": [
            0.3872882369879041,
            1.640940855082666e-173
        ],
        "spearman": [
            0.46684047407571383,
            2.1698224733122955e-261
        ],
        "count": 4855
    },
    "Neo14_avg": {
        "pearson": [
            0.46207984738781976,
            9.62223262451056e-264
        ],
        "spearman": [
            0.48431846042632914,
            2.7646208584526654e-293
        ],
        "count": 5014
    },
    "Neo18_avg": {
        "pearson": [
            0.4375862522199595,
            1.7111757568558804e-235
        ],
        "spearman": [
            0.42155526962534684,
            6.020717410552831e-217
        ],
        "count": 5054
    },
    "Paro11_avg": {
        "pearson": [
            0.12370339453101656,
            1.0112436486215873e-18
        ],
        "spearman": [
            0.12708402757463563,
            1.1137752076091695e-19
        ],
        "count": 5063
    },
    "Paro12_avg": {
        "pearson": [
            0.26300349503135817,
            5.928788944551667e-78
        ],
        "spearman": [
            0.3264711877644061,
            1.8280344190326897e-121
        ],
        "count": 4876
    },
    "Paro14_avg": {
        "pearson": [
            0.3729124441507285,
            2.2137454175645026e-159
        ],
        "spearman": [
            0.4483826679517987,
            7.084980304144751e-238
        ],
        "count": 4835
    },
    "Paro18_avg": {
        "pearson": [
            0.4374565709767169,
            2.3633232095610267e-230
        ],
        "spearman": [
            0.4911920819207582,
            8.700186987940481e-299
        ],
        "count": 4946
    },
    "Ribo11_avg": {
        "pearson": [
            0.25483730295083684,
            2.3943005502354323e-73
        ],
        "spearman": [
            0.31444009482907775,
            1.1389409963509581e-112
        ],
        "count": 4890
    },
    "Ribo12_avg": {
        "pearson": [
            0.400767781830872,
            1.8301931196872906e-187
        ],
        "spearman": [
            0.4787905793513564,
            9.305141030507276e-278
        ],
        "count": 4873
    },
    "Ribo14_avg": {
        "pearson": [
            0.46508919710791213,
            4.883815665309994e-268
        ],
        "spearman": [
            0.49938124312586185,
            0.0
        ],
        "count": 5022
    },
    "Ribo18_avg": {
        "pearson": [
            0.47916946179461495,
            2.5137229680389842e-287
        ],
        "spearman": [
            0.4763628112919914,
            1.5822477584014464e-283
        ],
        "count": 5033
    }
}