{
    "Ami11_avg": {
        "pearson": [
            0.11225916075438791,
            3.523093497266587e-16
        ],
        "spearman": [
            0.11083163493774098,
            8.307463859017964e-16
        ],
        "count": 5245
    },
    "Ami12_avg": {
        "pearson": [
            0.27149999402877917,
            5.609212743246812e-86
        ],
        "spearman": [
            0.3453454536445671,
            2.5897945876776225e-141
        ],
        "count": 5046
    },
    "Ami14_avg": {
        "pearson": [
            0.29035622141579026,
            1.1467135109322561e-97
        ],
        "spearman": [
            0.3405388403182795,
            6.686691238627364e-136
        ],
        "count": 4997
    },
    "Ami18_avg": {
        "pearson": [
            0.04201869246282014,
            0.0023076602886017185
        ],
        "spearman": [
            0.044068581625366296,
            0.001392037589227301
        ],
        "count": 5258
    },
    "G41811_avg": {
        "pearson": [
            0.23409800929553223,
            7.492062338556148e-64
        ],
        "spearman": [
            0.2763670051931856,
            3.0194349586136293e-89
        ],
        "count": 5052
    },
    "G41812_avg": {
        "pearson": [
            0.390195539254257,
            4.688453058064257e-180
        ],
        "spearman": [
            0.4680440153270945,
            1.696027873493492e-268
        ],
        "count": 4959
    },
    "G41814_avg": {
        "pearson": [
            0.44129126807491365,
            5.661432354879986e-248
        ],
        "spearman": [
            0.44410671266129476,
            1.7131303352598975e-251
        ],
        "count": 5225
    },
    "Kan11_avg": {
        "pearson": [
            0.25213280537540045,
            1.7819403718540563e-73
        ],
        "spearman": [
            0.3014956617434028,
            9.493925755508533e-106
        ],
        "count": 5008
    },
    "Kan12_avg": {
        "pearson": [
            0.3722163908470742,
            4.85420705140796e-159
        ],
        "spearman": [
            0.4590497217164427,
            3.844537993845266e-251
        ],
        "count": 4844
    },
    "Kan14_avg": {
        "pearson": [
            0.42303221095568044,
            3.5950941451070936e-216
        ],
        "spearman": [
            0.4786473869943578,
            1.3972987120911046e-284
        ],
        "count": 4997
    },
    "Kan18_avg": {
        "pearson": [
            0.45572929886912394,
            2.5138226824215286e-266
        ],
        "spearman": [
            0.47088117086058895,
            1.2951799632602508e-286
        ],
        "count": 5224
    },
    "Neo11_avg": {
        "pearson": [
            0.22140129140910894,
            1.9590720560868207e-57
        ],
        "spearman": [
            0.23986539859263906,
            2.1855850170868803e-67
        ],
        "count": 5079
    },
    "Neo12_avg": {
        "pearson": [
            0.3868625316873525,
            3.7195806650895057e-177
        ],
        "spearman": [
            0.4631161749890471,
            9.185453034010039e-263
        ],
        "count": 4970
    },
    "Neo14_avg": {
        "pearson": [
            0.4563538700138908,
            6.563898103609539e-265
        ],
        "spearman": [
            0.4710692121104974,
            1.791377256565621e-284
        ],
        "count": 5180
    },
    "Neo18_avg": {
        "pearson": [
            0.43330584216437235,
            3.23439120631626e-238
        ],
        "spearman": [
            0.40938363523397375,
            2.211126551158794e-210
        ],
        "count": 5226
    },
    "Paro11_avg": {
        "pearson": [
            0.13291075242870862,
            4.88476711236406e-22
        ],
        "spearman": [
            0.13644085102834141,
            3.790798414348802e-23
        ],
        "count": 5228
    },
    "Paro12_avg": {
        "pearson": [
            0.26788441749021724,
            9.251675718210929e-83
        ],
        "spearman": [
            0.336937868687549,
            1.005450832749915e-132
        ],
        "count": 4990
    },
    "Paro14_avg": {
        "pearson": [
            0.3815359872888292,
            1.4689556837597459e-171
        ],
        "spearman": [
            0.45490240700712753,
            7.614425418341427e-252
        ],
        "count": 4958
    },
    "Paro18_avg": {
        "pearson": [
            0.4400868750866574,
            2.1407899408685947e-240
        ],
        "spearman": [
            0.48910698387799395,
            9.480280639815366e-305
        ],
        "count": 5095
    },
    "Ribo11_avg": {
        "pearson": [
            0.26046880961412255,
            2.3566174639475566e-78
        ],
        "spearman": [
            0.31964140668415325,
            3.589041672153276e-119
        ],
        "count": 5001
    },
    "Ribo12_avg": {
        "pearson": [
            0.3986954376412747,
            3.12951602494059e-190
        ],
        "spearman": [
            0.4723463789709639,
            1.884341151367865e-276
        ],
        "count": 5002
    },
    "Ribo14_avg": {
        "pearson": [
            0.46053997476742825,
            1.3864385894279486e-270
        ],
        "spearman": [
            0.48756618705073407,
            8.202425047640314e-308
        ],
        "count": 5184
    },
    "Ribo18_avg": {
        "pearson": [
            0.4732718307560238,
            1.3780030228097843e-288
        ],
        "spearman": [
            0.4600969822726797,
            7.898329900707296e-271
        ],
        "count": 5200
    }
}