{
    "fitness_min": {
        "pearson": [
            0.524958208906117,
            2.1769080461797047e-101
        ],
        "spearman": [
            0.24930200092584295,
            1.4685236251814103e-21
        ],
        "count": 1420
    },
    "fitness_rich": {
        "pearson": [
            0.4806313748702506,
            5.785832762611151e-83
        ],
        "spearman": [
            0.2990928288823486,
            9.802763196663404e-31
        ],
        "count": 1420
    }
}