{
    "fitness_min": {
        "pearson": [
            0.529317729033215,
            1.0356548491857431e-104
        ],
        "spearman": [
            0.2498107970595919,
            6.515370443196016e-22
        ],
        "count": 1439
    },
    "fitness_rich": {
        "pearson": [
            0.5009532991118071,
            2.8622366884166915e-92
        ],
        "spearman": [
            0.3313014231773026,
            3.3199445135027347e-38
        ],
        "count": 1439
    }
}