{
    "ETP_AVERAGE": {
        "pearson": [
            0.1608771235301632,
            9.202111269307884e-39
        ],
        "spearman": [
            0.1745906285145436,
            1.9099894409690952e-45
        ],
        "count": 6469
    },
    "DOX_Average": {
        "pearson": [
            0.00493294016820887,
            0.6916015460102051
        ],
        "spearman": [
            -0.015829216012871877,
            0.20302547730661016
        ],
        "count": 6469
    },
    "SCH_Average": {
        "pearson": [
            0.16685633494684227,
            1.3195508893695525e-41
        ],
        "spearman": [
            0.1683265559534244,
            2.5388284624482458e-42
        ],
        "count": 6469
    },
    "VRT_AVERAGE": {
        "pearson": [
            0.1639858940063047,
            3.155045162608852e-40
        ],
        "spearman": [
            0.18214253896728527,
            2.2659755831856e-49
        ],
        "count": 6469
    }
}