{
    "ETP_AVERAGE": {
        "pearson": [
            0.14966911938429314,
            2.088890522938722e-35
        ],
        "spearman": [
            0.16471372897356348,
            1.2884831181328088e-42
        ],
        "count": 6809
    },
    "DOX_Average": {
        "pearson": [
            -0.00015827124333366138,
            0.9895818246671703
        ],
        "spearman": [
            -0.016610359107991364,
            0.17053888198290984
        ],
        "count": 6809
    },
    "SCH_Average": {
        "pearson": [
            0.15875629054889337,
            1.1242391154719732e-39
        ],
        "spearman": [
            0.15558922944965595,
            3.70110576872386e-38
        ],
        "count": 6809
    },
    "VRT_AVERAGE": {
        "pearson": [
            0.16253423417012336,
            1.5814410960762752e-41
        ],
        "spearman": [
            0.1775295908471167,
            2.5046001918195157e-49
        ],
        "count": 6809
    }
}