{
    "myoglobin": {
        "pearson": [
            -0.614332602789816,
            3.2923387852878487e-50
        ],
        "spearman": [
            -0.6452079038699859,
            8.468406368945279e-57
        ],
        "precision": 0.7653061224489796,
        "recall": 0.7075471698113207,
        "auroc": 0.8232315873825308,
        "accuracy": 0.7707006369426752,
        "count": 471,
        "num_stabilizing": 212,
        "num_destabilizing": 259
    },
    "p53": {
        "pearson": [
            -0.7596014109047229,
            1.1454542072701183e-11
        ],
        "spearman": [
            -0.748184228998162,
            3.4112359465679444e-11
        ],
        "precision": 0.7333333333333333,
        "recall": 0.5789473684210527,
        "auroc": 0.8477951635846372,
        "accuracy": 0.7857142857142857,
        "count": 56,
        "num_stabilizing": 19,
        "num_destabilizing": 37
    },
    "s669": {
        "pearson": [
            -0.5256829972593364,
            1.2783216814456322e-83
        ],
        "spearman": [
            -0.5023174261084871,
            2.2824982651002184e-75
        ],
        "precision": 0.5409836065573771,
        "recall": 0.4604651162790698,
        "auroc": 0.6987658237888258,
        "accuracy": 0.6560619088564058,
        "count": 1163,
        "num_stabilizing": 430,
        "num_destabilizing": 733
    },
    "ssym": {
        "pearson": [
            -0.5248912246041837,
            1.1943596786773574e-131
        ],
        "spearman": [
            -0.5305010167029539,
            5.972694068900142e-135
        ],
        "precision": 0.6403162055335968,
        "recall": 0.6144121365360303,
        "auroc": 0.7424727524900179,
        "accuracy": 0.6879049676025918,
        "count": 1852,
        "num_stabilizing": 791,
        "num_destabilizing": 1061
    },
    "t2226": {
        "pearson": [
            -0.5177822699611572,
            0.0
        ],
        "spearman": [
            -0.5590265741400056,
            0.0
        ],
        "precision": 0.6677316293929713,
        "recall": 0.6348295646304422,
        "auroc": 0.7796245812681474,
        "accuracy": 0.7047549378200438,
        "count": 6835,
        "num_stabilizing": 2963,
        "num_destabilizing": 3872
    },
    "overall": {
        "pearson": [
            -0.5208738458599933,
            0.0
        ],
        "spearman": [
            -0.5523905520472637,
            0.0
        ],
        "precision": 0.656392968938117,
        "recall": 0.617440543601359,
        "auroc": 0.7666615632490104,
        "accuracy": 0.6997205358003277,
        "count": 10377,
        "num_stabilizing": 4415,
        "num_destabilizing": 5962
    }
}