{
    "score": {
        "pearson": [
            0.553264880160924,
            1.2619820161035368e-302
        ],
        "spearman": [
            0.4929944895893265,
            4.18649273677977e-231
        ],
        "count": 3786
    }
}