{
    "score": {
        "pearson": [
            0.5403720249559488,
            6.719384331226756e-266
        ],
        "spearman": [
            0.48774790821202535,
            1.1977330770009245e-209
        ],
        "count": 3517
    }
}