{
    "score": {
        "pearson": [
            0.5340872685090597,
            1.196222370450914e-258
        ],
        "spearman": [
            0.4843889990069279,
            2.2115814715588248e-206
        ],
        "count": 3517
    }
}