{
    "myoglobin": {
        "pearson": [
            -0.4858229272661635,
            4.9099976137555506e-08
        ],
        "spearman": [
            -0.5395842477342577,
            6.967227040234616e-10
        ],
        "precision": 0.7777777777777778,
        "recall": 0.21875,
        "auroc": 0.7550154320987654,
        "accuracy": 0.7610619469026548,
        "count": 113,
        "num_stabilizing": 32,
        "num_destabilizing": 81
    },
    "p53": {
        "pearson": [
            -0.7045038185578971,
            1.920256057883634e-07
        ],
        "spearman": [
            -0.7008103750726,
            2.3686190751026257e-07
        ],
        "precision": 1.0,
        "recall": 0.45454545454545453,
        "auroc": 0.8181818181818181,
        "accuracy": 0.8571428571428571,
        "count": 42,
        "num_stabilizing": 11,
        "num_destabilizing": 31
    },
    "s669": {
        "pearson": [
            -0.31775933072280493,
            6.089552349657035e-16
        ],
        "spearman": [
            -0.32651582499301324,
            8.559703528306308e-17
        ],
        "precision": 0.45,
        "recall": 0.21951219512195122,
        "auroc": 0.6359634953965434,
        "accuracy": 0.7212317666126418,
        "count": 617,
        "num_stabilizing": 164,
        "num_destabilizing": 453
    },
    "ssym": {
        "pearson": [
            -0.623912620388252,
            5.710255648725228e-38
        ],
        "spearman": [
            -0.6179741177257155,
            4.356396265416593e-37
        ],
        "precision": 0.6363636363636364,
        "recall": 0.32558139534883723,
        "auroc": 0.7649600147072342,
        "accuracy": 0.7817109144542773,
        "count": 339,
        "num_stabilizing": 86,
        "num_destabilizing": 253
    },
    "t2226": {
        "pearson": [
            -0.4686988148784012,
            3.014959738755538e-93
        ],
        "spearman": [
            -0.500560095608191,
            4.117622906216105e-108
        ],
        "precision": 0.4968944099378882,
        "recall": 0.2768166089965398,
        "auroc": 0.7577140464726816,
        "accuracy": 0.8288075560802833,
        "count": 1694,
        "num_stabilizing": 289,
        "num_destabilizing": 1405
    },
    "overall": {
        "pearson": [
            -0.466463597928006,
            1.4399581648691116e-151
        ],
        "spearman": [
            -0.48566484144153604,
            5.621927380680407e-166
        ],
        "precision": 0.5217391304347826,
        "recall": 0.26804123711340205,
        "auroc": 0.7328499458179327,
        "accuracy": 0.7971479500891265,
        "count": 2805,
        "num_stabilizing": 582,
        "num_destabilizing": 2223
    }
}