{
    "Overall": {
        "all_types_of_mutations": {
            "Pr": -0.1900745155219115,
            "Pr_pval": 0.0002265955759221245,
            "Sr": -0.2662150770838261,
            "Sr_pval": 1.8718447234892242e-07,
            "num": 372.0,
            "num_struc": 39.0
        },
        "single_point_mutations": {
            "Pr": -0.22507075925335368,
            "Pr_pval": 0.000246545814784831,
            "Sr": -0.24498690665371675,
            "Sr_pval": 6.333939971608163e-05,
            "num": 261.0,
            "num_struc": 36.0
        },
        "multi_point_mutations": {
            "Pr": -0.21519086671528756,
            "Pr_pval": 0.023319838368723506,
            "Sr": -0.1769714255093657,
            "Sr_pval": 0.06315510355783018,
            "num": 111.0,
            "num_struc": 16.0
        }
    },
    "Per-Structure": {
        "all_types_of_mutations": {
            "Pr": -0.28522715015511446,
            "Pr_std": 0.24455160164797551,
            "Pr_pval": 0.00043393676533070436,
            "Sr": -0.29736551219124685,
            "Sr_std": 0.27222909341667745,
            "Sr_pval": 1.993086083624894e-06,
            "num": 266.0,
            "num_struc": 8.0
        },
        "single_point_mutations": {
            "Pr": -0.3485290153571966,
            "Pr_std": 0.2598696959958499,
            "Pr_pval": 7.628369744007344e-05,
            "Sr": -0.373322706382233,
            "Sr_std": 0.2737390018180665,
            "Sr_pval": 1.5879039267988627e-06,
            "num": 180.0,
            "num_struc": 7.0
        },
        "multi_point_mutations": {
            "Pr": -0.054558147342027394,
            "Pr_std": 0.18702705841134037,
            "Pr_pval": 0.16584683075667442,
            "Sr": -0.10406399276533626,
            "Sr_std": 0.15776668395545998,
            "Sr_pval": 0.16847460962125055,
            "num": 79.0,
            "num_struc": 2.0
        }
    }
}