{
    "Overall": {
        "all_types_of_mutations": {
            "Pr": -0.21260386959254882,
            "Pr_pval": 3.563287066736512e-05,
            "Sr": -0.27355329347371476,
            "Sr_pval": 8.278790821542542e-08,
            "num": 372.0,
            "num_struc": 39.0
        },
        "single_point_mutations": {
            "Pr": -0.2015190623128502,
            "Pr_pval": 0.0010616331143987984,
            "Sr": -0.206290855191814,
            "Sr_pval": 0.0007997826805077292,
            "num": 261.0,
            "num_struc": 36.0
        },
        "multi_point_mutations": {
            "Pr": -0.3228489422787249,
            "Pr_pval": 0.0005483618544561041,
            "Sr": -0.269651730488647,
            "Sr_pval": 0.0042096082192759725,
            "num": 111.0,
            "num_struc": 16.0
        }
    },
    "Per-Structure": {
        "all_types_of_mutations": {
            "Pr": -0.22058631481621074,
            "Pr_std": 0.17346113371826496,
            "Pr_pval": 0.004212793493335073,
            "Sr": -0.2943337071321705,
            "Sr_std": 0.20307285326603464,
            "Sr_pval": 1.5818003660866058e-06,
            "num": 266.0,
            "num_struc": 8.0
        },
        "single_point_mutations": {
            "Pr": -0.24793620550998294,
            "Pr_std": 0.18598282762324744,
            "Pr_pval": 0.01155438348785216,
            "Sr": -0.3228658785057704,
            "Sr_std": 0.19411419738231508,
            "Sr_pval": 0.00016768485902952305,
            "num": 180.0,
            "num_struc": 7.0
        },
        "multi_point_mutations": {
            "Pr": -0.18223423885699094,
            "Pr_std": 0.24099987606707876,
            "Pr_pval": 0.006680788655910609,
            "Sr": -0.24847660950912986,
            "Sr_std": 0.18685983751204055,
            "Sr_pval": 0.004754478377825867,
            "num": 79.0,
            "num_struc": 2.0
        }
    }
}