{
    "2LZM": {
        "pearson": [
            -0.933391007222179,
            2.418149189075174e-15
        ],
        "spearman": [
            -0.9194617924472329,
            4.1606365807502373e-14
        ],
        "count": 33
    }
}