{
    "2LZM": {
        "pearson": [
            -0.8984941430533546,
            1.2945166210616421e-12
        ],
        "spearman": [
            -0.8886848286833089,
            5.04236852263449e-12
        ],
        "count": 33
    }
}