{
    "CRIPT": {
        "pearson": [
            0.44894112903789085,
            4.48820481904379e-83
        ],
        "spearman": [
            0.3598148279086376,
            7.023953501132325e-52
        ],
        "count": 1659
    },
    "Tm2F": {
        "pearson": [
            0.38332865387034737,
            3.336987187159543e-59
        ],
        "spearman": [
            0.26151210356641963,
            2.4113508780317332e-27
        ],
        "count": 1659
    }
}