{
    "Caffeine": {
        "pearson": [
            0.21257160901768257,
            1.26022614924932e-14
        ],
        "spearman": [
            0.22135970724598453,
            9.243983591180668e-16
        ],
        "count": 1288
    },
    "DMSO": {
        "pearson": [
            0.12832298656844618,
            2.810112314992638e-06
        ],
        "spearman": [
            0.14804673979381314,
            6.242657670085775e-08
        ],
        "count": 1324
    },
    "DTT": {
        "pearson": [
            0.20546855750951126,
            1.0469740392545239e-13
        ],
        "spearman": [
            0.20283114616472508,
            2.1785576472267878e-13
        ],
        "count": 1284
    },
    "HU": {
        "pearson": [
            0.13989026415206002,
            5.417123687439149e-07
        ],
        "spearman": [
            0.10713902047265109,
            0.00012819550731873897
        ],
        "count": 1273
    },
    "MG132": {
        "pearson": [
            0.1256585172339255,
            8.854491069095071e-06
        ],
        "spearman": [
            0.15047055935460207,
            9.818181611418702e-08
        ],
        "count": 1243
    }
}