{
    "Caffeine": {
        "pearson": [
            0.1557569365816457,
            1.9227254581059628e-08
        ],
        "spearman": [
            0.19677844427509308,
            1.0404845856518098e-12
        ],
        "count": 1288
    },
    "DMSO": {
        "pearson": [
            0.10924739249320169,
            6.79542144201469e-05
        ],
        "spearman": [
            0.1380462885230685,
            4.5953779632285947e-07
        ],
        "count": 1324
    },
    "DTT": {
        "pearson": [
            0.17338909747529838,
            3.989938379367753e-10
        ],
        "spearman": [
            0.19713693172052732,
            1.0245433765131566e-12
        ],
        "count": 1284
    },
    "HU": {
        "pearson": [
            0.1246865917726096,
            8.128917931114087e-06
        ],
        "spearman": [
            0.12666452199290115,
            5.812181463779292e-06
        ],
        "count": 1273
    },
    "MG132": {
        "pearson": [
            0.11410459606470372,
            5.5298823772781344e-05
        ],
        "spearman": [
            0.14356740065227064,
            3.717117139421878e-07
        ],
        "count": 1243
    }
}