{
    "Caffeine": {
        "pearson": [
            0.19902136025659314,
            5.681761620543676e-13
        ],
        "spearman": [
            0.22139660017528554,
            9.140972569467441e-16
        ],
        "count": 1288
    },
    "DMSO": {
        "pearson": [
            0.1193445180833252,
            1.3365472091190569e-05
        ],
        "spearman": [
            0.13445718128748382,
            9.100261129521651e-07
        ],
        "count": 1324
    },
    "DTT": {
        "pearson": [
            0.20056999700145178,
            4.051000693761094e-13
        ],
        "spearman": [
            0.2093371090819014,
            3.5099754603745067e-14
        ],
        "count": 1284
    },
    "HU": {
        "pearson": [
            0.127631787231395,
            4.923753855835896e-06
        ],
        "spearman": [
            0.10594077580823837,
            0.00015258634046376408
        ],
        "count": 1273
    },
    "MG132": {
        "pearson": [
            0.11662213634747752,
            3.7626914827095156e-05
        ],
        "spearman": [
            0.1417688415176908,
            5.20574982905344e-07
        ],
        "count": 1243
    }
}