{
    "SelectionTwo": {
        "pearson": [
            0.4396338793748546,
            0.0
        ],
        "spearman": [
            0.4550346984131743,
            0.0
        ],
        "count": 8329
    }
}