{
    "score": {
        "pearson": [
            0.5364043135705343,
            2.6458681806275167e-261
        ],
        "spearman": [
            0.4910355575784007,
            7.011108330750813e-213
        ],
        "count": 3517
    }
}