{
    "score": {
        "pearson": [
            0.556011385485265,
            3.042751976122318e-306
        ],
        "spearman": [
            0.49529020948607166,
            1.4233197937051297e-233
        ],
        "count": 3786
    }
}