{
    "score": {
        "pearson": [
            0.5475098716000344,
            2.5352774733233577e-274
        ],
        "spearman": [
            0.5024596139031757,
            2.1588342957834814e-224
        ],
        "count": 3517
    }
}