{
    "1BVC": {
        "pearson": [
            -0.7423375012674234,
            3.7593314316062704e-14
        ],
        "spearman": [
            -0.7142074330152172,
            9.048718460055136e-13
        ],
        "count": 74
    },
    "1LZ1": {
        "pearson": [
            -0.5847082119234666,
            8.458997434989012e-12
        ],
        "spearman": [
            -0.5862710105057896,
            7.2192676732102e-12
        ],
        "count": 114
    },
    "2CI2": {
        "pearson": [
            -0.6804398176647305,
            5.277075186670572e-12
        ],
        "spearman": [
            -0.585726288039828,
            1.4255171053883175e-08
        ],
        "count": 79
    },
    "2RN2": {
        "pearson": [
            -0.7896138254208837,
            1.4250274400724878e-17
        ],
        "spearman": [
            -0.7846227665643263,
            3.1104955926617255e-17
        ],
        "count": 77
    },
    "overall": {
        "pearson": [
            -0.6560377700977381,
            1.0480339920446306e-43
        ],
        "spearman": [
            -0.6821391349131933,
            2.0147565434731306e-48
        ],
        "count": 344
    }
}