{
    "log2_ratio": {
        "pearson": [
            0.32772037093619955,
            5.963000891125189e-24
        ],
        "spearman": [
            0.26077647966318734,
            1.927042221950095e-15
        ],
        "count": 899
    }
}