{
    "log2_ratio": {
        "pearson": [
            0.37947340877235963,
            3.61313044508124e-32
        ],
        "spearman": [
            0.29275191526217254,
            3.1726321332607455e-19
        ],
        "count": 899
    }
}