{
    "fitness": {
        "pearson": [
            0.23479662264981258,
            1.8022396737312117e-20
        ],
        "spearman": [
            0.24049340680138262,
            1.996692529651849e-21
        ],
        "count": 1519
    }
}