{
    "linear": {
        "pearson": [
            0.3666788663562314,
            5.808654933651419e-13
        ],
        "spearman": [
            0.40269034882607596,
            1.5190236578459409e-15
        ],
        "count": 362
    }
}