{
    "selection_coefficient": {
        "pearson": [
            0.22626314623286867,
            1.211337329225862e-50
        ],
        "spearman": [
            0.14680230346413178,
            5.598310308982986e-22
        ],
        "count": 4265
    }
}