{
    "2LZM": {
        "pearson": [
            -0.8697181783943155,
            5.0403744490598616e-11
        ],
        "spearman": [
            -0.8510499545154668,
            3.5077767381785777e-10
        ],
        "count": 33
    }
}