{
    "2LZM": {
        "pearson": [
            -0.8908323279210747,
            3.785983021976564e-12
        ],
        "spearman": [
            -0.8806560555275025,
            1.4009376551915588e-11
        ],
        "count": 33
    }
}