{
    "function_score": {
        "pearson": [
            0.36978081553251696,
            2.895485274747361e-25
        ],
        "spearman": [
            0.34347378537390116,
            8.324743908655123e-22
        ],
        "count": 736
    }
}