{
    "NONSEL_24h": {
        "pearson": [
            -0.25303147327771774,
            2.6906473543410203e-17
        ],
        "spearman": [
            -0.338892365432052,
            1.5426933404136797e-30
        ],
        "count": 1084
    },
    "SEL_A_24h": {
        "pearson": [
            0.45312621153621824,
            5.370324627839173e-56
        ],
        "spearman": [
            0.46528919474749764,
            2.468614772637574e-59
        ],
        "count": 1084
    },
    "SEL_A_40h": {
        "pearson": [
            0.4224228363100622,
            3.7731673981947604e-48
        ],
        "spearman": [
            0.45600201640404664,
            8.974483860446516e-57
        ],
        "count": 1084
    },
    "SEL_B_40h": {
        "pearson": [
            0.38976227329378915,
            1.195434847346256e-40
        ],
        "spearman": [
            0.423921404181612,
            1.6300004065530388e-48
        ],
        "count": 1084
    },
    "SEL_C_40h": {
        "pearson": [
            0.3946253700204036,
            1.0304747523436324e-41
        ],
        "spearman": [
            0.4238643367690615,
            1.6830723545240434e-48
        ],
        "count": 1084
    },
    "SEL_C_64h": {
        "pearson": [
            0.37816223859318887,
            3.511340075456787e-38
        ],
        "spearman": [
            0.41629705450783816,
            1.1162108726300943e-46
        ],
        "count": 1084
    }
}