{
    "ETP_AVERAGE": {
        "pearson": [
            0.10712729393529696,
            5.0539380476788576e-18
        ],
        "spearman": [
            0.09447226900071179,
            2.437393956097032e-14
        ],
        "count": 6488
    },
    "DOX_Average": {
        "pearson": [
            -0.08943190597061418,
            5.328470296948919e-13
        ],
        "spearman": [
            -0.11142318821333473,
            2.231837319186316e-19
        ],
        "count": 6488
    },
    "SCH_Average": {
        "pearson": [
            0.1316993765366913,
            1.6970541684574947e-26
        ],
        "spearman": [
            0.12458084315812296,
            7.340964820583225e-24
        ],
        "count": 6488
    },
    "VRT_AVERAGE": {
        "pearson": [
            0.14289385574475238,
            6.055210851297276e-31
        ],
        "spearman": [
            0.13794525602809252,
            6.222302497929785e-29
        ],
        "count": 6488
    }
}