{
    "ETP_AVERAGE": {
        "pearson": [
            0.10092517940173878,
            6.954536247939283e-17
        ],
        "spearman": [
            0.09037454247271037,
            7.938888025585564e-14
        ],
        "count": 6809
    },
    "DOX_Average": {
        "pearson": [
            -0.08613235930095285,
            1.0848986407985509e-12
        ],
        "spearman": [
            -0.10224611665863491,
            2.728611451555634e-17
        ],
        "count": 6809
    },
    "SCH_Average": {
        "pearson": [
            0.11371711231731581,
            4.850310241446847e-21
        ],
        "spearman": [
            0.10441813916573921,
            5.706741274101197e-18
        ],
        "count": 6809
    },
    "VRT_AVERAGE": {
        "pearson": [
            0.12765347247813558,
            3.8962386895809016e-26
        ],
        "spearman": [
            0.11922558592484368,
            5.532056588782917e-23
        ],
        "count": 6809
    }
}