{
    "myoglobin": {
        "pearson": [
            -0.7770662666542583,
            2.3866200923778923e-96
        ],
        "spearman": [
            -0.821062345340442,
            2.8577789085961415e-116
        ],
        "precision": 0.8415841584158416,
        "recall": 0.8018867924528302,
        "auroc": 0.9232534421213666,
        "accuracy": 0.8428874734607219,
        "count": 471,
        "num_stabilizing": 212,
        "num_destabilizing": 259
    },
    "p53": {
        "pearson": [
            -0.7491322363449214,
            3.1226544194773414e-11
        ],
        "spearman": [
            -0.700709222416232,
            1.828169848091745e-09
        ],
        "precision": 0.6842105263157895,
        "recall": 0.6842105263157895,
        "auroc": 0.8634423897581792,
        "accuracy": 0.7857142857142857,
        "count": 56,
        "num_stabilizing": 19,
        "num_destabilizing": 37
    },
    "s669": {
        "pearson": [
            -0.49105696056401776,
            8.036566146042042e-76
        ],
        "spearman": [
            -0.47293184397185,
            1.0142245564062064e-69
        ],
        "precision": 0.5748898678414097,
        "recall": 0.5506329113924051,
        "auroc": 0.7185837461016327,
        "accuracy": 0.6707218167072182,
        "count": 1233,
        "num_stabilizing": 474,
        "num_destabilizing": 759
    },
    "ssym": {
        "pearson": [
            -0.7132960736910459,
            6.853385892407432e-288
        ],
        "spearman": [
            -0.710692120295769,
            7.220929639669857e-285
        ],
        "precision": 0.7220125786163522,
        "recall": 0.7256637168141593,
        "auroc": 0.8483755157872912,
        "accuracy": 0.7634989200863931,
        "count": 1852,
        "num_stabilizing": 791,
        "num_destabilizing": 1061
    },
    "t2226": {
        "pearson": [
            -0.7052089620997861,
            0.0
        ],
        "spearman": [
            -0.7139136492047072,
            0.0
        ],
        "precision": 0.7427055702917772,
        "recall": 0.7537012113055181,
        "auroc": 0.8510597419250595,
        "accuracy": 0.7810367358791926,
        "count": 6887,
        "num_stabilizing": 2972,
        "num_destabilizing": 3915
    },
    "overall": {
        "pearson": [
            -0.6918678661675842,
            0.0
        ],
        "spearman": [
            -0.6961589485959095,
            0.0
        ],
        "precision": 0.7262594739188587,
        "recall": 0.7291853178155775,
        "auroc": 0.8416978185076894,
        "accuracy": 0.7677874083246023,
        "count": 10499,
        "num_stabilizing": 4468,
        "num_destabilizing": 6031
    }
}