{
    "acetamide_normalized_fitness": {
        "pearson": [
            0.2540903634382009,
            6.601980996666362e-98
        ],
        "spearman": [
            0.3587958958346216,
            4.942144514835276e-200
        ],
        "count": 6610
    },
    "isobutyramide_normalized_fitness": {
        "pearson": [
            0.471265686732847,
            0.0
        ],
        "spearman": [
            0.48168741535347653,
            0.0
        ],
        "count": 6548
    },
    "propionamide_normalized_fitness": {
        "pearson": [
            0.3122167757620453,
            2.018333362909996e-149
        ],
        "spearman": [
            0.3696340141505821,
            3.86954690677334e-213
        ],
        "count": 6611
    }
}