{
    "acetamide_normalized_fitness": {
        "pearson": [
            0.25260434133894677,
            5.059228501995464e-97
        ],
        "spearman": [
            0.3574803259569974,
            4.806758143510803e-199
        ],
        "count": 6629
    },
    "isobutyramide_normalized_fitness": {
        "pearson": [
            0.4666405069855543,
            0.0
        ],
        "spearman": [
            0.4764138609857105,
            0.0
        ],
        "count": 6568
    },
    "propionamide_normalized_fitness": {
        "pearson": [
            0.3084872057116778,
            3.5613412528115524e-146
        ],
        "spearman": [
            0.36588264103902907,
            3.518687944100575e-209
        ],
        "count": 6631
    }
}