{
    "function_score": {
        "pearson": [
            0.5084487539449938,
            1.2376653040689805e-98
        ],
        "spearman": [
            0.4475707183285178,
            3.3945570876786258e-74
        ],
        "count": 1488
    }
}