{
    "function_score": {
        "pearson": [
            0.4454359567055897,
            8.689722539168955e-72
        ],
        "spearman": [
            0.3803160208693204,
            3.013111883026014e-51
        ],
        "count": 1454
    }
}