{
    "acetamide_normalized_fitness": {
        "pearson": [
            0.26368150810404456,
            1.4647458291120467e-105
        ],
        "spearman": [
            0.36666100407658486,
            1.8054891333583023e-209
        ],
        "count": 6610
    },
    "isobutyramide_normalized_fitness": {
        "pearson": [
            0.4831394911573134,
            0.0
        ],
        "spearman": [
            0.4901378124091768,
            0.0
        ],
        "count": 6548
    },
    "propionamide_normalized_fitness": {
        "pearson": [
            0.3233530647104035,
            9.78773264815739e-161
        ],
        "spearman": [
            0.37698138698262135,
            2.7013006365661864e-222
        ],
        "count": 6611
    }
}