{
    "fitness_min": {
        "pearson": [
            0.5504837774933826,
            2.644301190742885e-113
        ],
        "spearman": [
            0.2691138606368295,
            5.541517389455106e-25
        ],
        "count": 1420
    },
    "fitness_rich": {
        "pearson": [
            0.4845915411634015,
            1.6766864843248098e-84
        ],
        "spearman": [
            0.25943247287529936,
            2.8392496070824306e-23
        ],
        "count": 1420
    }
}