{
    "fitness_min": {
        "pearson": [
            0.5462710832499925,
            9.885638397774198e-113
        ],
        "spearman": [
            0.26754186787884393,
            5.209328955958322e-25
        ],
        "count": 1439
    },
    "fitness_rich": {
        "pearson": [
            0.5024728640842285,
            6.600160238971853e-93
        ],
        "spearman": [
            0.31206268544427995,
            7.16754258572462e-34
        ],
        "count": 1439
    }
}