{
    "linear": {
        "pearson": [
            0.3143449520853129,
            9.604151857761686e-10
        ],
        "spearman": [
            0.34276847172133573,
            2.038977937591398e-11
        ],
        "count": 362
    }
}