{
    "Overall": {
        "all_types_of_mutations": {
            "Pr": -0.29178179989158537,
            "Pr_pval": 9.094400682088544e-113,
            "Sr": -0.295857241374835,
            "Sr_pval": 4.951843269246483e-116,
            "precision": 0.32,
            "recall": 0.3766959297685555,
            "f1": 0.3460410557184751,
            "auroc": 0.5762308175558628,
            "accuracy": 0.6884387006636395,
            "num": 5726.0,
            "num_struc": 333.0
        },
        "single_point_mutations": {
            "Pr": -0.33711385084773743,
            "Pr_pval": 5.520398516543203e-110,
            "Sr": -0.27744106108540656,
            "Sr_pval": 1.1507209241813827e-73,
            "precision": 0.30177514792899407,
            "recall": 0.40384615384615385,
            "f1": 0.3454281567489115,
            "auroc": 0.5742174492174491,
            "accuracy": 0.6714424477901895,
            "num": 4118.0,
            "num_struc": 310.0
        },
        "multi_point_mutations": {
            "Pr": -0.3376419001035208,
            "Pr_pval": 3.605286425144055e-44,
            "Sr": -0.37074030530332674,
            "Sr_pval": 1.4577567140515948e-53,
            "precision": 0.3938356164383562,
            "recall": 0.3116531165311653,
            "f1": 0.34795763993948564,
            "auroc": 0.5843979868370113,
            "accuracy": 0.7319651741293532,
            "num": 1608.0,
            "num_struc": 143.0
        }
    },
    "Per-Structure": {
        "all_types_of_mutations": {
            "Pr": -0.259802706923266,
            "Pr_std": 0.2699666025442402,
            "Pr_pval": 2.3234732431567863e-92,
            "Sr": -0.261202928418321,
            "Sr_std": 0.2707949694750545,
            "Sr_pval": 0.2551698429952686,
            "precision": 0.3428464240063723,
            "recall": 0.26380920169565514,
            "f1": 0.6024121209777953,
            "auroc": 0.7083784954082318,
            "accuracy": 1.1457169441394001e-74,
            "num": 5025.0,
            "num_struc": 116.0
        },
        "single_point_mutations": {
            "Pr": -0.29260344722713294,
            "Pr_std": 0.2702417914620729,
            "Pr_pval": 2.459546992475981e-84,
            "Sr": -0.27369292840882337,
            "Sr_std": 0.26158932678379854,
            "Sr_pval": 0.27338357332127194,
            "precision": 0.368253703012253,
            "recall": 0.2874208845219394,
            "f1": 0.6052025464869308,
            "auroc": 0.702862028158233,
            "accuracy": 5.420820014891784e-48,
            "num": 3485.0,
            "num_struc": 93.0
        },
        "multi_point_mutations": {
            "Pr": -0.24815933762580716,
            "Pr_std": 0.32191971465310665,
            "Pr_pval": 1.603159309771254e-27,
            "Sr": -0.23618959718707144,
            "Sr_std": 0.31365690209042696,
            "Sr_pval": 0.2592918320321477,
            "precision": 0.24776444761200855,
            "recall": 0.2118758547128096,
            "f1": 0.562267823351809,
            "auroc": 0.7216816268624806,
            "accuracy": 4.332932494826468e-22,
            "num": 1304.0,
            "num_struc": 41.0
        }
    }
}