{
    "Overall": {
        "all_types_of_mutations": {
            "Pr": -0.29178179989158537,
            "Pr_pval": 9.094400682088544e-113,
            "Sr": -0.295857241374835,
            "Sr_pval": 4.951843269246483e-116,
            "num": 5726.0,
            "num_struc": 333.0
        },
        "single_point_mutations": {
            "Pr": -0.33711385084773743,
            "Pr_pval": 5.520398516543203e-110,
            "Sr": -0.27744106108540656,
            "Sr_pval": 1.1507209241813827e-73,
            "num": 4118.0,
            "num_struc": 310.0
        },
        "multi_point_mutations": {
            "Pr": -0.3376419001035208,
            "Pr_pval": 3.605286425144055e-44,
            "Sr": -0.37074030530332674,
            "Sr_pval": 1.4577567140515948e-53,
            "num": 1608.0,
            "num_struc": 143.0
        }
    },
    "Per-Structure": {
        "all_types_of_mutations": {
            "Pr": -0.259802706923266,
            "Pr_std": 0.2699666025442402,
            "Pr_pval": 2.3234732431567874e-92,
            "Sr": -0.261202928418321,
            "Sr_std": 0.2707949694750545,
            "Sr_pval": 1.1457169441394001e-74,
            "num": 5025.0,
            "num_struc": 116.0
        },
        "single_point_mutations": {
            "Pr": -0.292603447227133,
            "Pr_std": 0.2702417914620729,
            "Pr_pval": 2.459546992476121e-84,
            "Sr": -0.27369292840882337,
            "Sr_std": 0.26158932678379854,
            "Sr_pval": 5.420820014892092e-48,
            "num": 3485.0,
            "num_struc": 93.0
        },
        "multi_point_mutations": {
            "Pr": -0.24815933762580716,
            "Pr_std": 0.32191971465310665,
            "Pr_pval": 1.603159309771254e-27,
            "Sr": -0.23618959718707144,
            "Sr_std": 0.31365690209042696,
            "Sr_pval": 4.332932494826591e-22,
            "num": 1304.0,
            "num_struc": 41.0
        }
    }
}