{
    "Ami11_avg": {
        "pearson": [
            0.22583867364858826,
            1.2762115362202628e-59
        ],
        "spearman": [
            0.163057312555662,
            1.5489848143915845e-31
        ],
        "count": 5068
    },
    "Ami12_avg": {
        "pearson": [
            0.289700045255154,
            1.767357003835646e-95
        ],
        "spearman": [
            0.36454258138701845,
            4.473584159906473e-154
        ],
        "count": 4906
    },
    "Ami14_avg": {
        "pearson": [
            0.2594693509465163,
            8.956357345190481e-76
        ],
        "spearman": [
            0.3091488664041764,
            2.28295379648301e-108
        ],
        "count": 4871
    },
    "Ami18_avg": {
        "pearson": [
            0.019964073867781307,
            0.15481925955515075
        ],
        "spearman": [
            0.02351458080493714,
            0.09377732045829047
        ],
        "count": 5080
    },
    "G41811_avg": {
        "pearson": [
            0.28577364696862945,
            7.526425850059096e-93
        ],
        "spearman": [
            0.2965471040445847,
            3.6376392642867237e-100
        ],
        "count": 4906
    },
    "G41812_avg": {
        "pearson": [
            0.30740807807091564,
            4.713156476882882e-106
        ],
        "spearman": [
            0.3781973668649873,
            8.419991065560438e-164
        ],
        "count": 4822
    },
    "G41814_avg": {
        "pearson": [
            0.25103106466868136,
            2.064674968670878e-73
        ],
        "spearman": [
            0.2873525025259666,
            1.387072630286292e-96
        ],
        "count": 5049
    },
    "Kan11_avg": {
        "pearson": [
            0.2971599610848795,
            4.148346784414123e-100
        ],
        "spearman": [
            0.30658769726154245,
            9.284572022635401e-107
        ],
        "count": 4882
    },
    "Kan12_avg": {
        "pearson": [
            0.3324956071488641,
            1.6239108649315595e-122
        ],
        "spearman": [
            0.39750808411981686,
            6.490606995682829e-179
        ],
        "count": 4732
    },
    "Kan14_avg": {
        "pearson": [
            0.293668789455746,
            5.546628020357799e-97
        ],
        "spearman": [
            0.34981814119911575,
            1.7390220732968144e-139
        ],
        "count": 4845
    },
    "Kan18_avg": {
        "pearson": [
            0.2690658604411586,
            1.6817503305161617e-84
        ],
        "spearman": [
            0.31437706485984734,
            2.8713609892659147e-116
        ],
        "count": 5051
    },
    "Neo11_avg": {
        "pearson": [
            0.2779339185542982,
            1.3361345201937194e-88
        ],
        "spearman": [
            0.26862082955376226,
            1.1437536948290232e-82
        ],
        "count": 4956
    },
    "Neo12_avg": {
        "pearson": [
            0.3063694022689621,
            5.054023384002846e-106
        ],
        "spearman": [
            0.3810783309497334,
            1.321607916890206e-167
        ],
        "count": 4855
    },
    "Neo14_avg": {
        "pearson": [
            0.2910571479384034,
            1.7704365598519395e-98
        ],
        "spearman": [
            0.334307464275785,
            3.485506094983073e-131
        ],
        "count": 5014
    },
    "Neo18_avg": {
        "pearson": [
            0.23767001415225714,
            7.689772236846842e-66
        ],
        "spearman": [
            0.25592863397021093,
            2.1125355560906552e-76
        ],
        "count": 5054
    },
    "Paro11_avg": {
        "pearson": [
            0.250562375250402,
            2.4710780451035033e-73
        ],
        "spearman": [
            0.20462852935905507,
            5.3478988188487975e-49
        ],
        "count": 5063
    },
    "Paro12_avg": {
        "pearson": [
            0.30334435875270055,
            2.5682032575170315e-104
        ],
        "spearman": [
            0.35397357884162134,
            6.642774911720094e-144
        ],
        "count": 4876
    },
    "Paro14_avg": {
        "pearson": [
            0.3139445243312305,
            4.630430793430546e-111
        ],
        "spearman": [
            0.3767321475417944,
            6.989039231341065e-163
        ],
        "count": 4835
    },
    "Paro18_avg": {
        "pearson": [
            0.3117335464643821,
            6.441548764424177e-112
        ],
        "spearman": [
            0.366191469625164,
            8.233389244065275e-157
        ],
        "count": 4946
    },
    "Ribo11_avg": {
        "pearson": [
            0.29728094898233476,
            2.3605367258117807e-100
        ],
        "spearman": [
            0.34260832512848916,
            9.826760593110407e-135
        ],
        "count": 4890
    },
    "Ribo12_avg": {
        "pearson": [
            0.33748677235120506,
            4.2321737260413266e-130
        ],
        "spearman": [
            0.4048508368574898,
            1.2733563517903853e-191
        ],
        "count": 4873
    },
    "Ribo14_avg": {
        "pearson": [
            0.3143315565524655,
            1.410354857762205e-115
        ],
        "spearman": [
            0.36045218142001445,
            6.032023140793207e-154
        ],
        "count": 5022
    },
    "Ribo18_avg": {
        "pearson": [
            0.2816503359513431,
            2.0306798133975205e-92
        ],
        "spearman": [
            0.30822503109317695,
            3.2187217086561374e-111
        ],
        "count": 5033
    }
}