{
    "Ami11_avg": {
        "pearson": [
            0.24662994500885477,
            1.5929928666068403e-73
        ],
        "spearman": [
            0.1929385478075855,
            3.6688923680795204e-45
        ],
        "count": 5245
    },
    "Ami12_avg": {
        "pearson": [
            0.2912143629492868,
            3.325275613412079e-99
        ],
        "spearman": [
            0.3671442862897609,
            7.932422433936352e-161
        ],
        "count": 5046
    },
    "Ami14_avg": {
        "pearson": [
            0.25254476904395573,
            1.4679370699029677e-73
        ],
        "spearman": [
            0.30899382394494596,
            5.2438311649533916e-111
        ],
        "count": 4997
    },
    "Ami18_avg": {
        "pearson": [
            0.022910042782158163,
            0.09669786254655004
        ],
        "spearman": [
            0.02577801178426536,
            0.06161125545421205
        ],
        "count": 5258
    },
    "G41811_avg": {
        "pearson": [
            0.28881472533988584,
            1.191676550971255e-97
        ],
        "spearman": [
            0.3215513805302682,
            7.241776082094775e-122
        ],
        "count": 5052
    },
    "G41812_avg": {
        "pearson": [
            0.2826070774019927,
            1.0142188744296243e-91
        ],
        "spearman": [
            0.36277668681162706,
            4.004711438055143e-154
        ],
        "count": 4959
    },
    "G41814_avg": {
        "pearson": [
            0.22249441838102607,
            1.2927935990513238e-59
        ],
        "spearman": [
            0.2730637849077419,
            5.241723811759738e-90
        ],
        "count": 5225
    },
    "Kan11_avg": {
        "pearson": [
            0.30820204649026295,
            1.1687461726260166e-110
        ],
        "spearman": [
            0.3296958788350853,
            2.779422364652253e-127
        ],
        "count": 5008
    },
    "Kan12_avg": {
        "pearson": [
            0.2970214521996456,
            3.0027901625449254e-99
        ],
        "spearman": [
            0.3791975795584263,
            1.8026686082303874e-165
        ],
        "count": 4844
    },
    "Kan14_avg": {
        "pearson": [
            0.2647567728130713,
            6.348613510487845e-81
        ],
        "spearman": [
            0.3333492867994965,
            5.789691759593554e-130
        ],
        "count": 4997
    },
    "Kan18_avg": {
        "pearson": [
            0.23218178503329998,
            6.875404406619195e-65
        ],
        "spearman": [
            0.2895447853659993,
            1.959923146085846e-101
        ],
        "count": 5224
    },
    "Neo11_avg": {
        "pearson": [
            0.2870567683439725,
            6.08079523421064e-97
        ],
        "spearman": [
            0.29284188791341526,
            5.4615502108268933e-101
        ],
        "count": 5079
    },
    "Neo12_avg": {
        "pearson": [
            0.27878580681610093,
            2.113067986160129e-89
        ],
        "spearman": [
            0.3634009646582929,
            5.023062297363551e-155
        ],
        "count": 4970
    },
    "Neo14_avg": {
        "pearson": [
            0.2524786403523469,
            3.804416218658574e-76
        ],
        "spearman": [
            0.3096889939310396,
            1.543545007186829e-115
        ],
        "count": 5180
    },
    "Neo18_avg": {
        "pearson": [
            0.2063719636431854,
            2.264717767909348e-51
        ],
        "spearman": [
            0.23760987044667176,
            5.514219049554898e-68
        ],
        "count": 5226
    },
    "Paro11_avg": {
        "pearson": [
            0.260772819327531,
            5.0841780355141355e-82
        ],
        "spearman": [
            0.2316603364620426,
            1.202398370017723e-64
        ],
        "count": 5228
    },
    "Paro12_avg": {
        "pearson": [
            0.3024873630356168,
            4.319473724499611e-106
        ],
        "spearman": [
            0.36851103013580383,
            2.5202662035463815e-160
        ],
        "count": 4990
    },
    "Paro14_avg": {
        "pearson": [
            0.29915750315338085,
            4.774654978080586e-103
        ],
        "spearman": [
            0.36910608366207504,
            7.406134364243227e-160
        ],
        "count": 4958
    },
    "Paro18_avg": {
        "pearson": [
            0.28232844934590834,
            5.391775885217277e-94
        ],
        "spearman": [
            0.3485383542098699,
            1.863930534528455e-145
        ],
        "count": 5095
    },
    "Ribo11_avg": {
        "pearson": [
            0.3021082792518704,
            4.787430704853236e-106
        ],
        "spearman": [
            0.35701061731763595,
            3.13637503580436e-150
        ],
        "count": 5001
    },
    "Ribo12_avg": {
        "pearson": [
            0.3119333566093948,
            2.589801241561563e-113
        ],
        "spearman": [
            0.3889253980611981,
            2.482926894511105e-180
        ],
        "count": 5002
    },
    "Ribo14_avg": {
        "pearson": [
            0.27753403733586557,
            2.5545342923691706e-92
        ],
        "spearman": [
            0.3369422511712763,
            8.201544779789015e-138
        ],
        "count": 5184
    },
    "Ribo18_avg": {
        "pearson": [
            0.2385698453791455,
            3.3262521376410857e-68
        ],
        "spearman": [
            0.28005956356413375,
            2.516440825885883e-94
        ],
        "count": 5200
    }
}