{
    "myoglobin": {
        "pearson": [
            -0.6707124907981794,
            4.40204688341552e-16
        ],
        "spearman": [
            -0.7693897628275911,
            2.418295898679698e-23
        ],
        "precision": 0.7391304347826086,
        "recall": 0.53125,
        "auroc": 0.8896604938271605,
        "accuracy": 0.8141592920353983,
        "count": 113,
        "num_stabilizing": 32,
        "num_destabilizing": 81
    },
    "p53": {
        "pearson": [
            -0.7027049686744223,
            2.1277339281097877e-07
        ],
        "spearman": [
            -0.6431118335541343,
            4.3677442826082205e-06
        ],
        "precision": 0.5555555555555556,
        "recall": 0.45454545454545453,
        "auroc": 0.7712609970674487,
        "accuracy": 0.7619047619047619,
        "count": 42,
        "num_stabilizing": 11,
        "num_destabilizing": 31
    },
    "s669": {
        "pearson": [
            -0.4890083540316668,
            2.2327310824669792e-36
        ],
        "spearman": [
            -0.5180250048303205,
            2.417985865647741e-41
        ],
        "precision": 0.5242718446601942,
        "recall": 0.391304347826087,
        "auroc": 0.76228627259404,
        "accuracy": 0.7718696397941681,
        "count": 583,
        "num_stabilizing": 138,
        "num_destabilizing": 445
    },
    "ssym": {
        "pearson": [
            -0.6712329613816407,
            9.70035826874578e-46
        ],
        "spearman": [
            -0.6606361337918546,
            7.073031801793018e-44
        ],
        "precision": 0.5957446808510638,
        "recall": 0.6511627906976745,
        "auroc": 0.8386800257376597,
        "accuracy": 0.799410029498525,
        "count": 339,
        "num_stabilizing": 86,
        "num_destabilizing": 253
    },
    "t2226": {
        "pearson": [
            -0.5626008671482621,
            4.8742669254740033e-138
        ],
        "spearman": [
            -0.5810229133014717,
            3.1389806298196725e-149
        ],
        "precision": 0.4,
        "recall": 0.44680851063829785,
        "auroc": 0.7773106840539923,
        "accuracy": 0.7904009720534629,
        "count": 1646,
        "num_stabilizing": 282,
        "num_destabilizing": 1364
    },
    "overall": {
        "pearson": [
            -0.5632123527525297,
            9.611439694101863e-228
        ],
        "spearman": [
            -0.581498252970958,
            3.7308490877474164e-246
        ],
        "precision": 0.4742647058823529,
        "recall": 0.46994535519125685,
        "auroc": 0.7874348778325734,
        "accuracy": 0.7881013587954462,
        "count": 2723,
        "num_stabilizing": 549,
        "num_destabilizing": 2174
    }
}