{
    "fitness": {
        "pearson": [
            0.06994148337443971,
            0.006390919979082214
        ],
        "spearman": [
            0.07899906191359973,
            0.0020615503860108523
        ],
        "count": 1519
    }
}