{
    "fitness": {
        "pearson": [
            0.06576599138252556,
            0.0103517477813797
        ],
        "spearman": [
            0.07745251598988767,
            0.002521786693418796
        ],
        "count": 1519
    }
}