{
    "NONSEL_24h": {
        "pearson": [
            -0.17852732399536933,
            3.2451676526866263e-09
        ],
        "spearman": [
            -0.18114457847612775,
            1.8909022049523668e-09
        ],
        "count": 1084
    },
    "SEL_A_24h": {
        "pearson": [
            0.3233013349777039,
            8.570446551635091e-28
        ],
        "spearman": [
            0.25294549804258626,
            2.7600699790337212e-17
        ],
        "count": 1084
    },
    "SEL_A_40h": {
        "pearson": [
            0.30882054358456407,
            2.198211102577651e-25
        ],
        "spearman": [
            0.24707331242150446,
            1.5371352133655044e-16
        ],
        "count": 1084
    },
    "SEL_B_40h": {
        "pearson": [
            0.2615277249520636,
            2.0695730322151752e-18
        ],
        "spearman": [
            0.20960575131634984,
            3.1535717036378236e-12
        ],
        "count": 1084
    },
    "SEL_C_40h": {
        "pearson": [
            0.25322621673941154,
            2.5396959112901e-17
        ],
        "spearman": [
            0.2112568748428681,
            2.1119891704385574e-12
        ],
        "count": 1084
    },
    "SEL_C_64h": {
        "pearson": [
            0.24557340944990627,
            2.3665086889384213e-16
        ],
        "spearman": [
            0.2070997763587818,
            5.758501259255983e-12
        ],
        "count": 1084
    }
}