{
    "1AMQ": {
        "pearson": [
            -0.17610153550763122,
            0.8238984644923688
        ],
        "spearman": [
            -0.19999999999999998,
            0.8
        ],
        "count": 4
    },
    "1BNI": {
        "pearson": [
            -0.6845204111698147,
            0.009849808991875089
        ],
        "spearman": [
            -0.7107464985992421,
            0.006465728937137211
        ],
        "count": 13
    },
    "1CEY": {
        "pearson": [
            0.7426804618131414,
            0.4671082983511836
        ],
        "spearman": [
            0.5,
            0.6666666666666667
        ],
        "count": 3
    },
    "1EY0": {
        "pearson": [
            -0.6285659658575935,
            0.000340851451296408
        ],
        "spearman": [
            -0.43023425118443664,
            0.022297952577653157
        ],
        "count": 28
    },
    "1IHB": {
        "pearson": [
            -0.4023266066447448,
            0.7364032589731465
        ],
        "spearman": [
            -0.5,
            0.6666666666666667
        ],
        "count": 3
    },
    "1L63": {
        "pearson": [
            -0.739235456705151,
            1.2027907475891831e-21
        ],
        "spearman": [
            -0.7882662912266798,
            3.211991707580969e-26
        ],
        "count": 118
    },
    "1LZ1": {
        "pearson": [
            -0.672616054342725,
            2.131989006118072e-09
        ],
        "spearman": [
            -0.6530851613091506,
            8.763110536006283e-09
        ],
        "count": 62
    },
    "1OH0": {
        "pearson": [
            -1.0,
            1.0
        ],
        "spearman": [
            -0.9999999999999999,
            NaN
        ],
        "count": 2
    },
    "1VQB": {
        "pearson": [
            0.007450635233180104,
            0.9905136443569686
        ],
        "spearman": [
            0.19999999999999998,
            0.747060078104662
        ],
        "count": 5
    },
    "2LZM": {
        "pearson": [
            -0.8013854981906923,
            6.389722144218731e-16
        ],
        "spearman": [
            -0.8172866586888057,
            5.751273451164444e-17
        ],
        "count": 66
    },
    "2RN2": {
        "pearson": [
            -0.39690474149229005,
            0.10292471333217733
        ],
        "spearman": [
            -0.4948264027924394,
            0.03682250999965452
        ],
        "count": 18
    },
    "3ZCF": {
        "pearson": [
            -1.0,
            1.0
        ],
        "spearman": [
            -0.9999999999999999,
            NaN
        ],
        "count": 2
    },
    "4BVM": {
        "pearson": [
            -0.11362229923351716,
            0.8556434798737252
        ],
        "spearman": [
            0.09999999999999999,
            0.8728885715695383
        ],
        "count": 5
    },
    "4LYZ": {
        "pearson": [
            -0.5050453157249571,
            0.06546814815518659
        ],
        "spearman": [
            -0.5591245555511478,
            0.03764782759332799
        ],
        "count": 14
    },
    "5PTI": {
        "pearson": [
            -0.19820376128281744,
            0.7493013306072983
        ],
        "spearman": [
            -0.7,
            0.1881204043741873
        ],
        "count": 5
    },
    "overall": {
        "pearson": [
            -0.699700383805179,
            4.684442579345008e-53
        ],
        "spearman": [
            -0.7329739412244742,
            1.5810464485480716e-60
        ],
        "count": 352
    }
}