{
    "SelectionOne": {
        "pearson": [
            0.28213158646702624,
            1.7242336752757845e-147
        ],
        "spearman": [
            0.3154022127686077,
            8.842341207950633e-186
        ],
        "count": 8067
    }
}