{
    "SelectionOne": {
        "pearson": [
            0.29017912229274095,
            1.3086627130944456e-153
        ],
        "spearman": [
            0.3224281413350819,
            3.475480535720051e-191
        ],
        "count": 7927
    }
}