{
    "1AMQ": {
        "pearson": [
            -0.8438218692478127,
            0.15617813075218745
        ],
        "spearman": [
            -0.7999999999999999,
            0.20000000000000007
        ],
        "count": 4
    },
    "1BNI": {
        "pearson": [
            -0.6656888707805421,
            0.0130063795776833
        ],
        "spearman": [
            -0.6666691963605295,
            0.012825366520641729
        ],
        "count": 13
    },
    "1CEY": {
        "pearson": [
            0.9525483048213185,
            0.19690351059618466
        ],
        "spearman": [
            0.5,
            0.6666666666666667
        ],
        "count": 3
    },
    "1EY0": {
        "pearson": [
            -0.726310218519392,
            1.2108078186896873e-05
        ],
        "spearman": [
            -0.6104342112604133,
            0.0005613742284653845
        ],
        "count": 28
    },
    "1IHB": {
        "pearson": [
            -0.5494061444399457,
            0.6297079829848119
        ],
        "spearman": [
            -0.5,
            0.6666666666666667
        ],
        "count": 3
    },
    "1L63": {
        "pearson": [
            -0.7107807220014029,
            1.949653365438776e-19
        ],
        "spearman": [
            -0.7488418325876027,
            1.8536266959244764e-22
        ],
        "count": 118
    },
    "1LZ1": {
        "pearson": [
            -0.5606955096546717,
            2.141347896338073e-06
        ],
        "spearman": [
            -0.5556500867907863,
            2.759680145925981e-06
        ],
        "count": 62
    },
    "1OH0": {
        "pearson": [
            -1.0,
            1.0
        ],
        "spearman": [
            -0.9999999999999999,
            NaN
        ],
        "count": 2
    },
    "1VQB": {
        "pearson": [
            -0.20544071549561338,
            0.7402765876051776
        ],
        "spearman": [
            -0.09999999999999999,
            0.8728885715695383
        ],
        "count": 5
    },
    "2LZM": {
        "pearson": [
            -0.7076048866948702,
            3.07939217406444e-11
        ],
        "spearman": [
            -0.697267001644595,
            7.815712579492377e-11
        ],
        "count": 66
    },
    "2RN2": {
        "pearson": [
            -0.7089811687929964,
            0.0009868586858493536
        ],
        "spearman": [
            -0.5735017304330783,
            0.012833778082684004
        ],
        "count": 18
    },
    "3ZCF": {
        "pearson": [
            1.0,
            1.0
        ],
        "spearman": [
            0.9999999999999999,
            NaN
        ],
        "count": 2
    },
    "4BVM": {
        "pearson": [
            -0.33183401202502677,
            0.5853831346145737
        ],
        "spearman": [
            -0.3,
            0.6238376647810728
        ],
        "count": 5
    },
    "4LYZ": {
        "pearson": [
            -0.47682783068975054,
            0.08471940601380708
        ],
        "spearman": [
            -0.5016651150597256,
            0.06759128476690061
        ],
        "count": 14
    },
    "5PTI": {
        "pearson": [
            -0.1488799370806442,
            0.8111427966067795
        ],
        "spearman": [
            -0.09999999999999999,
            0.8728885715695383
        ],
        "count": 5
    },
    "overall": {
        "pearson": [
            -0.6753011137238798,
            3.3421980245060833e-48
        ],
        "spearman": [
            -0.6949671235287459,
            4.468978024835464e-52
        ],
        "count": 352
    }
}