{
    "linear": {
        "pearson": [
            0.34662329460266855,
            1.1722103329431862e-11
        ],
        "spearman": [
            0.39144761348000023,
            1.0521743733835291e-14
        ],
        "count": 362
    }
}