{
    "screenscore": {
        "pearson": [
            0.3715765281315322,
            0.08085071879317894
        ],
        "spearman": [
            0.30696984676223427,
            0.15423039442419023
        ],
        "count": 23
    }
}