{
    "screenscore": {
        "pearson": [
            0.2324547277926466,
            3.0783728454875162e-43
        ],
        "spearman": [
            0.22861654318461502,
            7.661237145505163e-42
        ],
        "count": 3424
    }
}