{
    "Ami11_avg": {
        "pearson": [
            0.01388390997192683,
            0.32305578753524367
        ],
        "spearman": [
            0.025348113978628347,
            0.07117267470081291
        ],
        "count": 5068
    },
    "Ami12_avg": {
        "pearson": [
            0.05388336387525372,
            0.00015941465790546622
        ],
        "spearman": [
            0.060470448452513155,
            2.2519698521480633e-05
        ],
        "count": 4906
    },
    "Ami14_avg": {
        "pearson": [
            0.06707254649330878,
            2.7963338612757106e-06
        ],
        "spearman": [
            0.0857352237475891,
            2.0577521203622106e-09
        ],
        "count": 4871
    },
    "Ami18_avg": {
        "pearson": [
            -0.02537000004231024,
            0.07059554402936681
        ],
        "spearman": [
            -0.019308760851611453,
            0.16882023733580004
        ],
        "count": 5080
    },
    "G41811_avg": {
        "pearson": [
            0.059076165510531395,
            3.466637028474885e-05
        ],
        "spearman": [
            0.07304827811063515,
            3.0223328762908913e-07
        ],
        "count": 4906
    },
    "G41812_avg": {
        "pearson": [
            0.11423949538185586,
            1.7645232056521684e-15
        ],
        "spearman": [
            0.12570058318789257,
            1.9312543128964873e-18
        ],
        "count": 4822
    },
    "G41814_avg": {
        "pearson": [
            0.16263449458082005,
            2.871935466589442e-31
        ],
        "spearman": [
            0.14881926155891978,
            2.1339845649920725e-26
        ],
        "count": 5049
    },
    "Kan11_avg": {
        "pearson": [
            0.05090138416630808,
            0.00037377171843958474
        ],
        "spearman": [
            0.07419490703607,
            2.1038222533784553e-07
        ],
        "count": 4882
    },
    "Kan12_avg": {
        "pearson": [
            0.10276274759275823,
            1.3814420268149144e-12
        ],
        "spearman": [
            0.11805623805994672,
            3.7185368545117114e-16
        ],
        "count": 4732
    },
    "Kan14_avg": {
        "pearson": [
            0.1396471493778058,
            1.5807703182412492e-22
        ],
        "spearman": [
            0.14118892097503327,
            5.36648682334393e-23
        ],
        "count": 4845
    },
    "Kan18_avg": {
        "pearson": [
            0.1789134930968563,
            1.3368438275186312e-37
        ],
        "spearman": [
            0.16028691251769397,
            2.0233219715706255e-30
        ],
        "count": 5051
    },
    "Neo11_avg": {
        "pearson": [
            0.05194642549021422,
            0.0002536790068330159
        ],
        "spearman": [
            0.06690566801016068,
            2.4268906964587345e-06
        ],
        "count": 4956
    },
    "Neo12_avg": {
        "pearson": [
            0.1252897895929096,
            1.9144489854628924e-18
        ],
        "spearman": [
            0.1402711097331949,
            9.247678531501984e-23
        ],
        "count": 4855
    },
    "Neo14_avg": {
        "pearson": [
            0.18923310779757277,
            1.2164240287582322e-41
        ],
        "spearman": [
            0.173598733846244,
            3.209233261574144e-35
        ],
        "count": 5014
    },
    "Neo18_avg": {
        "pearson": [
            0.17907959441402152,
            1.0888533339081274e-37
        ],
        "spearman": [
            0.14922271459766281,
            1.4743439374605942e-26
        ],
        "count": 5054
    },
    "Paro11_avg": {
        "pearson": [
            0.0279518522881491,
            0.04672274921172425
        ],
        "spearman": [
            0.04593887108525644,
            0.0010766599993398426
        ],
        "count": 5063
    },
    "Paro12_avg": {
        "pearson": [
            0.06527687886090042,
            5.069893619087835e-06
        ],
        "spearman": [
            0.08359045602846052,
            5.043799698420543e-09
        ],
        "count": 4876
    },
    "Paro14_avg": {
        "pearson": [
            0.11628160829772947,
            5.021262058546917e-16
        ],
        "spearman": [
            0.12522628548321957,
            2.337811968937416e-18
        ],
        "count": 4835
    },
    "Paro18_avg": {
        "pearson": [
            0.15439485845994,
            9.143294933977452e-28
        ],
        "spearman": [
            0.1541392607829505,
            1.1182459790887824e-27
        ],
        "count": 4946
    },
    "Ribo11_avg": {
        "pearson": [
            0.07096074598222851,
            6.793538960657003e-07
        ],
        "spearman": [
            0.09395785909184903,
            4.603583463454913e-11
        ],
        "count": 4890
    },
    "Ribo12_avg": {
        "pearson": [
            0.1315239161547026,
            2.999094023360972e-20
        ],
        "spearman": [
            0.14540907969476996,
            1.9380076556994845e-24
        ],
        "count": 4873
    },
    "Ribo14_avg": {
        "pearson": [
            0.17387507083746645,
            2.209493921763982e-35
        ],
        "spearman": [
            0.16546919316293465,
            3.691397700191681e-32
        ],
        "count": 5022
    },
    "Ribo18_avg": {
        "pearson": [
            0.20372738148578928,
            2.6885560509188724e-48
        ],
        "spearman": [
            0.17748169157466462,
            6.811015817657196e-37
        ],
        "count": 5033
    }
}