{
    "Ami11_avg": {
        "pearson": [
            0.0002799967519255016,
            0.9838254377616009
        ],
        "spearman": [
            -0.002864317447226351,
            0.8357040058329047
        ],
        "count": 5245
    },
    "Ami12_avg": {
        "pearson": [
            0.05147115528356092,
            0.0002544066477270167
        ],
        "spearman": [
            0.05911375955046361,
            2.6481030110146336e-05
        ],
        "count": 5046
    },
    "Ami14_avg": {
        "pearson": [
            0.0621473816269525,
            1.1010375761790156e-05
        ],
        "spearman": [
            0.08177838957850452,
            7.0755216716212394e-09
        ],
        "count": 4997
    },
    "Ami18_avg": {
        "pearson": [
            -0.037589087952653116,
            0.006411131562409547
        ],
        "spearman": [
            -0.028938742787778613,
            0.035874362384166046
        ],
        "count": 5258
    },
    "G41811_avg": {
        "pearson": [
            0.06512614716915864,
            3.608022400908348e-06
        ],
        "spearman": [
            0.06728212455684225,
            1.6973114259604497e-06
        ],
        "count": 5052
    },
    "G41812_avg": {
        "pearson": [
            0.11944995107006337,
            3.1788886962834175e-17
        ],
        "spearman": [
            0.13049445666597445,
            2.793535070351788e-20
        ],
        "count": 4959
    },
    "G41814_avg": {
        "pearson": [
            0.16897220724794193,
            9.099061091393494e-35
        ],
        "spearman": [
            0.1571598362355519,
            3.0114925263763895e-30
        ],
        "count": 5225
    },
    "Kan11_avg": {
        "pearson": [
            0.05818875985068939,
            3.783459645256303e-05
        ],
        "spearman": [
            0.07342789763009387,
            1.9713996667285758e-07
        ],
        "count": 5008
    },
    "Kan12_avg": {
        "pearson": [
            0.1096565635071335,
            1.962080566060118e-14
        ],
        "spearman": [
            0.12460199164936786,
            3.2079576294517022e-18
        ],
        "count": 4844
    },
    "Kan14_avg": {
        "pearson": [
            0.14658931209790324,
            2.0949752403993296e-25
        ],
        "spearman": [
            0.1497064441324669,
            1.940626940476174e-26
        ],
        "count": 4997
    },
    "Kan18_avg": {
        "pearson": [
            0.18634057072517293,
            4.976229396259863e-42
        ],
        "spearman": [
            0.1696648643250825,
            4.894934350032548e-35
        ],
        "count": 5224
    },
    "Neo11_avg": {
        "pearson": [
            0.05779652210033697,
            3.7654077352609604e-05
        ],
        "spearman": [
            0.05988682191649398,
            1.9482275802226967e-05
        ],
        "count": 5079
    },
    "Neo12_avg": {
        "pearson": [
            0.12921803957683306,
            5.923576071972347e-20
        ],
        "spearman": [
            0.14171201487187635,
            1.0309418021505541e-23
        ],
        "count": 4970
    },
    "Neo14_avg": {
        "pearson": [
            0.1926710340839729,
            1.6738913041814128e-44
        ],
        "spearman": [
            0.18050588092917638,
            3.4715891063345024e-39
        ],
        "count": 5180
    },
    "Neo18_avg": {
        "pearson": [
            0.17469419532383612,
            4.3630791355178246e-37
        ],
        "spearman": [
            0.15215094062776321,
            1.9397029046837379e-28
        ],
        "count": 5226
    },
    "Paro11_avg": {
        "pearson": [
            0.02774696125398924,
            0.04484045800672427
        ],
        "spearman": [
            0.035523526880219584,
            0.01020743344787786
        ],
        "count": 5228
    },
    "Paro12_avg": {
        "pearson": [
            0.06916113414349985,
            1.0074899977824913e-06
        ],
        "spearman": [
            0.08142616163585288,
            8.408214665026594e-09
        ],
        "count": 4990
    },
    "Paro14_avg": {
        "pearson": [
            0.11874438786060691,
            4.913711794035251e-17
        ],
        "spearman": [
            0.12699231956832346,
            2.80724232221389e-19
        ],
        "count": 4958
    },
    "Paro18_avg": {
        "pearson": [
            0.16160989893544267,
            3.7026017988413397e-31
        ],
        "spearman": [
            0.1639172792839543,
            5.11859270273839e-32
        ],
        "count": 5095
    },
    "Ribo11_avg": {
        "pearson": [
            0.07198683647264825,
            3.467464234591284e-07
        ],
        "spearman": [
            0.08966621709802997,
            2.1224858207401637e-10
        ],
        "count": 5001
    },
    "Ribo12_avg": {
        "pearson": [
            0.1360464300895436,
            4.270414871896529e-22
        ],
        "spearman": [
            0.1521362921856714,
            2.762918218270868e-27
        ],
        "count": 5002
    },
    "Ribo14_avg": {
        "pearson": [
            0.1876145057192254,
            2.799612620888856e-42
        ],
        "spearman": [
            0.18289600904028527,
            3.127509976122222e-40
        ],
        "count": 5184
    },
    "Ribo18_avg": {
        "pearson": [
            0.2140550237105895,
            5.908210351180287e-55
        ],
        "spearman": [
            0.1894796032485301,
            3.122964497360284e-43
        ],
        "count": 5200
    }
}