{
    "SelectionTwo": {
        "pearson": [
            0.4880011069397003,
            0.0
        ],
        "spearman": [
            0.4926916973442572,
            0.0
        ],
        "count": 8329
    }
}