{
    "1AMQ": {
        "pearson": [
            -0.15308522257767906,
            0.8469147774223209
        ],
        "spearman": [
            -0.39999999999999997,
            0.6
        ],
        "count": 4
    },
    "1BNI": {
        "pearson": [
            -0.27223843736871517,
            0.3682092056058196
        ],
        "spearman": [
            -0.19559302868428755,
            0.5219160396930226
        ],
        "count": 13
    },
    "1CEY": {
        "pearson": [
            -0.3148554493592624,
            0.7960879152556225
        ],
        "spearman": [
            -0.5,
            0.6666666666666667
        ],
        "count": 3
    },
    "1EY0": {
        "pearson": [
            -0.7522511735537674,
            3.9047604260820695e-06
        ],
        "spearman": [
            -0.5978366456623967,
            0.0007802778162820642
        ],
        "count": 28
    },
    "1IHB": {
        "pearson": [
            0.033941732351534006,
            0.9783878710441544
        ],
        "spearman": [
            -0.5,
            0.6666666666666667
        ],
        "count": 3
    },
    "1L63": {
        "pearson": [
            -0.46548970168124987,
            1.0886551746651738e-07
        ],
        "spearman": [
            -0.506869193720792,
            4.720577326756009e-09
        ],
        "count": 118
    },
    "1LZ1": {
        "pearson": [
            -0.5626229872826773,
            1.9414158166224573e-06
        ],
        "spearman": [
            -0.43407717054151845,
            0.0004237549166031088
        ],
        "count": 62
    },
    "1OH0": {
        "pearson": [
            -1.0,
            1.0
        ],
        "spearman": [
            -0.9999999999999999,
            NaN
        ],
        "count": 2
    },
    "1VQB": {
        "pearson": [
            -0.5323436794811698,
            0.3557339501332456
        ],
        "spearman": [
            -0.6,
            0.28475697986529375
        ],
        "count": 5
    },
    "2LZM": {
        "pearson": [
            0.0319200850136592,
            0.7991633171406487
        ],
        "spearman": [
            -0.014140847166538578,
            0.910275222005205
        ],
        "count": 66
    },
    "2RN2": {
        "pearson": [
            -0.23920736840542417,
            0.33907721774438804
        ],
        "spearman": [
            -0.36232058781873183,
            0.13951764219452603
        ],
        "count": 18
    },
    "3ZCF": {
        "pearson": [
            -1.0,
            1.0
        ],
        "spearman": [
            -0.9999999999999999,
            NaN
        ],
        "count": 2
    },
    "4BVM": {
        "pearson": [
            -0.49434408213045183,
            0.39725045970268
        ],
        "spearman": [
            -0.3,
            0.6238376647810728
        ],
        "count": 5
    },
    "4LYZ": {
        "pearson": [
            -0.46857287460215535,
            0.0910302590612736
        ],
        "spearman": [
            -0.5900642542772983,
            0.026333494407971367
        ],
        "count": 14
    },
    "5PTI": {
        "pearson": [
            0.07071105631211391,
            0.9100429707889405
        ],
        "spearman": [
            0.09999999999999999,
            0.8728885715695383
        ],
        "count": 5
    },
    "overall": {
        "pearson": [
            -0.44978799115264323,
            6.207264019061095e-19
        ],
        "spearman": [
            -0.4107731420725383,
            9.216461623329851e-16
        ],
        "count": 352
    }
}