{
    "selection_coefficient": {
        "pearson": [
            0.30428697629372226,
            1.35605082092667e-28
        ],
        "spearman": [
            0.2889336976291517,
            7.981905455050143e-26
        ],
        "count": 1269
    }
}