{
    "selection_coefficient": {
        "pearson": [
            0.2980244328080045,
            1.916251826623172e-27
        ],
        "spearman": [
            0.2714208095136134,
            7.226561181475731e-23
        ],
        "count": 1269
    }
}