{
    "selection_coefficient": {
        "pearson": [
            0.3333634402722435,
            2.591294897343873e-34
        ],
        "spearman": [
            0.2984731277686764,
            1.5884904382852415e-27
        ],
        "count": 1269
    }
}