{
    "1A7V": {
        "pearson": [
            0.10698918111894012,
            0.7279251767227201
        ],
        "spearman": [
            -0.19559302868428755,
            0.5219160396930226
        ],
        "count": 13
    },
    "1BA3": {
        "pearson": [
            -0.9732781764972722,
            0.02672182350272778
        ],
        "spearman": [
            -0.7999999999999999,
            0.20000000000000007
        ],
        "count": 4
    },
    "1BFM": {
        "pearson": [
            1.0,
            1.0
        ],
        "spearman": [
            0.9999999999999999,
            NaN
        ],
        "count": 2
    },
    "1D5G": {
        "pearson": [
            1.0,
            1.0
        ],
        "spearman": [
            0.9999999999999999,
            NaN
        ],
        "count": 2
    },
    "1DIV": {
        "pearson": [
            -0.8385930756610432,
            2.949163572472039e-14
        ],
        "spearman": [
            -0.8204672626756383,
            3.0528782241150954e-13
        ],
        "count": 50
    },
    "1EKG": {
        "pearson": [
            0.210794378651585,
            0.7892056213484149
        ],
        "spearman": [
            0.19999999999999998,
            0.8
        ],
        "count": 4
    },
    "1FT8": {
        "pearson": [
            -0.8781680381762006,
            7.862530501553345e-05
        ],
        "spearman": [
            -0.8681318681318682,
            0.00011910255980042727
        ],
        "count": 13
    },
    "1FXA": {
        "pearson": [
            -0.4915188401532582,
            0.12466435416645066
        ],
        "spearman": [
            -0.690909090909091,
            0.018565033381595004
        ],
        "count": 11
    },
    "1G3P": {
        "pearson": [
            -0.30520373968579795,
            0.12161137090099991
        ],
        "spearman": [
            -0.2076970454724017,
            0.2985495671179439
        ],
        "count": 27
    },
    "1GUA": {
        "pearson": [
            -0.8282057333181929,
            2.097800274045351e-13
        ],
        "spearman": [
            -0.8364285714285713,
            7.293538561565567e-14
        ],
        "count": 49
    },
    "1H0X": {
        "pearson": [
            -1.0,
            1.0
        ],
        "spearman": [
            -0.9999999999999999,
            NaN
        ],
        "count": 2
    },
    "1HCQ": {
        "pearson": [
            1.0,
            1.0
        ],
        "spearman": [
            0.9999999999999999,
            NaN
        ],
        "count": 2
    },
    "1ITM": {
        "pearson": [
            0.9461497684637107,
            0.20987337401415554
        ],
        "spearman": [
            0.5,
            0.6666666666666667
        ],
        "count": 3
    },
    "1IV7": {
        "pearson": [
            -0.9993833292364916,
            0.022358575002345938
        ],
        "spearman": [
            -1.0,
            0.0
        ],
        "count": 3
    },
    "1J8I": {
        "pearson": [
            -0.2926503897192555,
            0.5735563270791828
        ],
        "spearman": [
            -0.29424494316824984,
            0.5713704615752551
        ],
        "count": 6
    },
    "1JLV": {
        "pearson": [
            0.14825634369715962,
            0.9052678597377041
        ],
        "spearman": [
            0.5,
            0.6666666666666667
        ],
        "count": 3
    },
    "1L6H": {
        "pearson": [
            -0.9877544592104197,
            0.09973056619751598
        ],
        "spearman": [
            -1.0,
            0.0
        ],
        "count": 3
    },
    "1LVM": {
        "pearson": [
            0.13353356342713574,
            0.8304864243954151
        ],
        "spearman": [
            0.05129891760425771,
            0.934712848108234
        ],
        "count": 5
    },
    "1N18": {
        "pearson": [
            -0.40543234771907005,
            0.59456765228093
        ],
        "spearman": [
            -0.6000000000000001,
            0.3999999999999999
        ],
        "count": 4
    },
    "1N88": {
        "pearson": [
            -0.5104166000765737,
            0.03630561411429352
        ],
        "spearman": [
            -0.5217933955920454,
            0.031686915068645696
        ],
        "count": 17
    },
    "1NM1": {
        "pearson": [
            1.0,
            1.0
        ],
        "spearman": [
            0.9999999999999999,
            NaN
        ],
        "count": 2
    },
    "1O1U": {
        "pearson": [
            -0.3327623029322585,
            0.519280055331378
        ],
        "spearman": [
            -0.819688599970537,
            0.045837141232453256
        ],
        "count": 6
    },
    "1O6X": {
        "pearson": [
            -0.4180593776869693,
            0.06661132053133521
        ],
        "spearman": [
            -0.42588424396339575,
            0.06116894698337902
        ],
        "count": 20
    },
    "1OSI": {
        "pearson": [
            -0.9310621018350953,
            0.0689378981649047
        ],
        "spearman": [
            -0.7999999999999999,
            0.20000000000000007
        ],
        "count": 4
    },
    "1PFL": {
        "pearson": [
            -0.7360280928675716,
            0.15619926900674036
        ],
        "spearman": [
            -0.49999999999999994,
            0.39100221895577053
        ],
        "count": 5
    },
    "1PRG": {
        "pearson": [
            -0.481674740988204,
            0.2737437125124642
        ],
        "spearman": [
            -0.39285714285714296,
            0.38331687042697266
        ],
        "count": 7
    },
    "1R6R": {
        "pearson": [
            -0.3497477979835728,
            0.6502522020164272
        ],
        "spearman": [
            -0.39999999999999997,
            0.6
        ],
        "count": 4
    },
    "1SPD": {
        "pearson": [
            1.0,
            1.0
        ],
        "spearman": [
            0.9999999999999999,
            NaN
        ],
        "count": 2
    },
    "1X0J": {
        "pearson": [
            -0.14708099798301497,
            0.7529995322487867
        ],
        "spearman": [
            -0.07142857142857144,
            0.8790481931481541
        ],
        "count": 7
    },
    "1XWS": {
        "pearson": [
            0.3479226503641897,
            0.6520773496358103
        ],
        "spearman": [
            0.39999999999999997,
            0.6
        ],
        "count": 4
    },
    "1XXN": {
        "pearson": [
            -0.651464108343261,
            0.23365934379202702
        ],
        "spearman": [
            -0.46169025843831935,
            0.43376615616902786
        ],
        "count": 5
    },
    "1XZO": {
        "pearson": [
            -0.7879208635930757,
            0.21207913640692433
        ],
        "spearman": [
            -0.7999999999999999,
            0.20000000000000007
        ],
        "count": 4
    },
    "2BJD": {
        "pearson": [
            -0.9116795304488566,
            0.26957231240230445
        ],
        "spearman": [
            -1.0,
            0.0
        ],
        "count": 3
    },
    "2C9Q": {
        "pearson": [
            -1.0,
            1.0
        ],
        "spearman": [
            -0.9999999999999999,
            NaN
        ],
        "count": 2
    },
    "2CLR": {
        "pearson": [
            -0.6565215837748016,
            0.3434784162251985
        ],
        "spearman": [
            -0.7999999999999999,
            0.20000000000000007
        ],
        "count": 4
    },
    "2DVV": {
        "pearson": [
            -1.0,
            1.0
        ],
        "spearman": [
            -0.9999999999999999,
            NaN
        ],
        "count": 2
    },