{
    "fitness": {
        "pearson": [
            0.33682614938569266,
            1.3001024725222864e-41
        ],
        "spearman": [
            0.3348271763180718,
            4.121245813040313e-41
        ],
        "count": 1519
    }
}