{
    "fitness": {
        "pearson": [
            0.3107232909275296,
            2.344342659173045e-35
        ],
        "spearman": [
            0.30840737763574094,
            7.86353060502268e-35
        ],
        "count": 1519
    }
}