{
    "attenuated": {
        "pearson": [
            0.12009539959790706,
            1.5309070862592285e-11
        ],
        "spearman": [
            0.09613828094068552,
            6.953300340252695e-08
        ],
        "count": 3134
    },
    "regulated": {
        "pearson": [
            0.36829644821741797,
            2.811694677121139e-101
        ],
        "spearman": [
            0.34346357697046687,
            1.7626148403233772e-87
        ],
        "count": 3134
    },
    "unregulated": {
        "pearson": [
            0.37365606585894573,
            2.0258029291926303e-104
        ],
        "spearman": [
            0.35427393063188567,
            2.4647477594194076e-93
        ],
        "count": 3134
    }
}