{
    "attenuated": {
        "pearson": [
            0.1248680077571991,
            2.2984941798838692e-12
        ],
        "spearman": [
            0.10334351484652497,
            6.686515004398419e-09
        ],
        "count": 3134
    },
    "regulated": {
        "pearson": [
            0.3881903717616528,
            3.023341260350075e-113
        ],
        "spearman": [
            0.36958302705215407,
            5.01277358498478e-102
        ],
        "count": 3134
    },
    "unregulated": {
        "pearson": [
            0.4057948410226813,
            1.4968724445632815e-124
        ],
        "spearman": [
            0.393393931753118,
            1.622315129362199e-116
        ],
        "count": 3134
    }
}