{
    "attenuated": {
        "pearson": [
            0.11435174472726445,
            1.3612150128722195e-10
        ],
        "spearman": [
            0.08986827768235023,
            4.674563677650321e-07
        ],
        "count": 3134
    },
    "regulated": {
        "pearson": [
            0.404038100900352,
            2.159610516597246e-123
        ],
        "spearman": [
            0.3789466235757537,
            1.3989742146303334e-107
        ],
        "count": 3134
    },
    "unregulated": {
        "pearson": [
            0.4126335287489212,
            3.9418668430201986e-129
        ],
        "spearman": [
            0.391281907438279,
            3.504548560926408e-115
        ],
        "count": 3134
    }
}