{
    "selection_coefficient": {
        "pearson": [
            0.3046317384940813,
            1.1698594103297265e-28
        ],
        "spearman": [
            0.292008966522953,
            2.294928175005873e-26
        ],
        "count": 1269
    }
}