{
    "selection_coefficient": {
        "pearson": [
            0.29210584355888053,
            2.2060084985935623e-26
        ],
        "spearman": [
            0.2712154914654689,
            7.804443500793379e-23
        ],
        "count": 1269
    }
}