{
    "selection_coefficient": {
        "pearson": [
            0.36919469012098866,
            2.9206177317467214e-42
        ],
        "spearman": [
            0.33766882243374396,
            3.2533812203424333e-35
        ],
        "count": 1269
    }
}