{
    "screenscore": {
        "pearson": [
            0.3008923215945657,
            1.3707239693734316e-72
        ],
        "spearman": [
            0.3169650418159917,
            9.036940404979444e-81
        ],
        "count": 3424
    }
}