{
    "screenscore": {
        "pearson": [
            0.275959399274197,
            9.911825317038934e-56
        ],
        "spearman": [
            0.2985004835481423,
            2.454009480944114e-65
        ],
        "count": 3125
    }
}