{
    "SelectionTwo": {
        "pearson": [
            0.4324372467930656,
            0.0
        ],
        "spearman": [
            0.4555900585938397,
            0.0
        ],
        "count": 8329
    }
}