{
    "1A7V": {
        "pearson": [
            -0.02929515901098059,
            0.9243138400731693
        ],
        "spearman": [
            -0.349863586519782,
            0.24125706891014803
        ],
        "count": 13
    },
    "1BA3": {
        "pearson": [
            -0.942335546643183,
            0.057664453356816914
        ],
        "spearman": [
            -0.39999999999999997,
            0.6
        ],
        "count": 4
    },
    "1BFM": {
        "pearson": [
            1.0,
            1.0
        ],
        "spearman": [
            0.9999999999999999,
            NaN
        ],
        "count": 2
    },
    "1D5G": {
        "pearson": [
            1.0,
            1.0
        ],
        "spearman": [
            0.9999999999999999,
            NaN
        ],
        "count": 2
    },
    "1DIV": {
        "pearson": [
            -0.8318518229860656,
            7.26447692149246e-14
        ],
        "spearman": [
            -0.8155689506596643,
            5.490952284639278e-13
        ],
        "count": 50
    },
    "1EKG": {
        "pearson": [
            0.07274130788069412,
            0.9272586921193058
        ],
        "spearman": [
            0.19999999999999998,
            0.8
        ],
        "count": 4
    },
    "1FT8": {
        "pearson": [
            -0.8786493244751988,
            7.700609296767006e-05
        ],
        "spearman": [
            -0.8186813186813187,
            0.0006209883849300375
        ],
        "count": 13
    },
    "1FXA": {
        "pearson": [
            -0.5817794844819676,
            0.06044110817754174
        ],
        "spearman": [
            -0.6000000000000001,
            0.05100326070695074
        ],
        "count": 11
    },
    "1G3P": {
        "pearson": [
            -0.30672941798673725,
            0.11966544794764122
        ],
        "spearman": [
            -0.2351863603143372,
            0.23764580925842718
        ],
        "count": 27
    },
    "1GUA": {
        "pearson": [
            -0.8179449382890674,
            7.269179804113343e-13
        ],
        "spearman": [
            -0.8337755102040816,
            1.0320320301969036e-13
        ],
        "count": 49
    },
    "1H0X": {
        "pearson": [
            -1.0,
            1.0
        ],
        "spearman": [
            -0.9999999999999999,
            NaN
        ],
        "count": 2
    },
    "1HCQ": {
        "pearson": [
            1.0,
            1.0
        ],
        "spearman": [
            0.9999999999999999,
            NaN
        ],
        "count": 2
    },
    "1ITM": {
        "pearson": [
            0.9600337239712697,
            0.1805922491261688
        ],
        "spearman": [
            0.5,
            0.6666666666666667
        ],
        "count": 3
    },
    "1IV7": {
        "pearson": [
            -0.9958585023100237,
            0.05795939349937583
        ],
        "spearman": [
            -1.0,
            0.0
        ],
        "count": 3
    },
    "1J8I": {
        "pearson": [
            -0.18888717634824598,
            0.720038828325138
        ],
        "spearman": [
            -0.29424494316824984,
            0.5713704615752551
        ],
        "count": 6
    },
    "1JLV": {
        "pearson": [
            -0.3762873261059766,
            0.7544011131485227
        ],
        "spearman": [
            0.5,
            0.6666666666666667
        ],
        "count": 3
    },
    "1L6H": {
        "pearson": [
            -0.9853856939186615,
            0.10897190735194683
        ],
        "spearman": [
            -1.0,
            0.0
        ],
        "count": 3
    },
    "1LVM": {
        "pearson": [
            0.09335789509908153,
            0.8813059306556438
        ],
        "spearman": [
            0.05129891760425771,
            0.934712848108234
        ],
        "count": 5
    },
    "1N18": {
        "pearson": [
            -0.41801482627037334,
            0.5819851737296267
        ],
        "spearman": [
            -0.6000000000000001,
            0.3999999999999999
        ],
        "count": 4
    },
    "1N88": {
        "pearson": [
            -0.4341515205080043,
            0.08163669116717741
        ],
        "spearman": [
            -0.32658127818231547,
            0.20075834903610054
        ],
        "count": 17
    },
    "1NM1": {
        "pearson": [
            1.0,
            1.0
        ],
        "spearman": [
            0.9999999999999999,
            NaN
        ],
        "count": 2
    },
    "1O1U": {
        "pearson": [
            -0.3487379268773466,
            0.49809953897755693
        ],
        "spearman": [
            -0.5161002296110789,
            0.2945837414624608
        ],
        "count": 6
    },
    "1O6X": {
        "pearson": [
            -0.4832451342932491,
            0.03089053990178218
        ],
        "spearman": [
            -0.4424380484990755,
            0.05076995671275134
        ],
        "count": 20
    },
    "1OSI": {
        "pearson": [
            -0.9170751888621577,
            0.08292481113784245
        ],
        "spearman": [
            -0.7999999999999999,
            0.20000000000000007
        ],
        "count": 4
    },
    "1PFL": {
        "pearson": [
            -0.5599901529328141,
            0.32624916075549315
        ],
        "spearman": [
            -0.49999999999999994,
            0.39100221895577053
        ],
        "count": 5
    },
    "1PRG": {
        "pearson": [
            -0.5466978338008841,
            0.2041307209251885
        ],
        "spearman": [
            -0.5714285714285715,
            0.1802019889115274
        ],
        "count": 7
    },
    "1R6R": {
        "pearson": [
            -0.31792463934100196,
            0.682075360658998
        ],
        "spearman": [
            -0.39999999999999997,
            0.6
        ],
        "count": 4
    },
    "1SPD": {
        "pearson": [
            1.0,
            1.0
        ],
        "spearman": [
            0.9999999999999999,
            NaN
        ],
        "count": 2
    },
    "1X0J": {
        "pearson": [
            -0.07187032784544106,
            0.8783040117190981
        ],
        "spearman": [
            0.03571428571428572,
            0.9394082054712856
        ],
        "count": 7
    },
    "1XWS": {
        "pearson": [
            0.5052992905513235,
            0.4947007094486766
        ],
        "spearman": [
            0.39999999999999997,
            0.6
        ],
        "count": 4
    },
    "1XXN": {
        "pearson": [
            -0.7041588450494972,
            0.18434970592499847
        ],
        "spearman": [
            -0.46169025843831935,
            0.43376615616902786
        ],
        "count": 5
    },
    "1XZO": {
        "pearson": [
            -0.7714498144509833,
            0.22855018554901685
        ],
        "spearman": [
            -0.7999999999999999,
            0.20000000000000007
        ],
        "count": 4
    },
    "2BJD": {
        "pearson": [
            -0.8958203100697214,
            0.29317787561539294
        ],
        "spearman": [
            -1.0,
            0.0
        ],
        "count": 3
    },
    "2C9Q": {
        "pearson": [
            -1.0,
            1.0
        ],
        "spearman": [
            -0.9999999999999999,
            NaN
        ],
        "count": 2
    },
    "2CLR": {
        "pearson": [
            -0.5922657809030011,
            0.4077342190969988
        ],
        "spearman": [
            -0.39999999999999997,
            0.6
        ],
        "count": 4
    },
    "2DVV": {
        "pearson": [
            -1.0,
            1.0
        ],
        "spearman": [
            -0.9999999999999999,
            NaN
        ],
        "count": 2
    },
    "2HBB": {
        "pearson": [
            -0.8015363550709955,
            2.197051050961642e-11
        ],