{
    "SelectionTwo": {
        "pearson": [
            0.20629025164278736,
            9.82271252545908e-81
        ],
        "spearman": [
            0.1775047920541085,
            6.336193351902487e-60
        ],
        "count": 8329
    }
}