{
    "screenscore": {
        "pearson": [
            0.37108320016877944,
            1.724575977559619e-89
        ],
        "spearman": [
            0.4200429271146328,
            1.1963618884423386e-116
        ],
        "count": 2718
    }
}