{
    "screenscore": {
        "pearson": [
            0.3531979601225166,
            8.629349915339448e-81
        ],
        "spearman": [
            0.3938264044471068,
            1.1071367588062226e-101
        ],
        "count": 2722
    }
}