{
    "overall": {
        "pearson": [
            -0.4116806452833902,
            8.635635156298084e-16
        ],
        "spearman": [
            -0.3900700931617711,
            3.3395157016904774e-14
        ],
        "count": 351
    }
}