{
    "2LZM": {
        "pearson": [
            -0.8808697570135664,
            1.3646511341792523e-11
        ],
        "spearman": [
            -0.8592459937786857,
            1.5486375361141793e-10
        ],
        "count": 33
    }
}