{
    "2LZM": {
        "pearson": [
            -0.8699101779260747,
            4.933302207485091e-11
        ],
        "spearman": [
            -0.821945651825669,
            4.504646034309344e-09
        ],
        "count": 33
    }
}