{
    "overall": {
        "pearson": [
            -0.47942242073781427,
            1.4231377050492385e-21
        ],
        "spearman": [
            -0.5058320200892155,
            3.355866948146723e-24
        ],
        "count": 351
    }
}