{
    "ETP_AVERAGE": {
        "pearson": [
            0.09778975853031488,
            2.92207690589128e-15
        ],
        "spearman": [
            0.10245931207010628,
            1.3052593002542303e-16
        ],
        "count": 6488
    },
    "DOX_Average": {
        "pearson": [
            -0.08590776279366288,
            4.173098296187538e-12
        ],
        "spearman": [
            -0.11169277660898885,
            1.8274875747076888e-19
        ],
        "count": 6488
    },
    "SCH_Average": {
        "pearson": [
            0.1159203741916003,
            7.465079484800841e-21
        ],
        "spearman": [
            0.11684057835783039,
            3.663254629566547e-21
        ],
        "count": 6488
    },
    "VRT_AVERAGE": {
        "pearson": [
            0.12531082149785283,
            4.001953784294346e-24
        ],
        "spearman": [
            0.1326371278374827,
            7.435981146678399e-27
        ],
        "count": 6488
    }
}