{
    "ETP_AVERAGE": {
        "pearson": [
            0.08786845236708807,
            3.776690420827557e-13
        ],
        "spearman": [
            0.09608089878038761,
            1.9386802518241017e-15
        ],
        "count": 6809
    },
    "DOX_Average": {
        "pearson": [
            -0.0784203857882169,
            9.185586151395433e-11
        ],
        "spearman": [
            -0.09297067529684919,
            1.5077310713782926e-14
        ],
        "count": 6809
    },
    "SCH_Average": {
        "pearson": [
            0.10554660322757638,
            2.4986830215635435e-18
        ],
        "spearman": [
            0.10526445793098636,
            3.0743282205245863e-18
        ],
        "count": 6809
    },
    "VRT_AVERAGE": {
        "pearson": [
            0.11355486886094922,
            5.5155975542250274e-21
        ],
        "spearman": [
            0.11864361463683266,
            8.964509095411093e-23
        ],
        "count": 6809
    }
}