{
    "function_score": {
        "pearson": [
            0.5092913439566257,
            5.229792457900937e-99
        ],
        "spearman": [
            0.43446471871196335,
            1.4955184922748166e-69
        ],
        "count": 1488
    }
}