{
    "function_score": {
        "pearson": [
            0.49564864063994396,
            5.437149763384907e-91
        ],
        "spearman": [
            0.4397002964536727,
            8.614561568828097e-70
        ],
        "count": 1454
    }
}