{
    "1AMQ": {
        "pearson": [
            -0.003325946594651307,
            0.9966740534053486
        ],
        "spearman": [
            -0.39999999999999997,
            0.6
        ],
        "count": 4
    },
    "1BNI": {
        "pearson": [
            -0.29909075287737835,
            0.3208562253108837
        ],
        "spearman": [
            -0.2672186448221957,
            0.377452818615708
        ],
        "count": 13
    },
    "1CEY": {
        "pearson": [
            0.6498057845619247,
            0.5497004393053748
        ],
        "spearman": [
            0.5,
            0.6666666666666667
        ],
        "count": 3
    },
    "1EY0": {
        "pearson": [
            -0.8561401191319008,
            6.2719045638100666e-09
        ],
        "spearman": [
            -0.7298372243198751,
            1.0459562278328323e-05
        ],
        "count": 28
    },
    "1IHB": {
        "pearson": [
            -0.3033637490118897,
            0.803780553550264
        ],
        "spearman": [
            -0.5,
            0.6666666666666667
        ],
        "count": 3
    },
    "1L63": {
        "pearson": [
            -0.4737496040437666,
            6.012427772826746e-08
        ],
        "spearman": [
            -0.5426617791543786,
            2.1842689321515578e-10
        ],
        "count": 118
    },
    "1LZ1": {
        "pearson": [
            -0.5297641558678702,
            9.522249474403893e-06
        ],
        "spearman": [
            -0.4455401204848554,
            0.00028468967097817436
        ],
        "count": 62
    },
    "1OH0": {
        "pearson": [
            1.0,
            1.0
        ],
        "spearman": [
            0.9999999999999999,
            NaN
        ],
        "count": 2
    },
    "1VQB": {
        "pearson": [
            -0.15732434339815143,
            0.8005178368364153
        ],
        "spearman": [
            -0.6,
            0.28475697986529375
        ],
        "count": 5
    },
    "2LZM": {
        "pearson": [
            -0.35044999573388647,
            0.003917078868824786
        ],
        "spearman": [
            -0.3227120956026899,
            0.008223670399861195
        ],
        "count": 66
    },
    "2RN2": {
        "pearson": [
            -0.3914534001011893,
            0.10817729198025468
        ],
        "spearman": [
            -0.3737078062930348,
            0.126597860859608
        ],
        "count": 18
    },
    "3ZCF": {
        "pearson": [
            -1.0,
            1.0
        ],
        "spearman": [
            -0.9999999999999999,
            NaN
        ],
        "count": 2
    },
    "4BVM": {
        "pearson": [
            -0.2687775510604037,
            0.6619480222418873
        ],
        "spearman": [
            -0.39999999999999997,
            0.5046315754686911
        ],
        "count": 5
    },
    "4LYZ": {
        "pearson": [
            -0.605427274339738,
            0.021770600357997372
        ],
        "spearman": [
            -0.6961432213383856,
            0.005683599974109987
        ],
        "count": 14
    },
    "5PTI": {
        "pearson": [
            -0.4706228951293204,
            0.42370415051200594
        ],
        "spearman": [
            -0.7,
            0.1881204043741873
        ],
        "count": 5
    },
    "overall": {
        "pearson": [
            -0.5106189336883211,
            9.087265131426938e-25
        ],
        "spearman": [
            -0.5001082993856765,
            1.1262952630674524e-23
        ],
        "count": 352
    }
}