{
    "SelectionTwo": {
        "pearson": [
            0.36621897521391444,
            9.781889219599309e-263
        ],
        "spearman": [
            0.45017256225204366,
            0.0
        ],
        "count": 8329
    }
}