{
    "attenuated": {
        "pearson": [
            0.037598987104593966,
            0.03531078737500107
        ],
        "spearman": [
            0.04017555954701935,
            0.0245045705511274
        ],
        "count": 3134
    },
    "regulated": {
        "pearson": [
            0.3045979096313096,
            2.7987521170585236e-68
        ],
        "spearman": [
            0.31158846710664295,
            1.5861407876011856e-71
        ],
        "count": 3134
    },
    "unregulated": {
        "pearson": [
            0.2866894153485498,
            2.3190086479038242e-60
        ],
        "spearman": [
            0.3014102890380835,
            7.908528744692175e-67
        ],
        "count": 3134
    }
}