{
    "attenuated": {
        "pearson": [
            0.015499989654679665,
            0.38570724995602396
        ],
        "spearman": [
            0.027539654020161508,
            0.12321798780090541
        ],
        "count": 3134
    },
    "regulated": {
        "pearson": [
            0.27508616316062495,
            1.5712444102070944e-55
        ],
        "spearman": [
            0.30048229885964295,
            2.0755328150334097e-66
        ],
        "count": 3134
    },
    "unregulated": {
        "pearson": [
            0.27208448654964557,
            2.5607616832727823e-54
        ],
        "spearman": [
            0.304209932221973,
            4.212726238494457e-68
        ],
        "count": 3134
    }
}