{
    "attenuated": {
        "pearson": [
            -0.021611705395495527,
            0.22646001222270137
        ],
        "spearman": [
            0.006434390005597482,
            0.7187940746792143
        ],
        "count": 3134
    },
    "regulated": {
        "pearson": [
            0.29812041019604546,
            2.3806885055116353e-65
        ],
        "spearman": [
            0.3193746157269056,
            3.013809806275785e-75
        ],
        "count": 3134
    },
    "unregulated": {
        "pearson": [
            0.30278116688126977,
            1.8890950909512505e-67
        ],
        "spearman": [
            0.3336260695414949,
            2.3734735679310882e-82
        ],
        "count": 3134
    }
}