{
    "myoglobin": {
        "pearson": [
            -0.7501668843688898,
            2.7625525154585096e-86
        ],
        "spearman": [
            -0.8117734850356794,
            1.2422921725646019e-111
        ],
        "precision": 0.8431372549019608,
        "recall": 0.8113207547169812,
        "auroc": 0.9197202593429009,
        "accuracy": 0.8471337579617835,
        "count": 471,
        "num_stabilizing": 212,
        "num_destabilizing": 259
    },
    "p53": {
        "pearson": [
            -0.8178603728793774,
            1.4333324380034308e-14
        ],
        "spearman": [
            -0.7202255858131233,
            3.9260570980759445e-10
        ],
        "precision": 0.7058823529411765,
        "recall": 0.631578947368421,
        "auroc": 0.8364153627311521,
        "accuracy": 0.7857142857142857,
        "count": 56,
        "num_stabilizing": 19,
        "num_destabilizing": 37
    },
    "s669": {
        "pearson": [
            -0.6612092712774766,
            4.2676690928332956e-147
        ],
        "spearman": [
            -0.6456159625369137,
            4.0492032785152265e-138
        ],
        "precision": 0.656641604010025,
        "recall": 0.6093023255813953,
        "auroc": 0.8063009613249151,
        "accuracy": 0.7377472055030094,
        "count": 1163,
        "num_stabilizing": 430,
        "num_destabilizing": 733
    },
    "ssym": {
        "pearson": [
            -0.7268614036108454,
            3.343099251332643e-304
        ],
        "spearman": [
            -0.7184770259394537,
            5.2470779502498714e-294
        ],
        "precision": 0.7220812182741116,
        "recall": 0.7193426042983565,
        "auroc": 0.8483814734805202,
        "accuracy": 0.7618790496760259,
        "count": 1852,
        "num_stabilizing": 791,
        "num_destabilizing": 1061
    },
    "t2226": {
        "pearson": [
            -0.7045541699931258,
            0.0
        ],
        "spearman": [
            -0.7105655855710528,
            0.0
        ],
        "precision": 0.7381429525718103,
        "recall": 0.7458656766790415,
        "auroc": 0.8483585781107487,
        "accuracy": 0.7751280175566935,
        "count": 6835,
        "num_stabilizing": 2963,
        "num_destabilizing": 3872
    },
    "overall": {
        "pearson": [
            -0.7056208775111675,
            0.0
        ],
        "spearman": [
            -0.7113901826996913,
            0.0
        ],
        "precision": 0.7326215356656065,
        "recall": 0.7304643261608154,
        "auroc": 0.8484922060174992,
        "accuracy": 0.7718993928881179,
        "count": 10377,
        "num_stabilizing": 4415,
        "num_destabilizing": 5962
    }
}