{
    "ETP_AVERAGE": {
        "pearson": [
            0.0916613818634806,
            3.504904513703015e-14
        ],
        "spearman": [
            0.10153767254795734,
            4.513522003344639e-17
        ],
        "count": 6809
    },
    "DOX_Average": {
        "pearson": [
            -0.061563132228367165,
            3.69813152964565e-07
        ],
        "spearman": [
            -0.07610141876810744,
            3.224083364986662e-10
        ],
        "count": 6809
    },
    "SCH_Average": {
        "pearson": [
            0.10413369175662318,
            7.01765300353065e-18
        ],
        "spearman": [
            0.10975559939038933,
            1.0615513595362788e-19
        ],
        "count": 6809
    },
    "VRT_AVERAGE": {
        "pearson": [
            0.11349708381471625,
            5.773714643994155e-21
        ],
        "spearman": [
            0.12136284103197698,
            9.206840274368871e-24
        ],
        "count": 6809
    }
}