{
    "ETP_AVERAGE": {
        "pearson": [
            0.103855596186041,
            5.0105423630507486e-17
        ],
        "spearman": [
            0.11365030206590689,
            4.219096299334305e-20
        ],
        "count": 6488
    },
    "DOX_Average": {
        "pearson": [
            -0.06366092199947236,
            2.8670151395220413e-07
        ],
        "spearman": [
            -0.08411564410213761,
            1.1522099221749108e-11
        ],
        "count": 6488
    },
    "SCH_Average": {
        "pearson": [
            0.11605059170547719,
            6.752019807613838e-21
        ],
        "spearman": [
            0.1235116381061145,
            1.773629154068258e-23
        ],
        "count": 6488
    },
    "VRT_AVERAGE": {
        "pearson": [
            0.12043101498225624,
            2.1578497667275085e-22
        ],
        "spearman": [
            0.13248904471215506,
            8.474221211224488e-27
        ],
        "count": 6488
    }
}