{
    "enrichment": {
        "pearson": [
            0.1666418153422587,
            8.131285846683035e-21
        ],
        "spearman": [
            0.11469654063540735,
            1.3898846304588335e-10
        ],
        "count": 3112
    }
}