{
    "enrichment": {
        "pearson": [
            0.1802021531197638,
            3.998900747605229e-24
        ],
        "spearman": [
            0.12070691740006954,
            1.4216629194760172e-11
        ],
        "count": 3112
    }
}