{
    "enrichment": {
        "pearson": [
            0.17661984325119665,
            6.411203815126802e-26
        ],
        "spearman": [
            0.11762257468374164,
            2.9433653294685443e-12
        ],
        "count": 3500
    }
}