{
    "overall": {
        "pearson": [
            -0.5805764800293883,
            5.130668061945478e-33
        ],
        "spearman": [
            -0.6078864501593005,
            7.695528583329184e-37
        ],
        "count": 351
    }
}