{
    "Overall": {
        "all_types_of_mutations": {
            "Pr": -0.13571450802564436,
            "Pr_pval": 0.008769957294219094,
            "Sr": -0.15143396411449456,
            "Sr_pval": 0.0034134118583920387,
            "num": 372.0,
            "num_struc": 39.0
        },
        "single_point_mutations": {
            "Pr": -0.09382601996070154,
            "Pr_pval": 0.13056767482708476,
            "Sr": -0.0684154370701403,
            "Sr_pval": 0.2707787967858253,
            "num": 261.0,
            "num_struc": 36.0
        },
        "multi_point_mutations": {
            "Pr": -0.18663262971830713,
            "Pr_pval": 0.04984322236595847,
            "Sr": -0.13915866840519273,
            "Sr_pval": 0.14521897998569025,
            "num": 111.0,
            "num_struc": 16.0
        }
    },
    "Per-Structure": {
        "all_types_of_mutations": {
            "Pr": 0.025235945276992328,
            "Pr_std": 0.2118415602845974,
            "Pr_pval": 0.17272454570013437,
            "Sr": -0.0013158674719550012,
            "Sr_std": 0.215682856902059,
            "Sr_pval": 0.05198922647487898,
            "num": 266.0,
            "num_struc": 8.0
        },
        "single_point_mutations": {
            "Pr": 0.008543371859131585,
            "Pr_std": 0.23232081808921876,
            "Pr_pval": 0.1998934795345924,
            "Sr": 0.024496053500214,
            "Sr_std": 0.18427473237025832,
            "Sr_pval": 0.4835320400587949,
            "num": 180.0,
            "num_struc": 7.0
        },
        "multi_point_mutations": {
            "Pr": -0.3410452776305927,
            "Pr_std": 0.01641777547294615,
            "Pr_pval": 0.010653962944580837,
            "Sr": -0.3716356852324293,
            "Sr_std": 0.0653346336093141,
            "Sr_pval": 0.006934556024193809,
            "num": 79.0,
            "num_struc": 2.0
        }
    }
}