{
    "Overall": {
        "all_types_of_mutations": {
            "Pr": -0.12370743418235067,
            "Pr_pval": 0.01698054169003436,
            "Sr": -0.13785095564860178,
            "Sr_pval": 0.007755156116703476,
            "num": 372.0,
            "num_struc": 39.0
        },
        "single_point_mutations": {
            "Pr": -0.0950667804511079,
            "Pr_pval": 0.12553463152710445,
            "Sr": -0.0771912939839254,
            "Sr_pval": 0.21389248287219542,
            "num": 261.0,
            "num_struc": 36.0
        },
        "multi_point_mutations": {
            "Pr": -0.15492076884952585,
            "Pr_pval": 0.10447553171324869,
            "Sr": -0.09772171341658632,
            "Sr_pval": 0.30756154475316066,
            "num": 111.0,
            "num_struc": 16.0
        }
    },
    "Per-Structure": {
        "all_types_of_mutations": {
            "Pr": 0.02114693003908042,
            "Pr_std": 0.1929141215907875,
            "Pr_pval": 0.3671047147982091,
            "Sr": 0.0030044704537228115,
            "Sr_std": 0.17502704418066725,
            "Sr_pval": 0.2546479648889516,
            "num": 266.0,
            "num_struc": 8.0
        },
        "single_point_mutations": {
            "Pr": -0.003197964968177714,
            "Pr_std": 0.21943843930391577,
            "Pr_pval": 0.2664267806401693,
            "Sr": 0.01647530222746956,
            "Sr_std": 0.1774374175892788,
            "Sr_pval": 0.48289626998862556,
            "num": 180.0,
            "num_struc": 7.0
        },
        "multi_point_mutations": {
            "Pr": -0.2765608299551911,
            "Pr_std": 0.014696903816343143,
            "Pr_pval": 0.052588977521853195,
            "Sr": -0.26572413116572313,
            "Sr_std": 0.040098562874876065,
            "Sr_pval": 0.07891035612835268,
            "num": 79.0,
            "num_struc": 2.0
        }
    }
}