{
    "screenscore": {
        "pearson": [
            0.07765357738230103,
            5.387414094506066e-06
        ],
        "spearman": [
            0.05959004047535671,
            0.00048531062236488773
        ],
        "count": 3424
    }
}