{
    "screenscore": {
        "pearson": [
            0.0731602190449296,
            4.246703485179307e-05
        ],
        "spearman": [
            0.048511191661764125,
            0.006680397288023678
        ],
        "count": 3125
    }
}