{
    "Caffeine": {
        "pearson": [
            0.3362978207647466,
            2.0067711057029537e-35
        ],
        "spearman": [
            0.31908634951562664,
            7.149376252716962e-32
        ],
        "count": 1288
    },
    "DMSO": {
        "pearson": [
            0.29422428543009066,
            7.519233795912978e-28
        ],
        "spearman": [
            0.255603283092723,
            3.414355739269629e-21
        ],
        "count": 1324
    },
    "DTT": {
        "pearson": [
            0.2970647972686742,
            1.421569831195023e-27
        ],
        "spearman": [
            0.2875507699552833,
            7.24006328745165e-26
        ],
        "count": 1284
    },
    "HU": {
        "pearson": [
            0.26792172698098266,
            2.285702489763943e-22
        ],
        "spearman": [
            0.20517765903032273,
            1.4447458950296955e-13
        ],
        "count": 1273
    },
    "MG132": {
        "pearson": [
            0.323357474689454,
            1.2049441784374626e-31
        ],
        "spearman": [
            0.23812164806539776,
            1.7466733016491338e-17
        ],
        "count": 1243
    }
}