{
    "Caffeine": {
        "pearson": [
            0.3548671253213108,
            1.617556547941655e-39
        ],
        "spearman": [
            0.32383545633653493,
            7.88924582474855e-33
        ],
        "count": 1288
    },
    "DMSO": {
        "pearson": [
            0.31851953253737375,
            1.3340590801097685e-32
        ],
        "spearman": [
            0.2646664629376132,
            1.1657375570951322e-22
        ],
        "count": 1324
    },
    "DTT": {
        "pearson": [
            0.3329072592077139,
            1.3275054457686719e-34
        ],
        "spearman": [
            0.3160477021841377,
            3.546697056710126e-31
        ],
        "count": 1284
    },
    "HU": {
        "pearson": [
            0.3039789672130653,
            1.2723873465761914e-28
        ],
        "spearman": [
            0.2342475200990038,
            2.5046157488021745e-17
        ],
        "count": 1273
    },
    "MG132": {
        "pearson": [
            0.36373352357109207,
            3.5449630897033196e-40
        ],
        "spearman": [
            0.2611005808119013,
            8.05205486656331e-21
        ],
        "count": 1243
    }
}