{
    "Caffeine": {
        "pearson": [
            0.3305556395635725,
            3.257947657130283e-34
        ],
        "spearman": [
            0.3096918952862506,
            4.983920636091855e-30
        ],
        "count": 1288
    },
    "DMSO": {
        "pearson": [
            0.287535243794867,
            1.2775120373879468e-26
        ],
        "spearman": [
            0.23989721258785635,
            8.720587551180692e-19
        ],
        "count": 1324
    },
    "DTT": {
        "pearson": [
            0.2919761981691123,
            1.1852960531502415e-26
        ],
        "spearman": [
            0.282752204137633,
            4.968018255733888e-25
        ],
        "count": 1284
    },
    "HU": {
        "pearson": [
            0.2556907267955083,
            1.89047831933772e-20
        ],
        "spearman": [
            0.18285843152479755,
            4.920642081987031e-11
        ],
        "count": 1273
    },
    "MG132": {
        "pearson": [
            0.32046287971090937,
            4.416464462299184e-31
        ],
        "spearman": [
            0.23761309063327757,
            2.0522160904008184e-17
        ],
        "count": 1243
    }
}