{
    "SelectionTwo": {
        "pearson": [
            0.4284850073346756,
            0.0
        ],
        "spearman": [
            0.47894020439068485,
            0.0
        ],
        "count": 8329
    }
}