{
    "linear": {
        "pearson": [
            0.3080461196370445,
            2.138614788596509e-09
        ],
        "spearman": [
            0.3273773785105248,
            1.725118076524991e-10
        ],
        "count": 362
    }
}