{
    "log2_ratio": {
        "pearson": [
            0.2950914767430368,
            1.6026339466498847e-19
        ],
        "spearman": [
            0.2403726798886791,
            2.7829430243211984e-13
        ],
        "count": 899
    }
}