{
    "log2_ratio": {
        "pearson": [
            0.37532267656855123,
            1.880115366838567e-31
        ],
        "spearman": [
            0.29210670409641715,
            3.8258658357119556e-19
        ],
        "count": 899
    }
}