label,mutation,chain,pdb,delta_logit,rank_wt,rank_mt,logit_G,logit_A,logit_C,logit_S,logit_P,logit_T,logit_V,logit_D,logit_I,logit_L,logit_N,logit_M,logit_Q,logit_K,logit_E,logit_H,logit_F,logit_R,logit_Y,logit_W
M104,A159L,A,5WB0_trimer,0.4389611000000002,6,3,2.5556312,3.4428859,3.5479245,2.63864,2.4387715,2.8734517,4.034731,2.0193233,4.06332,3.881847,2.3933265,3.5561187,2.2351687,2.0797038,2.1138935,2.3968167,3.4304633,2.2526145,3.2515464,3.146069
M104,V203I,A,5WB0_trimer,0.06434560000000022,2,1,2.223523,3.1457584,3.3809178,2.4420784,1.7843285,3.1568246,4.4531674,2.0476832,4.517513,4.2451015,2.2000346,3.640147,2.333633,2.0640082,2.07645,2.3842,3.4605114,2.1586778,2.964587,3.092112
M104,L130D,A,5WB0_trimer,0.23814599999999997,6,3,2.855203,3.0583916,3.1163895,3.5926692,2.014581,3.508432,2.6017342,3.3122947,2.5815272,3.0741487,3.3029773,2.9843688,3.0424373,2.962645,3.00373,2.9702218,2.614271,2.978366,2.52397,2.47142
M104,V430Q,A,5WB0_trimer,-0.16077340000000007,9,13,2.5174499,3.0769858,3.3466995,2.8546042,2.032937,2.9604678,3.135157,2.408154,3.3234591,3.5677161,2.8164713,3.4715607,2.9743836,3.234024,2.4639142,2.9792562,3.2724636,3.2846344,3.092013,3.2150528
M104,V449D,A,5WB0_trimer,0.13120270000000023,18,15,2.8717954,3.1144416,3.1968384,3.1747506,2.0289445,3.1394117,2.9344661,3.0656688,2.9720187,3.1072745,3.0912523,3.1537719,3.0421202,3.0851705,3.1159794,3.105136,3.1279147,3.069462,3.1834378,3.1280007
MPV-2cREKR,V112R,A,5WB0_trimer,-0.3831093000000001,7,10,2.4482124,3.045468,3.5349147,2.7435997,2.0843458,2.950962,3.3473613,2.3648489,3.6347358,3.9357822,2.740094,3.5332317,2.8153892,2.8482358,2.5665517,2.8931117,3.4561353,2.964252,3.2545466,3.4639103
MPV-2cREKR,D209E,A,5WB0_trimer,0.47440250000000006,18,10,2.656219,3.1065392,3.4500527,3.0502648,1.9720805,3.215088,3.3440824,2.6881835,3.5840359,3.7561536,2.7352653,3.5316372,3.0155332,2.727956,3.162586,2.835742,3.3195622,2.7702963,3.2202926,3.2443798
MPV-2cREKR,V231I,A,5WB0_trimer,0.3837343999999998,2,1,2.3895226,2.9695864,3.40348,2.3738832,2.23556,2.9079394,4.557442,2.179532,4.9411764,4.24334,2.2139752,3.3767872,2.252227,2.4417214,2.2479708,2.2253728,2.9354713,2.2620473,2.4659932,2.6406198
MPV-2cREKR,E453P,A,5WB0_trimer,0.3214707999999997,19,11,2.7365892,3.163554,3.2740734,2.9840617,3.034308,3.131411,3.4221053,2.5001564,3.5772996,3.4679604,2.8460612,3.3563485,2.9067776,2.9360268,2.7128372,2.9569986,3.3716598,2.957673,3.292741,3.1720402
