label,mutation,chain,pdb,delta_logit,rank_wt,rank_mt,logit_G,logit_A,logit_C,logit_S,logit_P,logit_T,logit_V,logit_D,logit_I,logit_L,logit_N,logit_M,logit_Q,logit_K,logit_E,logit_H,logit_F,logit_R,logit_Y,logit_W
M104,A159L,A,5WB0_trimer,0.5610420000000005,5,3,4.869235,5.865791,6.057908,4.7766457,4.510412,4.987859,6.774404,4.0994253,6.652706,6.426833,4.3463335,5.810277,4.466746,4.3211656,4.205225,4.409375,5.669834,4.4224205,5.2761,5.063827
M104,V203I,A,5WB0_trimer,0.14309830000000012,2,1,4.6109776,5.6435924,5.810339,4.844084,4.0197062,5.4243875,6.6321907,4.1276646,6.775289,6.507005,4.3448095,5.9496474,4.708135,4.4716434,4.268435,4.710247,5.9287376,4.528548,5.385068,5.6997175
M104,L130D,A,5WB0_trimer,0.23920969999999997,8,3,5.2776685,5.561761,5.764371,5.9177337,3.979937,5.638893,5.1439066,5.7862387,5.084851,5.547029,5.80516,5.427521,5.4967194,5.520791,5.5375643,5.542215,5.1533937,5.5935745,5.134831,5.1698027
M104,V430Q,A,5WB0_trimer,-0.34935530000000004,5,12,4.8368716,5.270666,5.776923,5.1422853,4.4329815,5.5060453,5.799862,4.882506,5.9494977,6.00303,5.2255316,5.8792253,5.4505067,5.469924,5.043486,5.3670664,5.8419003,5.5027456,5.620023,5.6680512
M104,V449D,A,5WB0_trimer,0.3704894000000003,18,5,5.346185,5.673428,5.5636168,5.707068,4.30864,5.555147,5.279967,5.6504564,5.279732,5.468171,5.711057,5.510108,5.5378447,5.5103,5.652106,5.5144725,5.464078,5.464101,5.464427,5.481955
MPV-2cREKR,V112R,A,5WB0_trimer,-0.3961239000000001,7,10,4.7950506,5.373459,5.824933,5.1050553,4.457653,5.3241754,5.7531786,4.704422,6.020088,6.4353056,5.0179906,6.0092373,5.184497,5.2192473,4.7971153,5.1408567,5.8323717,5.3570547,5.549281,5.8173356
MPV-2cREKR,D209E,A,5WB0_trimer,0.4326099999999995,14,7,4.8788357,5.394042,5.7478323,5.325034,3.8669503,5.6256638,5.986323,5.1296387,6.217475,6.1199074,5.126829,5.916808,5.292146,4.9814596,5.5622487,5.0744734,5.4871416,5.053833,5.429826,5.4094744
MPV-2cREKR,V231I,A,5WB0_trimer,0.5266617,3,1,4.435082,4.808552,5.69304,4.323063,4.2184863,5.098385,6.952758,4.2713213,7.4794197,7.007566,4.232896,5.869085,4.4319415,4.5056024,4.473745,4.3486876,5.4604363,4.4806776,4.7050953,4.992401
MPV-2cREKR,E453P,A,5WB0_trimer,0.6466213000000005,20,9,4.8814774,5.34961,5.699704,5.3225126,5.4667573,5.650614,5.8437996,4.8441744,6.0010867,5.838936,5.1855726,5.7082615,5.1788883,5.3051624,4.820136,5.255645,5.6056557,5.412969,5.4285126,5.547244
