label,mutation,chain,pdb,delta_logit,rank_wt,rank_mt
Uncleaved Prefusion-Closed,E80D,A,5WB0_trimer,-1.7843698999999997,1,3
MPV-2cREKR,V112R,A,5WB0_trimer,-0.9128951000000001,1,2
M104,L130D,A,5WB0_trimer,-0.45914610000000033,7,8
Uncleaved Prefusion-Closed,V155P,A,5WB0_trimer,-5.107006330000001,1,20
M104,A159L,A,5WB0_trimer,-1.3513542000000003,2,5
M104,V203I,A,5WB0_trimer,-2.4603665500000003,1,2
MPV-2cREKR,D209E,A,5WB0_trimer,2.24445317,3,1
MPV-2cREKR,V231I,A,5WB0_trimer,3.46202692,2,1
M104,V430Q,A,5WB0_trimer,-0.5676641,5,10
M104,V449D,A,5WB0_trimer,3.196656,14,2
MPV-2cREKR,E453P,A,5WB0_trimer,-5.68544189,1,15
