label,mutation,chain,pdb,delta_logit,rank_wt,rank_mt
MPV-2cREKR,V112R,A,5WB0_trimer,1.9470659000000001,8,1
M104,L130D,A,5WB0_trimer,-0.10344910000000018,8,10
M104,A159L,A,5WB0_trimer,-4.1402214,1,12
M104,V203I,A,5WB0_trimer,-1.6977681000000002,1,2
MPV-2cREKR,D209E,A,5WB0_trimer,2.503616,11,1
MPV-2cREKR,V231I,A,5WB0_trimer,2.99403165,3,1
M104,V430Q,A,5WB0_trimer,0.5375318,5,4
M104,V449D,A,5WB0_trimer,2.6860638999999997,13,3
MPV-2cREKR,E453P,A,5WB0_trimer,-5.6728612599999995,1,20
