label,mutation,chain,pdb,delta_logit,perc_bucket,rank_wt,rank_mt
Uncleaved Prefusion-Closed,E80D,A,5WB0_trimer,0.7555653999999998,95th - 97.5th,3,1
MPV-2cREKR,V112R,A,5WB0_trimer,1.8699013999999998,≥ 99th,8,1
M104,L130D,A,5WB0_trimer,-0.053404799999999586,90th - 95th,8,9
Uncleaved Prefusion-Closed,V155P,A,5WB0_trimer,-3.2799684000000005,75th - 80th,4,20
M104,A159L,A,5WB0_trimer,-4.0895092,≤ 50th,1,12
M104,V203I,A,5WB0_trimer,-1.6810671299999997,≤ 50th,1,2
MPV-2cREKR,D209E,A,5WB0_trimer,2.4841823,≥ 99th,11,1
MPV-2cREKR,V231I,A,5WB0_trimer,3.1118813899999997,≥ 99th,3,1
M104,V430Q,A,5WB0_trimer,0.5431682000000002,95th - 97.5th,5,4
M104,V449D,A,5WB0_trimer,2.6431034,≥ 99th,13,3
MPV-2cREKR,E453P,A,5WB0_trimer,-5.67448368,≤ 50th,1,20
