label,mutation,chain,pdb,delta_logit,rank_wt,rank_mt
MPV-2cREKR,V112R,A,5WB0_trimer,-0.9586863,1,2
M104,L130D,A,5WB0_trimer,-0.45911599999999986,7,8
M104,A159L,A,5WB0_trimer,-1.3494614,2,5
M104,V203I,A,5WB0_trimer,-2.50149763,1,2
MPV-2cREKR,D209E,A,5WB0_trimer,2.2120355,3,1
MPV-2cREKR,V231I,A,5WB0_trimer,3.4753070260000003,2,1
M104,V430Q,A,5WB0_trimer,-0.5632267,5,10
M104,V449D,A,5WB0_trimer,3.1915113999999996,14,2
MPV-2cREKR,E453P,A,5WB0_trimer,-5.68726686,1,15
