{
    "1PGA": {
        "pearson": [
            -0.5333117979229602,
            8.467322525107477e-68
        ],
        "spearman": [
            -0.5511210344072014,
            3.442067132441807e-73
        ],
        "count": 907
    },
    "overall": {
        "pearson": [
            -0.5333117979229602,
            8.467322525107477e-68
        ],
        "spearman": [
            -0.5511210344072014,
            3.442067132441807e-73
        ],
        "count": 907
    }
}