{
    "screenscore": {
        "pearson": [
            0.21802448599158158,
            6.114439216022078e-35
        ],
        "spearman": [
            0.22764608365267863,
            5.103435369803338e-38
        ],
        "count": 3125
    }
}