{
    "screenscore": {
        "pearson": [
            0.22797303293824467,
            1.3057068894984406e-41
        ],
        "spearman": [
            0.22507585671674174,
            1.4106912631030863e-40
        ],
        "count": 3424
    }
}