{
    "enrichment": {
        "pearson": [
            0.4943430280533502,
            1.6879696788444654e-191
        ],
        "spearman": [
            0.5487068500096685,
            3.172052158649955e-244
        ],
        "count": 3112
    }
}