{
    "enrichment": {
        "pearson": [
            0.49471692421196506,
            1.6639813401591916e-215
        ],
        "spearman": [
            0.5542997622937509,
            3.59980088073511e-281
        ],
        "count": 3500
    }
}