{
    "enrichment": {
        "pearson": [
            0.4975023828439782,
            2.6192913289012817e-194
        ],
        "spearman": [
            0.5536930148162678,
            1.4629386355816343e-249
        ],
        "count": 3112
    }
}