{
    "fitness": {
        "pearson": [
            0.34085013000894226,
            1.2418471093213035e-42
        ],
        "spearman": [
            0.3152154235043961,
            2.172921269356255e-36
        ],
        "count": 1519
    }
}