{
    "fitness": {
        "pearson": [
            0.3415293004022374,
            8.325933495692268e-43
        ],
        "spearman": [
            0.3147951012203235,
            2.719293953467024e-36
        ],
        "count": 1519
    }
}