{
    "screenscore": {
        "pearson": [
            0.22070305365730347,
            8.788119908409568e-36
        ],
        "spearman": [
            0.22267625229969912,
            2.0706924257813703e-36
        ],
        "count": 3125
    }
}