{
    "screenscore": {
        "pearson": [
            0.22840613870446352,
            9.121898333620179e-42
        ],
        "spearman": [
            0.2223269654352788,
            1.3083837199843269e-39
        ],
        "count": 3424
    }
}