{
    "screenscore": {
        "pearson": [
            0.24665721407343372,
            1.2541365462306965e-48
        ],
        "spearman": [
            0.2530387483874152,
            3.6308786580462577e-51
        ],
        "count": 3424
    }
}