{
    "screenscore": {
        "pearson": [
            0.2293613024327929,
            1.392436947828091e-38
        ],
        "spearman": [
            0.2432274724927276,
            2.5798219177192856e-43
        ],
        "count": 3125
    }
}