{
    "linear": {
        "pearson": [
            0.5039859050261098,
            0.0
        ],
        "spearman": [
            0.49217938969041686,
            0.0
        ],
        "count": 5468
    }
}