{
    "myoglobin": {
        "pearson": [
            -0.7142886731634557,
            1.0448264416758523e-74
        ],
        "spearman": [
            -0.7210994412870919,
            9.155013285815061e-77
        ],
        "precision": 0.7149321266968326,
        "recall": 0.7452830188679245,
        "auroc": 0.8614227434982151,
        "accuracy": 0.7515923566878981,
        "count": 471,
        "num_stabilizing": 212,
        "num_destabilizing": 259
    },
    "p53": {
        "pearson": [
            -0.25502536728727554,
            0.057842710068668854
        ],
        "spearman": [
            -0.18395283327857959,
            0.17473585201945022
        ],
        "precision": 0.5,
        "recall": 0.5789473684210527,
        "auroc": 0.6330014224751067,
        "accuracy": 0.6607142857142857,
        "count": 56,
        "num_stabilizing": 19,
        "num_destabilizing": 37
    },
    "s669": {
        "pearson": [
            -0.2727927282415017,
            1.7603527299495862e-22
        ],
        "spearman": [
            -0.3252684048356462,
            8.906946920117085e-32
        ],
        "precision": 0.5161290322580645,
        "recall": 0.6413502109704642,
        "auroc": 0.6695296387096057,
        "accuracy": 0.6309813463098135,
        "count": 1233,
        "num_stabilizing": 474,
        "num_destabilizing": 759
    },
    "ssym": {
        "pearson": [
            -0.34424826563721705,
            1.140799660894699e-52
        ],
        "spearman": [
            -0.3695550156141547,
            5.114724337567495e-61
        ],
        "precision": 0.5691788526434196,
        "recall": 0.6396965865992414,
        "auroc": 0.6831734487060486,
        "accuracy": 0.6393088552915767,
        "count": 1852,
        "num_stabilizing": 791,
        "num_destabilizing": 1061
    },
    "t2226": {
        "pearson": [
            -0.43752011767300647,
            4.6877e-320
        ],
        "spearman": [
            -0.405630023362145,
            4.085821060634503e-271
        ],
        "precision": 0.564344746162928,
        "recall": 0.6433378196500673,
        "auroc": 0.6878627513669515,
        "accuracy": 0.631770001452011,
        "count": 6887,
        "num_stabilizing": 2972,
        "num_destabilizing": 3915
    },
    "overall": {
        "pearson": [
            -0.42097566481775134,
            0.0
        ],
        "spearman": [
            -0.40429804678421977,
            0.0
        ],
        "precision": 0.5658641612840086,
        "recall": 0.6470456580125336,
        "auroc": 0.6934827881965263,
        "accuracy": 0.6385370035241451,
        "count": 10499,
        "num_stabilizing": 4468,
        "num_destabilizing": 6031
    }
}