{
    "2LZM": {
        "pearson": [
            -0.8992877119991284,
            1.1527399546833609e-12
        ],
        "spearman": [
            -0.8651003075381278,
            8.364135661802184e-11
        ],
        "count": 33
    }
}