{
    "2LZM": {
        "pearson": [
            -0.8718988848708876,
            3.9416311047717485e-11
        ],
        "spearman": [
            -0.8620895176047005,
            1.152206212462846e-10
        ],
        "count": 33
    }
}