{
    "enrichment": {
        "pearson": [
            0.46437954051361136,
            9.163956681873664e-187
        ],
        "spearman": [
            0.5819123802950785,
            2.1452681e-316
        ],
        "count": 3500
    }
}