{
    "enrichment": {
        "pearson": [
            0.47198970345079616,
            1.9140204301505994e-172
        ],
        "spearman": [
            0.5878472774734524,
            1.1455886757336647e-288
        ],
        "count": 3112
    }
}