{
    "enrichment": {
        "pearson": [
            0.4757281371316841,
            1.5595970617194466e-175
        ],
        "spearman": [
            0.5914929857594371,
            4.026430837455971e-293
        ],
        "count": 3112
    }
}