{
    "react_rel": {
        "pearson": [
            0.5056136660492504,
            5.615901127218372e-94
        ],
        "spearman": [
            0.4707285115145173,
            5.0420071632328955e-80
        ],
        "count": 1435
    }
}