{
    "react_rel": {
        "pearson": [
            0.43331407805372607,
            9.420514008368111e-67
        ],
        "spearman": [
            0.39647044135085,
            3.2335324467587828e-55
        ],
        "count": 1435
    }
}