{
    "react_rel": {
        "pearson": [
            0.4457955414351139,
            5.364633153330211e-71
        ],
        "spearman": [
            0.41064468421748146,
            1.7450166338946732e-59
        ],
        "count": 1435
    }
}