{
    "1A7V": {
        "pearson": [
            -0.2783009744006657,
            0.3572081528566035
        ],
        "spearman": [
            -0.3057862842810693,
            0.30960781963620054
        ],
        "count": 13
    },
    "1BA3": {
        "pearson": [
            -0.9544307337719887,
            0.04556926622801116
        ],
        "spearman": [
            -0.39999999999999997,
            0.6
        ],
        "count": 4
    },
    "1BFM": {
        "pearson": [
            1.0,
            1.0
        ],
        "spearman": [
            0.9999999999999999,
            NaN
        ],
        "count": 2
    },
    "1D5G": {
        "pearson": [
            1.0,
            1.0
        ],
        "spearman": [
            0.9999999999999999,
            NaN
        ],
        "count": 2
    },
    "1DIV": {
        "pearson": [
            -0.8591867185666594,
            1.4227849620624091e-15
        ],
        "spearman": [
            -0.8420294400792884,
            1.833066820861688e-14
        ],
        "count": 50
    },
    "1EKG": {
        "pearson": [
            -0.2883830907387701,
            0.7116169092612299
        ],
        "spearman": [
            0.19999999999999998,
            0.8
        ],
        "count": 4
    },
    "1FT8": {
        "pearson": [
            -0.8580354243383523,
            0.00017511778628643377
        ],
        "spearman": [
            -0.7912087912087913,
            0.0012750239017411194
        ],
        "count": 13
    },
    "1FXA": {
        "pearson": [
            -0.7060808001682526,
            0.0151685713236269
        ],
        "spearman": [
            -0.7454545454545456,
            0.00845472888506156
        ],
        "count": 11
    },
    "1G3P": {
        "pearson": [
            -0.462742410839959,
            0.015078474631774082
        ],
        "spearman": [
            -0.3060477052402154,
            0.12053208853128448
        ],
        "count": 27
    },
    "1GUA": {
        "pearson": [
            -0.8805195023096384,
            7.556458375692106e-17
        ],
        "spearman": [
            -0.8568367346938774,
            4.034163864733611e-15
        ],
        "count": 49
    },
    "1H0X": {
        "pearson": [
            1.0,
            1.0
        ],
        "spearman": [
            0.9999999999999999,
            NaN
        ],
        "count": 2
    },
    "1HCQ": {
        "pearson": [
            1.0,
            1.0
        ],
        "spearman": [
            0.9999999999999999,
            NaN
        ],
        "count": 2
    },
    "1ITM": {
        "pearson": [
            0.3331734462876094,
            0.7837610625123674
        ],
        "spearman": [
            0.5,
            0.6666666666666667
        ],
        "count": 3
    },
    "1IV7": {
        "pearson": [
            -0.9999758531262735,
            0.004424115435697937
        ],
        "spearman": [
            -1.0,
            0.0
        ],
        "count": 3
    },
    "1J8I": {
        "pearson": [
            -0.7308750737915565,
            0.09889621838377559
        ],
        "spearman": [
            -0.8533103351879247,
            0.030698562972677874
        ],
        "count": 6
    },
    "1JLV": {
        "pearson": [
            0.2610068909119787,
            0.831890934783043
        ],
        "spearman": [
            0.5,
            0.6666666666666667
        ],
        "count": 3
    },
    "1L6H": {
        "pearson": [
            -0.9691435066893677,
            0.15855922365780944
        ],
        "spearman": [
            -1.0,
            0.0
        ],
        "count": 3
    },
    "1LVM": {
        "pearson": [
            -0.5731327431164157,
            0.31246050940178005
        ],
        "spearman": [
            -0.4103913408340617,
            0.4925357817027974
        ],
        "count": 5
    },
    "1N18": {
        "pearson": [
            -0.8227314670555161,
            0.17726853294448386
        ],
        "spearman": [
            -0.7999999999999999,
            0.20000000000000007
        ],
        "count": 4
    },
    "1N88": {
        "pearson": [
            -0.5495525521809362,
            0.02230424313844924
        ],
        "spearman": [
            -0.4248012114702299,
            0.08918840092667092
        ],
        "count": 17
    },
    "1NM1": {
        "pearson": [
            -1.0,
            1.0
        ],
        "spearman": [
            -0.9999999999999999,
            NaN
        ],
        "count": 2
    },
    "1O1U": {
        "pearson": [
            -0.852718863298714,
            0.030940208278612148
        ],
        "spearman": [
            -0.6982532518267538,
            0.12283946337339596
        ],
        "count": 6
    },
    "1O6X": {
        "pearson": [
            -0.5008500097099807,
            0.024486750382172386
        ],
        "spearman": [
            -0.548532886659568,
            0.012266719627165539
        ],
        "count": 20
    },
    "1OSI": {
        "pearson": [
            -0.6173632976809926,
            0.38263670231900737
        ],
        "spearman": [
            -0.39999999999999997,
            0.6
        ],
        "count": 4
    },
    "1PFL": {
        "pearson": [
            -0.6679434690396334,
            0.2178912599451437
        ],
        "spearman": [
            -0.6,
            0.28475697986529375
        ],
        "count": 5
    },
    "1PRG": {
        "pearson": [
            -0.42050607149151564,
            0.3475309061805513
        ],
        "spearman": [
            -0.10714285714285716,
            0.8191508555699912
        ],
        "count": 7
    },
    "1R6R": {
        "pearson": [
            -0.826696843440956,
            0.17330315655904416
        ],
        "spearman": [
            -1.0,
            0.0
        ],
        "count": 4
    },
    "1SPD": {
        "pearson": [
            1.0,
            1.0
        ],
        "spearman": [
            0.9999999999999999,
            NaN
        ],
        "count": 2
    },
    "1X0J": {
        "pearson": [
            -0.22876470228001,
            0.6217188589707885
        ],
        "spearman": [
            -0.39285714285714296,
            0.38331687042697266
        ],
        "count": 7
    },
    "1XWS": {
        "pearson": [
            0.4035716950188787,
            0.5964283049811212
        ],
        "spearman": [
            0.39999999999999997,
            0.6
        ],
        "count": 4
    },
    "1XXN": {
        "pearson": [
            -0.8958785214797094,
            0.0396956134044459
        ],
        "spearman": [
            -0.8207826816681234,
            0.08858700531354378
        ],
        "count": 5
    },
    "1XZO": {
        "pearson": [
            -0.5099555476432335,
            0.4900444523567664
        ],
        "spearman": [
            -0.39999999999999997,
            0.6
        ],
        "count": 4
    },
    "2BJD": {
        "pearson": [
            -0.9841804888160216,
            0.11338767381087404
        ],
        "spearman": [
            -0.5,
            0.6666666666666667
        ],
        "count": 3
    },
    "2C9Q": {
        "pearson": [
            -1.0,
            1.0
        ],
        "spearman": [
            -0.9999999999999999,
            NaN
        ],
        "count": 2
    },
    "2CLR": {
        "pearson": [
            -0.41305489057767014,
            0.5869451094223299
        ],
        "spearman": [
            -0.39999999999999997,
            0.6
        ],
        "count": 4
    },
    "2DVV": {
        "pearson": [
            -1.0,
            1.0
        ],
        "spearman": [
            -0.9999999999999999,
            NaN
        ],
        "count": 2
    },
    "2HBB": {
        "pearson": [
            -0.8236850713657976,
            2.0743012202805195e-12
        ],