{
    "1PGA": {
        "pearson": [
            -0.5774634640761326,
            8.733491401266542e-82
        ],
        "spearman": [
            -0.5797643386231542,
            1.421874191592973e-82
        ],
        "count": 907
    },
    "overall": {
        "pearson": [
            -0.5774634640761326,
            8.733491401266542e-82
        ],
        "spearman": [
            -0.5797643386231542,
            1.421874191592973e-82
        ],
        "count": 907
    }
}