{
    "1BVC": {
        "pearson": [
            -0.7414957685071446,
            4.1592716693585263e-14
        ],
        "spearman": [
            -0.7083277807485648,
            1.6775188018505581e-12
        ],
        "count": 74
    },
    "1LZ1": {
        "pearson": [
            -0.6190838271859568,
            2.1096510332414384e-13
        ],
        "spearman": [
            -0.6055233569036534,
            9.541179617451674e-13
        ],
        "count": 114
    },
    "2CI2": {
        "pearson": [
            -0.6901647408769073,
            1.9782683940318956e-12
        ],
        "spearman": [
            -0.6200411474684051,
            1.1042549063075974e-09
        ],
        "count": 79
    },
    "2RN2": {
        "pearson": [
            -0.7876993452175005,
            1.9272297482801167e-17
        ],
        "spearman": [
            -0.7522856189198985,
            3.095332960995395e-15
        ],
        "count": 77
    },
    "overall": {
        "pearson": [
            -0.6605756319758576,
            1.7153717133830567e-44
        ],
        "spearman": [
            -0.6794891164371035,
            6.388267315867929e-48
        ],
        "count": 344
    }
}