{
    "overall": {
        "pearson": [
            -0.5604880293856992,
            2.0013576320179023e-30
        ],
        "spearman": [
            -0.5809655753482996,
            4.5520226296548455e-33
        ],
        "count": 351
    }
}