{
    "myoglobin": {
        "pearson": [
            -0.7586235381371925,
            2.6327955533393524e-89
        ],
        "spearman": [
            -0.803948019756891,
            6.397021476656807e-108
        ],
        "precision": 0.845,
        "recall": 0.7971698113207547,
        "auroc": 0.920776571719968,
        "accuracy": 0.8428874734607219,
        "count": 471,
        "num_stabilizing": 212,
        "num_destabilizing": 259
    },
    "p53": {
        "pearson": [
            -0.8021190869649415,
            1.082312395830176e-13
        ],
        "spearman": [
            -0.7254208349135216,
            2.550365373291059e-10
        ],
        "precision": 0.7857142857142857,
        "recall": 0.5789473684210527,
        "auroc": 0.8577524893314367,
        "accuracy": 0.8035714285714286,
        "count": 56,
        "num_stabilizing": 19,
        "num_destabilizing": 37
    },
    "s669": {
        "pearson": [
            -0.4976429481381625,
            3.9421853304671774e-78
        ],
        "spearman": [
            -0.4826828092442333,
            5.881481114484934e-73
        ],
        "precision": 0.5968819599109132,
        "recall": 0.5654008438818565,
        "auroc": 0.7226864128350095,
        "accuracy": 0.6861313868613139,
        "count": 1233,
        "num_stabilizing": 474,
        "num_destabilizing": 759
    },
    "ssym": {
        "pearson": [
            -0.729935112675345,
            4.902268366632536e-308
        ],
        "spearman": [
            -0.7309919923458039,
            2.29047506355203e-309
        ],
        "precision": 0.7335858585858586,
        "recall": 0.7345132743362832,
        "auroc": 0.8582593288539424,
        "accuracy": 0.7726781857451404,
        "count": 1852,
        "num_stabilizing": 791,
        "num_destabilizing": 1061
    },
    "t2226": {
        "pearson": [
            -0.7137309707523825,
            0.0
        ],
        "spearman": [
            -0.7202947121621543,
            0.0
        ],
        "precision": 0.7401522674611056,
        "recall": 0.7523553162853297,
        "auroc": 0.853422621349711,
        "accuracy": 0.7791491215333236,
        "count": 6887,
        "num_stabilizing": 2972,
        "num_destabilizing": 3915
    },
    "overall": {
        "pearson": [
            -0.6991308622197472,
            0.0
        ],
        "spearman": [
            -0.7039328645798555,
            0.0
        ],
        "precision": 0.7294459338695264,
        "recall": 0.7307520143240823,
        "auroc": 0.8451486552543283,
        "accuracy": 0.7700733403181256,
        "count": 10499,
        "num_stabilizing": 4468,
        "num_destabilizing": 6031
    }
}