{
    "Overall": {
        "all_types_of_mutations": {
            "Pr": -0.30999507410317784,
            "Pr_pval": 8.9485241602186e-128,
            "Sr": -0.32934840012221756,
            "Sr_pval": 6.214456781774401e-145,
            "precision": 0.3226765799256506,
            "recall": 0.3463687150837989,
            "f1": 0.33410315627405696,
            "auroc": 0.571351135990368,
            "accuracy": 0.6978693677960182,
            "num": 5726.0,
            "num_struc": 333.0
        },
        "single_point_mutations": {
            "Pr": -0.35493274295609956,
            "Pr_pval": 1.5761302533054496e-122,
            "Sr": -0.3114447575474007,
            "Sr_pval": 2.5577005992225434e-93,
            "precision": 0.3099099099099099,
            "recall": 0.3891402714932127,
            "f1": 0.34503510531594783,
            "auroc": 0.576140945888845,
            "accuracy": 0.6828557552209811,
            "num": 4118.0,
            "num_struc": 310.0
        },
        "multi_point_mutations": {
            "Pr": -0.359675179205202,
            "Pr_pval": 2.6865916994888974e-50,
            "Sr": -0.4032232790774201,
            "Sr_pval": 6.483562928172284e-64,
            "precision": 0.3829787234042553,
            "recall": 0.24390243902439024,
            "f1": 0.2980132450331126,
            "auroc": 0.5634362881159077,
            "accuracy": 0.736318407960199,
            "num": 1608.0,
            "num_struc": 143.0
        }
    },
    "Per-Structure": {
        "all_types_of_mutations": {
            "Pr": -0.2780768855042753,
            "Pr_std": 0.2704157313120588,
            "Pr_pval": 1.5628401802508446e-107,
            "Sr": -0.2827761559795827,
            "Sr_std": 0.27592017673658586,
            "Sr_pval": 0.2712991754532305,
            "precision": 0.35736696394178336,
            "recall": 0.2713520756080951,
            "f1": 0.6140209709588375,
            "auroc": 0.7108019740310596,
            "accuracy": 5.843235794931838e-104,
            "num": 5025.0,
            "num_struc": 116.0
        },
        "single_point_mutations": {
            "Pr": -0.3129299759926223,
            "Pr_std": 0.2656693433114672,
            "Pr_pval": 2.5172573916684806e-96,
            "Sr": -0.2989130896835945,
            "Sr_std": 0.2625611998929734,
            "Sr_pval": 0.28715776002561,
            "precision": 0.38699313129607305,
            "recall": 0.2967527996586207,
            "f1": 0.61504007721523,
            "auroc": 0.7066679085269223,
            "accuracy": 1.0109711121035984e-68,
            "num": 3485.0,
            "num_struc": 93.0
        },
        "multi_point_mutations": {
            "Pr": -0.25150298633033563,
            "Pr_std": 0.329145226466024,
            "Pr_pval": 4.899169412567492e-32,
            "Sr": -0.23718908148266346,
            "Sr_std": 0.3100620507425405,
            "Sr_pval": 0.247165774604799,
            "precision": 0.22143671030866152,
            "recall": 0.18404020141709973,
            "f1": 0.5579018985363762,
            "auroc": 0.7107637160441768,
            "accuracy": 6.986688392036848e-27,
            "num": 1304.0,
            "num_struc": 41.0
        }
    }
}