{
    "screenscore": {
        "pearson": [
            0.3569290760772531,
            1.8172882776052177e-82
        ],
        "spearman": [
            0.3890805390308866,
            6.082299880232334e-99
        ],
        "count": 2718
    }
}