{
    "screenscore": {
        "pearson": [
            0.35516588482375755,
            9.820190291003376e-82
        ],
        "spearman": [
            0.36118109851033486,
            1.1620406883505273e-84
        ],
        "count": 2722
    }
}