{
    "Ami11_avg": {
        "pearson": [
            0.09651984976154765,
            5.753515580994564e-12
        ],
        "spearman": [
            0.09910155854724163,
            1.5415488037849662e-12
        ],
        "count": 5068
    },
    "Ami12_avg": {
        "pearson": [
            0.26506543127813925,
            1.1348180694924622e-79
        ],
        "spearman": [
            0.3359552914034017,
            9.983814719266176e-130
        ],
        "count": 4906
    },
    "Ami14_avg": {
        "pearson": [
            0.27716425625010965,
            1.270799132118854e-86
        ],
        "spearman": [
            0.3321886935609833,
            8.146984075833091e-126
        ],
        "count": 4871
    },
    "Ami18_avg": {
        "pearson": [
            0.003912764409167448,
            0.7803896630388227
        ],
        "spearman": [
            0.02238679028521546,
            0.1106214727778045
        ],
        "count": 5080
    },
    "G41811_avg": {
        "pearson": [
            0.2369281582462611,
            1.4442251032599868e-63
        ],
        "spearman": [
            0.27100729264283513,
            2.4592270527840776e-83
        ],
        "count": 4906
    },
    "G41812_avg": {
        "pearson": [
            0.3787836264122391,
            2.4125940668210045e-164
        ],
        "spearman": [
            0.44546046317433224,
            8.008794490564334e-234
        ],
        "count": 4822
    },
    "G41814_avg": {
        "pearson": [
            0.3980089361480391,
            2.7534866975455268e-191
        ],
        "spearman": [
            0.4015047731660229,
            6.170843003313007e-195
        ],
        "count": 5049
    },
    "Kan11_avg": {
        "pearson": [
            0.2580171334517056,
            4.37599834727381e-75
        ],
        "spearman": [
            0.29244590777429214,
            7.086832669244175e-97
        ],
        "count": 4882
    },
    "Kan12_avg": {
        "pearson": [
            0.37439512792711205,
            2.3677442438909456e-157
        ],
        "spearman": [
            0.44504734889507275,
            5.036147389978548e-229
        ],
        "count": 4732
    },
    "Kan14_avg": {
        "pearson": [
            0.4000198747684148,
            1.2000357700161471e-185
        ],
        "spearman": [
            0.4452391510885635,
            1.1392967151659008e-234
        ],
        "count": 4845
    },
    "Kan18_avg": {
        "pearson": [
            0.4178957544100903,
            9.984332616420774e-213
        ],
        "spearman": [
            0.4275397757374357,
            1.273394688773568e-223
        ],
        "count": 5051
    },
    "Neo11_avg": {
        "pearson": [
            0.22805292882621306,
            1.7371532421829506e-59
        ],
        "spearman": [
            0.24528969487204816,
            8.126860621815936e-69
        ],
        "count": 4956
    },
    "Neo12_avg": {
        "pearson": [
            0.4022836406945986,
            2.6098399059358127e-188
        ],
        "spearman": [
            0.47333731201804236,
            1.1679552681855921e-269
        ],
        "count": 4855
    },
    "Neo14_avg": {
        "pearson": [
            0.4448604600554881,
            2.505393356430115e-242
        ],
        "spearman": [
            0.46288461677200404,
            8.952595973633179e-265
        ],
        "count": 5014
    },
    "Neo18_avg": {
        "pearson": [
            0.3845342889570282,
            8.450855885828912e-178
        ],
        "spearman": [
            0.37108589769087846,
            8.855734687278542e-165
        ],
        "count": 5054
    },
    "Paro11_avg": {
        "pearson": [
            0.1373978309538097,
            9.170122905956811e-23
        ],
        "spearman": [
            0.14074438180233492,
            8.109577331804712e-24
        ],
        "count": 5063
    },
    "Paro12_avg": {
        "pearson": [
            0.2849620641429264,
            9.286219957223653e-92
        ],
        "spearman": [
            0.34495947471967103,
            2.6877923622743716e-136
        ],
        "count": 4876
    },
    "Paro14_avg": {
        "pearson": [
            0.3775977464260662,
            1.107969186549068e-163
        ],
        "spearman": [
            0.4394942306104727,
            1.4947028343629167e-227
        ],
        "count": 4835
    },
    "Paro18_avg": {
        "pearson": [
            0.42213973125147347,
            5.3500540779197405e-213
        ],
        "spearman": [
            0.4655262345519934,
            1.4349381891796034e-264
        ],
        "count": 4946
    },
    "Ribo11_avg": {
        "pearson": [
            0.2834898321843136,
            4.768170690977048e-91
        ],
        "spearman": [
            0.3478136467613637,
            4.5202935556399075e-139
        ],
        "count": 4890
    },
    "Ribo12_avg": {
        "pearson": [
            0.42418284440932374,
            4.098995593714018e-212
        ],
        "spearman": [
            0.4887554155974709,
            4.418369266523217e-291
        ],
        "count": 4873
    },
    "Ribo14_avg": {
        "pearson": [
            0.4624404784012413,
            1.2680489511932061e-264
        ],
        "spearman": [
            0.48891050920107026,
            3.886721409615817e-300
        ],
        "count": 5022
    },
    "Ribo18_avg": {
        "pearson": [
            0.45101678203752843,
            8.798519011424594e-251
        ],
        "spearman": [
            0.4438413580645413,
            5.273069061773359e-242
        ],
        "count": 5033
    }
}