{
    "Ami11_avg": {
        "pearson": [
            0.10268019591188968,
            9.035988948537028e-14
        ],
        "spearman": [
            0.10243954604178322,
            1.0321836360122425e-13
        ],
        "count": 5245
    },
    "Ami12_avg": {
        "pearson": [
            0.27532511881580446,
            1.8482334690516164e-88
        ],
        "spearman": [
            0.345779716263538,
            1.0949996609448867e-141
        ],
        "count": 5046
    },
    "Ami14_avg": {
        "pearson": [
            0.28417204182675126,
            1.8585477935021114e-93
        ],
        "spearman": [
            0.3328404227239386,
            1.5028000729480547e-129
        ],
        "count": 4997
    },
    "Ami18_avg": {
        "pearson": [
            0.00533356484465717,
            0.6990089590390337
        ],
        "spearman": [
            0.018728644402717404,
            0.17451162488297486
        ],
        "count": 5258
    },
    "G41811_avg": {
        "pearson": [
            0.24285611324359196,
            1.0039849796070785e-68
        ],
        "spearman": [
            0.28364064324124844,
            4.18678370999093e-94
        ],
        "count": 5052
    },
    "G41812_avg": {
        "pearson": [
            0.3825159300899751,
            1.5418538564717724e-172
        ],
        "spearman": [
            0.44296389186814394,
            1.9684602887516872e-237
        ],
        "count": 4959
    },
    "G41814_avg": {
        "pearson": [
            0.39249734165184524,
            5.055406421166293e-192
        ],
        "spearman": [
            0.3905297871907553,
            5.883054730451477e-190
        ],
        "count": 5225
    },
    "Kan11_avg": {
        "pearson": [
            0.27301641733758336,
            2.573413927794739e-86
        ],
        "spearman": [
            0.31292813830478033,
            3.384229459457781e-114
        ],
        "count": 5008
    },
    "Kan12_avg": {
        "pearson": [
            0.3813078218354069,
            1.909426148517677e-167
        ],
        "spearman": [
            0.4477819429970965,
            1.3185394257490452e-237
        ],
        "count": 4844
    },
    "Kan14_avg": {
        "pearson": [
            0.4045397391694079,
            4.0393923822784767e-196
        ],
        "spearman": [
            0.4417889199937562,
            7.819311527073257e-238
        ],
        "count": 4997
    },
    "Kan18_avg": {
        "pearson": [
            0.4151216395447844,
            9.018330467884747e-217
        ],
        "spearman": [
            0.41807320473957815,
            3.78276532876874e-220
        ],
        "count": 5224
    },
    "Neo11_avg": {
        "pearson": [
            0.23672029612379686,
            1.2509285371306347e-65
        ],
        "spearman": [
            0.25716620942788837,
            1.6014947906775664e-77
        ],
        "count": 5079
    },
    "Neo12_avg": {
        "pearson": [
            0.3963439629614109,
            1.252207061048595e-186
        ],
        "spearman": [
            0.460591281776147,
            1.4578233379463614e-259
        ],
        "count": 4970
    },
    "Neo14_avg": {
        "pearson": [
            0.43029920409029493,
            1.5155442366747766e-232
        ],
        "spearman": [
            0.4398084340456317,
            4.96017974618336e-244
        ],
        "count": 5180
    },
    "Neo18_avg": {
        "pearson": [
            0.37440030941808106,
            1.404077895311553e-173
        ],
        "spearman": [
            0.35395192243937706,
            4.495982310978997e-154
        ],
        "count": 5226
    },
    "Paro11_avg": {
        "pearson": [
            0.1506317420829792,
            6.546555829903716e-28
        ],
        "spearman": [
            0.15755355756211173,
            2.075450537242402e-30
        ],
        "count": 5228
    },
    "Paro12_avg": {
        "pearson": [
            0.2890532601323159,
            1.2251852078425352e-96
        ],
        "spearman": [
            0.35379615106261997,
            4.561394273096047e-147
        ],
        "count": 4990
    },
    "Paro14_avg": {
        "pearson": [
            0.38224972644860783,
            3.0154661007623096e-172
        ],
        "spearman": [
            0.4384630149204563,
            4.411858887246369e-232
        ],
        "count": 4958
    },
    "Paro18_avg": {
        "pearson": [
            0.4188675530838848,
            1.1816793071527048e-215
        ],
        "spearman": [
            0.4572346408704577,
            1.0129242939886091e-261
        ],
        "count": 5095
    },
    "Ribo11_avg": {
        "pearson": [
            0.28668942638236844,
            3.116800928291216e-95
        ],
        "spearman": [
            0.35083384957099306,
            8.507117846912937e-145
        ],
        "count": 5001
    },
    "Ribo12_avg": {
        "pearson": [
            0.41612761288742556,
            9.629705021240629e-209
        ],
        "spearman": [
            0.47670613777007853,
            2.9729665314937885e-282
        ],
        "count": 5002
    },
    "Ribo14_avg": {
        "pearson": [
            0.45039752291207796,
            1.8613342626421292e-257
        ],
        "spearman": [
            0.46988801045829565,
            4.389217162935488e-283
        ],
        "count": 5184
    },
    "Ribo18_avg": {
        "pearson": [
            0.43610701755054687,
            1.9622518196418012e-240
        ],
        "spearman": [
            0.4206910705129209,
            3.7145964333144314e-222
        ],
        "count": 5200
    }
}