{
    "screenscore": {
        "pearson": [
            0.16182073589630203,
            5.563695349614037e-13
        ],
        "spearman": [
            0.12942002902251593,
            8.759642527575565e-09
        ],
        "count": 1962
    }
}