{
    "screenscore": {
        "pearson": [
            0.009883724962889865,
            0.6701177960828112
        ],
        "spearman": [
            0.029698400684361387,
            0.20045878314229043
        ],
        "count": 1860
    }
}