{
    "1A7V": {
        "pearson": [
            -0.2452600436460358,
            0.419295226746009
        ],
        "spearman": [
            -0.25895415065243704,
            0.39293433250835397
        ],
        "count": 13
    },
    "1BA3": {
        "pearson": [
            -0.9306180040960418,
            0.06938199590395833
        ],
        "spearman": [
            -0.39999999999999997,
            0.6
        ],
        "count": 4
    },
    "1BFM": {
        "pearson": [
            -1.0,
            1.0
        ],
        "spearman": [
            -0.9999999999999999,
            NaN
        ],
        "count": 2
    },
    "1D5G": {
        "pearson": [
            1.0,
            1.0
        ],
        "spearman": [
            0.9999999999999999,
            NaN
        ],
        "count": 2
    },
    "1DIV": {
        "pearson": [
            -0.6030499945195898,
            3.5727098376719035e-06
        ],
        "spearman": [
            -0.5587917511556175,
            2.47018970650617e-05
        ],
        "count": 50
    },
    "1EKG": {
        "pearson": [
            -0.9535342414600576,
            0.04646575853994239
        ],
        "spearman": [
            -0.7999999999999999,
            0.20000000000000007
        ],
        "count": 4
    },
    "1FT8": {
        "pearson": [
            -0.7056185641181678,
            0.007044063232940399
        ],
        "spearman": [
            -0.6868131868131868,
            0.009509496050393583
        ],
        "count": 13
    },
    "1FXA": {
        "pearson": [
            -0.6525625404064158,
            0.029521525947959773
        ],
        "spearman": [
            -0.7727272727272727,
            0.005299487178643863
        ],
        "count": 11
    },
    "1G3P": {
        "pearson": [
            -0.46065108480941847,
            0.015602883633130732
        ],
        "spearman": [
            -0.1200366748097851,
            0.5509229153767321
        ],
        "count": 27
    },
    "1GUA": {
        "pearson": [
            -0.5592242901793916,
            2.9561918396252128e-05
        ],
        "spearman": [
            -0.6098979591836734,
            3.287603328177344e-06
        ],
        "count": 49
    },
    "1H0X": {
        "pearson": [
            1.0,
            1.0
        ],
        "spearman": [
            0.9999999999999999,
            NaN
        ],
        "count": 2
    },
    "1HCQ": {
        "pearson": [
            -1.0,
            1.0
        ],
        "spearman": [
            -0.9999999999999999,
            NaN
        ],
        "count": 2
    },
    "1ITM": {
        "pearson": [
            -0.17284642413456955,
            0.8894071378324767
        ],
        "spearman": [
            0.5,
            0.6666666666666667
        ],
        "count": 3
    },
    "1IV7": {
        "pearson": [
            -0.8416882308190178,
            0.36312417386651513
        ],
        "spearman": [
            -1.0,
            0.0
        ],
        "count": 3
    },
    "1J8I": {
        "pearson": [
            0.24371837664465193,
            0.6416607059578154
        ],
        "spearman": [
            0.29424494316824984,
            0.5713704615752551
        ],
        "count": 6
    },
    "1JLV": {
        "pearson": [
            0.04353170667250147,
            0.9722780945561432
        ],
        "spearman": [
            -0.5,
            0.6666666666666667
        ],
        "count": 3
    },
    "1L6H": {
        "pearson": [
            -0.9734257359984534,
            0.14709307204376992
        ],
        "spearman": [
            -0.5,
            0.6666666666666667
        ],
        "count": 3
    },
    "1LVM": {
        "pearson": [
            0.308008357754731,
            0.61412373447378
        ],
        "spearman": [
            0.5642880936468347,
            0.32172333582430024
        ],
        "count": 5
    },
    "1N18": {
        "pearson": [
            -0.594595474809973,
            0.4054045251900269
        ],
        "spearman": [
            -0.6000000000000001,
            0.3999999999999999
        ],
        "count": 4
    },
    "1N88": {
        "pearson": [
            -0.11703516621891091,
            0.6546328153055709
        ],
        "spearman": [
            0.03192147831857219,
            0.9031995221839149
        ],
        "count": 17
    },
    "1NM1": {
        "pearson": [
            -1.0,
            1.0
        ],
        "spearman": [
            -0.9999999999999999,
            NaN
        ],
        "count": 2
    },
    "1O1U": {
        "pearson": [
            -0.5288010911928891,
            0.2807328448420956
        ],
        "spearman": [
            -0.3946648814672956,
            0.43873925151701676
        ],
        "count": 6
    },
    "1O6X": {
        "pearson": [
            -0.12990829398142753,
            0.5851473224679198
        ],
        "spearman": [
            -0.08954103362481289,
            0.7073547214881716
        ],
        "count": 20
    },
    "1OSI": {
        "pearson": [
            0.329844306176545,
            0.670155693823455
        ],
        "spearman": [
            0.39999999999999997,
            0.6
        ],
        "count": 4
    },
    "1PFL": {
        "pearson": [
            -0.4730241554123959,
            0.42100848141087
        ],
        "spearman": [
            -0.19999999999999998,
            0.747060078104662
        ],
        "count": 5
    },
    "1PRG": {
        "pearson": [
            0.542073889674345,
            0.2087640163504117
        ],
        "spearman": [
            0.42857142857142866,
            0.337368311085824
        ],
        "count": 7
    },
    "1R6R": {
        "pearson": [
            0.702689388641083,
            0.297310611358917
        ],
        "spearman": [
            0.19999999999999998,
            0.8
        ],
        "count": 4
    },
    "1SPD": {
        "pearson": [
            -1.0,
            1.0
        ],
        "spearman": [
            -0.9999999999999999,
            NaN
        ],
        "count": 2
    },
    "1X0J": {
        "pearson": [
            -0.24897799212937347,
            0.5903000165884464
        ],
        "spearman": [
            -0.28571428571428575,
            0.5345092286010406
        ],
        "count": 7
    },
    "1XWS": {
        "pearson": [
            0.25510474874656414,
            0.7448952512534359
        ],
        "spearman": [
            -0.39999999999999997,
            0.6
        ],
        "count": 4
    },
    "1XXN": {
        "pearson": [
            -0.005541268529536954,
            0.9929446738869521
        ],
        "spearman": [
            0.10259783520851543,
            0.8695979205185651
        ],
        "count": 5
    },
    "1XZO": {
        "pearson": [
            -0.8109422142861608,
            0.18905778571383935
        ],
        "spearman": [
            -0.7999999999999999,
            0.20000000000000007
        ],
        "count": 4
    },
    "2BJD": {
        "pearson": [
            -0.9771212476146377,
            0.13644034050034665
        ],
        "spearman": [
            -1.0,
            0.0
        ],
        "count": 3
    },
    "2C9Q": {
        "pearson": [
            -1.0,
            1.0
        ],
        "spearman": [
            -0.9999999999999999,
            NaN
        ],
        "count": 2
    },
    "2CLR": {
        "pearson": [
            -0.9335818590859986,
            0.06641814091400144
        ],
        "spearman": [
            -1.0,
            0.0
        ],
        "count": 4
    },
    "2DVV": {
        "pearson": [
            -1.0,
            1.0
        ],
        "spearman": [
            -0.9999999999999999,
            NaN
        ],
        "count": 2
    },
    "2HBB": {
        "pearson": [
            -0.6374948978325845,
            1.893496917058669e-06
        ],