{
    "overall": {
        "pearson": [
            -0.5974497285097086,
            2.45963993846859e-35
        ],
        "spearman": [
            -0.6240524661575421,
            2.7700618197513357e-39
        ],
        "count": 351
    }
}