{
    "1A7V": {
        "pearson": [
            -0.37620186496569663,
            0.20518422593526453
        ],
        "spearman": [
            -0.3443539237399429,
            0.2492554131644409
        ],
        "count": 13
    },
    "1BA3": {
        "pearson": [
            -0.9428093354334286,
            0.0571906645665714
        ],
        "spearman": [
            -0.39999999999999997,
            0.6
        ],
        "count": 4
    },
    "1BFM": {
        "pearson": [
            1.0,
            1.0
        ],
        "spearman": [
            0.9999999999999999,
            NaN
        ],
        "count": 2
    },
    "1D5G": {
        "pearson": [
            1.0,
            1.0
        ],
        "spearman": [
            0.9999999999999999,
            NaN
        ],
        "count": 2
    },
    "1DIV": {
        "pearson": [
            -0.8630505811233143,
            7.637117061054232e-16
        ],
        "spearman": [
            -0.8417413040783487,
            1.908457650466204e-14
        ],
        "count": 50
    },
    "1EKG": {
        "pearson": [
            -0.6163731360600148,
            0.38362686393998535
        ],
        "spearman": [
            -0.39999999999999997,
            0.6
        ],
        "count": 4
    },
    "1FT8": {
        "pearson": [
            -0.833481545479292,
            0.00040068574059244107
        ],
        "spearman": [
            -0.7747252747252747,
            0.0018713615028719075
        ],
        "count": 13
    },
    "1FXA": {
        "pearson": [
            -0.7702951501668417,
            0.005538405835630093
        ],
        "spearman": [
            -0.8363636363636365,
            0.0013331850799508562
        ],
        "count": 11
    },
    "1G3P": {
        "pearson": [
            -0.26348100537394964,
            0.18420741521224934
        ],
        "spearman": [
            -0.29199761098767063,
            0.1394351189070133
        ],
        "count": 27
    },
    "1GUA": {
        "pearson": [
            -0.9035198556408194,
            6.450031559882322e-19
        ],
        "spearman": [
            -0.897142857142857,
            2.7005743392704266e-18
        ],
        "count": 49
    },
    "1H0X": {
        "pearson": [
            1.0,
            1.0
        ],
        "spearman": [
            0.9999999999999999,
            NaN
        ],
        "count": 2
    },
    "1HCQ": {
        "pearson": [
            1.0,
            1.0
        ],
        "spearman": [
            0.9999999999999999,
            NaN
        ],
        "count": 2
    },
    "1ITM": {
        "pearson": [
            0.278035410977098,
            0.8206334796850653
        ],
        "spearman": [
            0.5,
            0.6666666666666667
        ],
        "count": 3
    },
    "1IV7": {
        "pearson": [
            -0.9609969417513214,
            0.17838824083849364
        ],
        "spearman": [
            -0.5,
            0.6666666666666667
        ],
        "count": 3
    },
    "1J8I": {
        "pearson": [
            -0.6858167574520161,
            0.13255997655532126
        ],
        "spearman": [
            -0.7650368522374495,
            0.0763256359782481
        ],
        "count": 6
    },
    "1JLV": {
        "pearson": [
            -0.8971105710643066,
            0.2913241536655611
        ],
        "spearman": [
            -0.5,
            0.6666666666666667
        ],
        "count": 3
    },
    "1L6H": {
        "pearson": [
            -0.9639120057318924,
            0.1715502240184515
        ],
        "spearman": [
            -1.0,
            0.0
        ],
        "count": 3
    },
    "1LVM": {
        "pearson": [
            -0.547801209923452,
            0.3391702674808523
        ],
        "spearman": [
            -0.6668859288553503,
            0.21889398131323154
        ],
        "count": 5
    },
    "1N18": {
        "pearson": [
            -0.7726938797444064,
            0.2273061202555935
        ],
        "spearman": [
            -0.6000000000000001,
            0.3999999999999999
        ],
        "count": 4
    },
    "1N88": {
        "pearson": [
            -0.5476608007662018,
            0.022865093533787767
        ],
        "spearman": [
            -0.4800499239446818,
            0.05115084264603284
        ],
        "count": 17
    },
    "1NM1": {
        "pearson": [
            -1.0,
            1.0
        ],
        "spearman": [
            -0.9999999999999999,
            NaN
        ],
        "count": 2
    },
    "1O1U": {
        "pearson": [
            -0.72712245800658,
            0.10153370475578581
        ],
        "spearman": [
            -0.6982532518267538,
            0.12283946337339596
        ],
        "count": 6
    },
    "1O6X": {
        "pearson": [
            -0.4881619348060412,
            0.028983208635491024
        ],
        "spearman": [
            -0.42889402660624665,
            0.059167678903077704
        ],
        "count": 20
    },
    "1OSI": {
        "pearson": [
            -0.5049525382054834,
            0.49504746179451664
        ],
        "spearman": [
            -0.39999999999999997,
            0.6
        ],
        "count": 4
    },
    "1PFL": {
        "pearson": [
            -0.5715283479106265,
            0.31413563514647985
        ],
        "spearman": [
            -0.3,
            0.6238376647810728
        ],
        "count": 5
    },
    "1PRG": {
        "pearson": [
            -0.756420840141866,
            0.04907910172348776
        ],
        "spearman": [
            -0.42857142857142866,
            0.337368311085824
        ],
        "count": 7
    },
    "1R6R": {
        "pearson": [
            -0.6984410426246106,
            0.3015589573753894
        ],
        "spearman": [
            -1.0,
            0.0
        ],
        "count": 4
    },
    "1SPD": {
        "pearson": [
            1.0,
            1.0
        ],
        "spearman": [
            0.9999999999999999,
            NaN
        ],
        "count": 2
    },
    "1X0J": {
        "pearson": [
            0.00227368194683756,
            0.9961400876213583
        ],
        "spearman": [
            -0.3214285714285715,
            0.4820720382996776
        ],
        "count": 7
    },
    "1XWS": {
        "pearson": [
            0.3046365871987281,
            0.6953634128012718
        ],
        "spearman": [
            0.19999999999999998,
            0.8
        ],
        "count": 4
    },
    "1XXN": {
        "pearson": [
            -0.8663918863756531,
            0.05743572373968861
        ],
        "spearman": [
            -0.8207826816681234,
            0.08858700531354378
        ],
        "count": 5
    },
    "1XZO": {
        "pearson": [
            -0.547737564678488,
            0.4522624353215119
        ],
        "spearman": [
            -0.39999999999999997,
            0.6
        ],
        "count": 4
    },
    "2BJD": {
        "pearson": [
            -0.9741871523845057,
            0.14496118494816695
        ],
        "spearman": [
            -1.0,
            0.0
        ],
        "count": 3
    },
    "2C9Q": {
        "pearson": [
            -1.0,
            1.0
        ],
        "spearman": [
            -0.9999999999999999,
            NaN
        ],
        "count": 2
    },
    "2CLR": {
        "pearson": [
            -0.2947664976080669,
            0.7052335023919332
        ],
        "spearman": [
            -0.39999999999999997,
            0.6
        ],
        "count": 4
    },
    "2DVV": {
        "pearson": [
            -1.0,
            1.0
        ],
        "spearman": [
            -0.9999999999999999,
            NaN
        ],
        "count": 2
    },
    "2HBB": {
        "pearson": [
            -0.8605994095930233,
            1.7614960010483e-14
        ],