{
    "myoglobin": {
        "pearson": [
            -0.6491935951397964,
            1.0495972090509862e-57
        ],
        "spearman": [
            -0.7710257087815129,
            5.716683620315195e-94
        ],
        "precision": 0.8009950248756219,
        "recall": 0.7594339622641509,
        "auroc": 0.8873752458658118,
        "accuracy": 0.8067940552016986,
        "count": 471,
        "num_stabilizing": 212,
        "num_destabilizing": 259
    },
    "p53": {
        "pearson": [
            -0.7072975701328592,
            1.1029361013538408e-09
        ],
        "spearman": [
            -0.5718533730181931,
            4.147859498666095e-06
        ],
        "precision": 0.5,
        "recall": 0.42105263157894735,
        "auroc": 0.7567567567567568,
        "accuracy": 0.6607142857142857,
        "count": 56,
        "num_stabilizing": 19,
        "num_destabilizing": 37
    },
    "s669": {
        "pearson": [
            -0.583914772319035,
            3.033897960269691e-107
        ],
        "spearman": [
            -0.5621610619982864,
            7.237617275500855e-98
        ],
        "precision": 0.5862944162436549,
        "recall": 0.5372093023255814,
        "auroc": 0.7558869253466163,
        "accuracy": 0.6887360275150473,
        "count": 1163,
        "num_stabilizing": 430,
        "num_destabilizing": 733
    },
    "ssym": {
        "pearson": [
            -0.6412579317540179,
            4.711262340643402e-215
        ],
        "spearman": [
            -0.6230251370659171,
            1.2978853917011697e-199
        ],
        "precision": 0.6662546353522868,
        "recall": 0.6814159292035398,
        "auroc": 0.7920455263085775,
        "accuracy": 0.7181425485961123,
        "count": 1852,
        "num_stabilizing": 791,
        "num_destabilizing": 1061
    },
    "t2226": {
        "pearson": [
            -0.663258028545787,
            0.0
        ],
        "spearman": [
            -0.6468689025479758,
            0.0
        ],
        "precision": 0.685481128867732,
        "recall": 0.6803914951063111,
        "auroc": 0.8031354944452657,
        "accuracy": 0.7261155815654718,
        "count": 6835,
        "num_stabilizing": 2963,
        "num_destabilizing": 3872
    },
    "overall": {
        "pearson": [
            -0.6543798490037355,
            0.0
        ],
        "spearman": [
            -0.6407349260448836,
            0.0
        ],
        "precision": 0.6775968814492089,
        "recall": 0.6693091732729332,
        "auroc": 0.8011182563179486,
        "accuracy": 0.7238122771513925,
        "count": 10377,
        "num_stabilizing": 4415,
        "num_destabilizing": 5962
    }
}