{
    "screenscore": {
        "pearson": [
            0.38380721837407994,
            2.9989785975145904e-96
        ],
        "spearman": [
            0.38799527374680826,
            1.6945395731989624e-98
        ],
        "count": 2722
    }
}