{
    "screenscore": {
        "pearson": [
            0.4009683472711799,
            1.5816563486349786e-104
        ],
        "spearman": [
            0.42832797583613114,
            1.4479338175216391e-120
        ],
        "count": 2692
    }
}