{
    "acetamide_normalized_fitness": {
        "pearson": [
            0.2718053735116271,
            2.6810028577011204e-112
        ],
        "spearman": [
            0.4054159415931789,
            5.3898558632498705e-260
        ],
        "count": 6610
    },
    "isobutyramide_normalized_fitness": {
        "pearson": [
            0.4283469956786034,
            1.687601058326692e-290
        ],
        "spearman": [
            0.4525120567292559,
            0.0
        ],
        "count": 6548
    },
    "propionamide_normalized_fitness": {
        "pearson": [
            0.3473335417959515,
            8.882846262345718e-187
        ],
        "spearman": [
            0.41204496015357406,
            2.231914726326747e-269
        ],
        "count": 6611
    }
}