{
    "acetamide_normalized_fitness": {
        "pearson": [
            0.26006538554937725,
            6.308207309254731e-103
        ],
        "spearman": [
            0.383587965410703,
            2.349054428252456e-231
        ],
        "count": 6629
    },
    "isobutyramide_normalized_fitness": {
        "pearson": [
            0.40559696585170424,
            1.317852003430146e-258
        ],
        "spearman": [
            0.42945945317498035,
            4.762540736368653e-293
        ],
        "count": 6568
    },
    "propionamide_normalized_fitness": {
        "pearson": [
            0.32470490944664177,
            1.2577018825285283e-162
        ],
        "spearman": [
            0.3859401769236951,
            1.7406442169834918e-234
        ],
        "count": 6631
    }
}