{
    "screenscore": {
        "pearson": [
            0.44449306232681096,
            4.342856834226103e-88
        ],
        "spearman": [
            0.3736609124390919,
            8.978809079886076e-61
        ],
        "count": 1801
    }
}