{
    "screenscore": {
        "pearson": [
            0.4719702082675827,
            6.226077843188475e-81
        ],
        "spearman": [
            0.4694217222987909,
            5.766634850394087e-80
        ],
        "count": 1443
    }
}