{
    "screenscore": {
        "pearson": [
            0.3789076482025748,
            6.47609869106219e-27
        ],
        "spearman": [
            0.38520917408675753,
            7.801249544857376e-28
        ],
        "count": 747
    }
}