{
    "ETP_AVERAGE": {
        "pearson": [
            0.11464629813807284,
            2.2503421827634064e-20
        ],
        "spearman": [
            0.10521919685030348,
            2.1624845603144905e-17
        ],
        "count": 6469
    },
    "DOX_Average": {
        "pearson": [
            -0.08498589599623242,
            7.568322168845753e-12
        ],
        "spearman": [
            -0.10646315094687496,
            9.036681047026472e-18
        ],
        "count": 6469
    },
    "SCH_Average": {
        "pearson": [
            0.1357239023259275,
            5.633317489341513e-28
        ],
        "spearman": [
            0.12869874070631346,
            2.682414774431479e-25
        ],
        "count": 6469
    },
    "VRT_AVERAGE": {
        "pearson": [
            0.14580345158669536,
            4.513829119234872e-32
        ],
        "spearman": [
            0.13964577842690498,
            1.5584348504150633e-29
        ],
        "count": 6469
    }
}