{
    "ETP_AVERAGE": {
        "pearson": [
            0.11115172937196165,
            3.623018289600781e-20
        ],
        "spearman": [
            0.10744397228160532,
            6.108973963966136e-19
        ],
        "count": 6809
    },
    "DOX_Average": {
        "pearson": [
            -0.07801462402510832,
            1.1472670072298001e-10
        ],
        "spearman": [
            -0.08733288372021245,
            5.241330921367825e-13
        ],
        "count": 6809
    },
    "SCH_Average": {
        "pearson": [
            0.12162093366762122,
            7.398103235207627e-24
        ],
        "spearman": [
            0.11411178605555027,
            3.545193319461472e-21
        ],
        "count": 6809
    },
    "VRT_AVERAGE": {
        "pearson": [
            0.13668708827075451,
            9.30931161876774e-30
        ],
        "spearman": [
            0.1300747479126802,
            4.4121760888278254e-27
        ],
        "count": 6809
    }
}