{
    "5BON": {
        "pearson": [
            0.3914267699289523,
            3.1877843165328557e-103
        ],
        "spearman": [
            0.4360089156638874,
            2.4274852761352003e-130
        ],
        "count": 2801
    },
    "1D5R": {
        "pearson": [
            0.40258714413049795,
            7.971450412806898e-126
        ],
        "spearman": [
            0.42489442063389493,
            2.0082478576799456e-141
        ],
        "count": 3222
    },
    "2H11": {
        "pearson": [
            0.2974066278490159,
            6.0737437583656174e-71
        ],
        "spearman": [
            0.35728527632736967,
            1.0263051154469241e-103
        ],
        "count": 3427
    },
    "overall": {
        "pearson": [
            0.34319231195040706,
            1.9116535753525562e-259
        ],
        "spearman": [
            0.38396576199021065,
            0.0
        ],
        "count": 9450
    }
}