{
    "fitness": {
        "pearson": [
            0.3292006410615189,
            1.0128298478746905e-39
        ],
        "spearman": [
            0.29326214412889134,
            1.6514073728429174e-31
        ],
        "count": 1519
    }
}