{
    "fitness": {
        "pearson": [
            0.3283741891274473,
            1.61188330405671e-39
        ],
        "spearman": [
            0.2944145756830086,
            9.37554088671612e-32
        ],
        "count": 1519
    }
}