{
    "1BVC": {
        "pearson": [
            -0.737363658921059,
            6.794027686804781e-14
        ],
        "spearman": [
            -0.710889946597761,
            1.2842880569857809e-12
        ],
        "count": 74
    },
    "1LZ1": {
        "pearson": [
            -0.605463541891847,
            9.603387037051542e-13
        ],
        "spearman": [
            -0.5891833683976608,
            5.361039169338195e-12
        ],
        "count": 114
    },
    "2CI2": {
        "pearson": [
            -0.6771496991001508,
            7.292729607809002e-12
        ],
        "spearman": [
            -0.6292315408236998,
            5.275256685780435e-10
        ],
        "count": 79
    },
    "2RN2": {
        "pearson": [
            -0.7871356242299633,
            2.105147179606658e-17
        ],
        "spearman": [
            -0.7357358348205757,
            2.5041098663588015e-14
        ],
        "count": 77
    },
    "overall": {
        "pearson": [
            -0.6550527933920677,
            1.5459523599679923e-43
        ],
        "spearman": [
            -0.6737900806521318,
            7.33607280262046e-47
        ],
        "count": 344
    }
}