{
    "myoglobin": {
        "pearson": [
            -0.7792273502887823,
            2.8906241161211225e-24
        ],
        "spearman": [
            -0.776368185034812,
            5.419132936967258e-24
        ],
        "precision": 0.6666666666666666,
        "recall": 0.4375,
        "auroc": 0.9000771604938271,
        "accuracy": 0.7787610619469026,
        "count": 113,
        "num_stabilizing": 32,
        "num_destabilizing": 81
    },
    "p53": {
        "pearson": [
            -0.7880546776867888,
            5.856337661187761e-10
        ],
        "spearman": [
            -0.7022690460660443,
            2.181052596528802e-07
        ],
        "precision": 0.6666666666666666,
        "recall": 0.36363636363636365,
        "auroc": 0.7976539589442815,
        "accuracy": 0.7857142857142857,
        "count": 42,
        "num_stabilizing": 11,
        "num_destabilizing": 31
    },
    "s669": {
        "pearson": [
            -0.465097958625499,
            1.930190512144231e-34
        ],
        "spearman": [
            -0.48122147830014667,
            4.418624822314292e-37
        ],
        "precision": 0.5531914893617021,
        "recall": 0.47560975609756095,
        "auroc": 0.7287594895816507,
        "accuracy": 0.7585089141004863,
        "count": 617,
        "num_stabilizing": 164,
        "num_destabilizing": 453
    },
    "ssym": {
        "pearson": [
            -0.7084104629185806,
            6.196068114392867e-53
        ],
        "spearman": [
            -0.726908822301675,
            5.928225264603873e-57
        ],
        "precision": 0.632183908045977,
        "recall": 0.6395348837209303,
        "auroc": 0.8625792811839323,
        "accuracy": 0.8141592920353983,
        "count": 339,
        "num_stabilizing": 86,
        "num_destabilizing": 253
    },
    "t2226": {
        "pearson": [
            -0.5904594857059405,
            1.0169268484614633e-159
        ],
        "spearman": [
            -0.6186577887905981,
            1.711459544982816e-179
        ],
        "precision": 0.46524064171123,
        "recall": 0.6020761245674741,
        "auroc": 0.825866591141376,
        "accuracy": 0.8140495867768595,
        "count": 1694,
        "num_stabilizing": 289,
        "num_destabilizing": 1405
    },
    "overall": {
        "pearson": [
            -0.5824247073666723,
            1.6734963562367098e-254
        ],
        "spearman": [
            -0.606107758720863,
            5.1280336468530734e-281
        ],
        "precision": 0.5166931637519873,
        "recall": 0.5584192439862543,
        "auroc": 0.8090785493118646,
        "accuracy": 0.8,
        "count": 2805,
        "num_stabilizing": 582,
        "num_destabilizing": 2223
    }
}