{
    "screenscore": {
        "pearson": [
            0.14989098530153255,
            3.808126261789386e-15
        ],
        "spearman": [
            0.1545085333876339,
            5.224433395036546e-16
        ],
        "count": 2722
    }
}