{
    "screenscore": {
        "pearson": [
            0.13277674747792012,
            4.6294829511159004e-12
        ],
        "spearman": [
            0.1364313633457755,
            1.1718743732150198e-12
        ],
        "count": 2692
    }
}