{
    "score": {
        "pearson": [
            0.5749189461782135,
            0.0
        ],
        "spearman": [
            0.5127664132471885,
            5.3690431981774756e-253
        ],
        "count": 3786
    }
}