{
    "score": {
        "pearson": [
            0.5642265312604082,
            7.239199155099212e-295
        ],
        "spearman": [
            0.5152448464443381,
            8.333348559047646e-238
        ],
        "count": 3517
    }
}