{
    "score": {
        "pearson": [
            0.5553285485498941,
            8.71998865300345e-284
        ],
        "spearman": [
            0.505075349896545,
            4.327966214545728e-227
        ],
        "count": 3517
    }
}