{
    "myoglobin": {
        "pearson": [
            -0.6809183794872385,
            1.0598705136887757e-16
        ],
        "spearman": [
            -0.7874055703375321,
            4.542435763506053e-25
        ],
        "precision": 0.8,
        "recall": 0.5,
        "auroc": 0.8966049382716049,
        "accuracy": 0.8230088495575221,
        "count": 113,
        "num_stabilizing": 32,
        "num_destabilizing": 81
    },
    "p53": {
        "pearson": [
            -0.6814226445270799,
            6.782340791881967e-07
        ],
        "spearman": [
            -0.6198541349364382,
            1.1999002109855998e-05
        ],
        "precision": 0.5555555555555556,
        "recall": 0.45454545454545453,
        "auroc": 0.782991202346041,
        "accuracy": 0.7619047619047619,
        "count": 42,
        "num_stabilizing": 11,
        "num_destabilizing": 31
    },
    "s669": {
        "pearson": [
            -0.4817492865738557,
            3.2984863746052366e-35
        ],
        "spearman": [
            -0.5018638778546869,
            1.6131671313163567e-38
        ],
        "precision": 0.5319148936170213,
        "recall": 0.36231884057971014,
        "auroc": 0.7523367529718286,
        "accuracy": 0.7735849056603774,
        "count": 583,
        "num_stabilizing": 138,
        "num_destabilizing": 445
    },
    "ssym": {
        "pearson": [
            -0.665935280034776,
            8.465061750511105e-45
        ],
        "spearman": [
            -0.6624899928402737,
            3.3822076279323045e-44
        ],
        "precision": 0.6436781609195402,
        "recall": 0.6511627906976745,
        "auroc": 0.8401047890431105,
        "accuracy": 0.8200589970501475,
        "count": 339,
        "num_stabilizing": 86,
        "num_destabilizing": 253
    },
    "t2226": {
        "pearson": [
            -0.5628032521953718,
            3.704840038700196e-138
        ],
        "spearman": [
            -0.5764882182379809,
            2.0788443925339516e-146
        ],
        "precision": 0.39867109634551495,
        "recall": 0.425531914893617,
        "auroc": 0.7774042761173853,
        "accuracy": 0.7916160388821385,
        "count": 1646,
        "num_stabilizing": 282,
        "num_destabilizing": 1364
    },
    "overall": {
        "pearson": [
            -0.5614770750428475,
            4.6836674678604565e-226
        ],
        "spearman": [
            -0.5757518689562421,
            3.041576718707908e-240
        ],
        "precision": 0.48336594911937375,
        "recall": 0.44990892531876137,
        "auroc": 0.785646060496378,
        "accuracy": 0.7921410209327947,
        "count": 2723,
        "num_stabilizing": 549,
        "num_destabilizing": 2174
    }
}