{
    "overall": {
        "pearson": [
            -0.2849436613956515,
            5.5600675651054334e-08
        ],
        "spearman": [
            -0.3710427678376509,
            6.731991678585829e-13
        ],
        "count": 351
    }
}