{
    "CRIPT": {
        "pearson": [
            0.5196064554280243,
            2.2045716992502957e-115
        ],
        "spearman": [
            0.41024970616040923,
            2.334571550911271e-68
        ],
        "count": 1659
    },
    "Tm2F": {
        "pearson": [
            0.37837536222381357,
            1.3087067563157103e-57
        ],
        "spearman": [
            0.28231881120182367,
            8.963933354573152e-32
        ],
        "count": 1659
    }
}