{
    "Overall": {
        "all_types_of_mutations": {
            "Pr": -0.20848026198370898,
            "Pr_pval": 2.947842872069744e-57,
            "Sr": -0.20631150097516948,
            "Sr_pval": 4.389411780611407e-56,
            "num": 5726.0,
            "num_struc": 333.0
        },
        "single_point_mutations": {
            "Pr": -0.2494077978132313,
            "Pr_pval": 1.9723783108935823e-59,
            "Sr": -0.2192811661180988,
            "Sr_pval": 5.097639230775573e-46,
            "num": 4118.0,
            "num_struc": 310.0
        },
        "multi_point_mutations": {
            "Pr": -0.24504720455508497,
            "Pr_pval": 2.039056587797691e-23,
            "Sr": -0.2588639054726994,
            "Sr_pval": 4.9348386493156163e-26,
            "num": 1608.0,
            "num_struc": 143.0
        }
    },
    "Per-Structure": {
        "all_types_of_mutations": {
            "Pr": -0.22263821370095838,
            "Pr_std": 0.26578845854879674,
            "Pr_pval": 1.9534994895477017e-44,
            "Sr": -0.22038898017956138,
            "Sr_std": 0.24857469221168108,
            "Sr_pval": 1.4395299906010938e-38,
            "num": 5025.0,
            "num_struc": 116.0
        },
        "single_point_mutations": {
            "Pr": -0.24963818077678102,
            "Pr_std": 0.2619737340062865,
            "Pr_pval": 3.8649324874884973e-35,
            "Sr": -0.23701055467307344,
            "Sr_std": 0.2565571743781176,
            "Sr_pval": 3.3495765543863974e-29,
            "num": 3485.0,
            "num_struc": 93.0
        },
        "multi_point_mutations": {
            "Pr": -0.25853810711288105,
            "Pr_std": 0.2845446689346959,
            "Pr_pval": 3.0894309380427495e-23,
            "Sr": -0.27561320909269516,
            "Sr_std": 0.2655484872318873,
            "Sr_pval": 4.9808687477358095e-24,
            "num": 1304.0,
            "num_struc": 41.0
        }
    }
}