{
    "Overall": {
        "all_types_of_mutations": {
            "Pr": -0.20848026198370898,
            "Pr_pval": 2.947842872069744e-57,
            "Sr": -0.20631150097516948,
            "Sr_pval": 4.389411780611407e-56,
            "precision": 0.4507042253521127,
            "recall": 0.07661612130885874,
            "f1": 0.13096862210095497,
            "auroc": 0.5252295898294798,
            "accuracy": 0.7775061124694377,
            "num": 5726.0,
            "num_struc": 333.0
        },
        "single_point_mutations": {
            "Pr": -0.2494077978132313,
            "Pr_pval": 1.9723783108935823e-59,
            "Sr": -0.2192811661180988,
            "Sr_pval": 5.097639230775573e-46,
            "precision": 0.458128078817734,
            "recall": 0.10520361990950226,
            "f1": 0.17111315547378106,
            "auroc": 0.5355950072336627,
            "accuracy": 0.781204468188441,
            "num": 4118.0,
            "num_struc": 310.0
        },
        "multi_point_mutations": {
            "Pr": -0.24504720455508497,
            "Pr_pval": 2.039056587797691e-23,
            "Sr": -0.2588639054726994,
            "Sr_pval": 4.9348386493156163e-26,
            "precision": 0.3,
            "recall": 0.008130081300813009,
            "f1": 0.0158311345646438,
            "auroc": 0.5012401818933444,
            "accuracy": 0.7680348258706468,
            "num": 1608.0,
            "num_struc": 143.0
        }
    },
    "Per-Structure": {
        "all_types_of_mutations": {
            "Pr": -0.22263821370095838,
            "Pr_std": 0.2657884585487967,
            "Pr_pval": 1.9534994895477017e-44,
            "Sr": -0.22038898017956138,
            "Sr_std": 0.24857469221168108,
            "Sr_pval": 0.19558189655172414,
            "precision": 0.07204993498318103,
            "recall": 0.08334552232676647,
            "f1": 0.5307564249184558,
            "auroc": 0.7930681484309408,
            "accuracy": 1.4395299906010938e-38,
            "num": 5025.0,
            "num_struc": 116.0
        },
        "single_point_mutations": {
            "Pr": -0.24963818077678102,
            "Pr_std": 0.2619737340062865,
            "Pr_pval": 3.8649324874884973e-35,
            "Sr": -0.23701055467307344,
            "Sr_std": 0.2565571743781176,
            "Sr_pval": 0.24305555555555558,
            "precision": 0.09867743124517041,
            "recall": 0.11472551569278722,
            "f1": 0.5415400693526922,
            "auroc": 0.8040407258409419,
            "accuracy": 3.3495765543863974e-29,
            "num": 3485.0,
            "num_struc": 93.0
        },
        "multi_point_mutations": {
            "Pr": -0.25853810711288105,
            "Pr_std": 0.2845446689346959,
            "Pr_pval": 3.0894309380427495e-23,
            "Sr": -0.27561320909269516,
            "Sr_std": 0.2655484872318873,
            "Sr_pval": 0.024390243902439025,
            "precision": 0.003048780487804878,
            "recall": 0.005420054200542005,
            "f1": 0.49989737274220036,
            "auroc": 0.7394382819707828,
            "accuracy": 4.9808687477358095e-24,
            "num": 1304.0,
            "num_struc": 41.0
        }
    }
}