{
    "overall": {
        "pearson": [
            -0.15078586063267488,
            0.004638830804182277
        ],
        "spearman": [
            -0.17971840154649157,
            0.000718045843231515
        ],
        "count": 351
    }
}