{
    "myoglobin": {
        "pearson": [
            -0.7360864707801134,
            1.5685957566919715e-20
        ],
        "spearman": [
            -0.7747795334953851,
            7.653318340129222e-24
        ],
        "precision": 0.7619047619047619,
        "recall": 0.5,
        "auroc": 0.882716049382716,
        "accuracy": 0.8141592920353983,
        "count": 113,
        "num_stabilizing": 32,
        "num_destabilizing": 81
    },
    "p53": {
        "pearson": [
            -0.7597583266430872,
            5.398397897987256e-09
        ],
        "spearman": [
            -0.6696110232683734,
            1.2395157384556742e-06
        ],
        "precision": 0.5,
        "recall": 0.5454545454545454,
        "auroc": 0.782991202346041,
        "accuracy": 0.7380952380952381,
        "count": 42,
        "num_stabilizing": 11,
        "num_destabilizing": 31
    },
    "s669": {
        "pearson": [
            -0.5235323457131471,
            2.4316032463031055e-42
        ],
        "spearman": [
            -0.5480283652951521,
            5.244642897599594e-47
        ],
        "precision": 0.5739130434782609,
        "recall": 0.4782608695652174,
        "auroc": 0.7777886337730011,
        "accuracy": 0.7924528301886793,
        "count": 583,
        "num_stabilizing": 138,
        "num_destabilizing": 445
    },
    "ssym": {
        "pearson": [
            -0.6924987868362195,
            1.0121050297013549e-49
        ],
        "spearman": [
            -0.7034222949554534,
            6.644125691970608e-52
        ],
        "precision": 0.6153846153846154,
        "recall": 0.6511627906976745,
        "auroc": 0.8598216747862855,
        "accuracy": 0.8082595870206489,
        "count": 339,
        "num_stabilizing": 86,
        "num_destabilizing": 253
    },
    "t2226": {
        "pearson": [
            -0.5747245594607504,
            2.5298867956006813e-145
        ],
        "spearman": [
            -0.6030395693232801,
            1.4044216543311644e-163
        ],
        "precision": 0.4475920679886686,
        "recall": 0.5602836879432624,
        "auroc": 0.8160889956531685,
        "accuracy": 0.8061968408262454,
        "count": 1646,
        "num_stabilizing": 282,
        "num_destabilizing": 1364
    },
    "overall": {
        "pearson": [
            -0.5785236701473466,
            4.4303943974868135e-243
        ],
        "spearman": [
            -0.6079962866773797,
            5.277808117971229e-275
        ],
        "precision": 0.5101351351351351,
        "recall": 0.5500910746812386,
        "auroc": 0.8154602413353376,
        "accuracy": 0.8027910392948954,
        "count": 2723,
        "num_stabilizing": 549,
        "num_destabilizing": 2174
    }
}