{
    "SelectionOne": {
        "pearson": [
            0.2961994132875752,
            4.636705434238129e-163
        ],
        "spearman": [
            0.322366185487602,
            1.898026653128306e-194
        ],
        "count": 8067
    }
}