{
    "SelectionOne": {
        "pearson": [
            0.3014751761755534,
            2.1243715029474824e-158
        ],
        "spearman": [
            0.31808457602292245,
            4.446715741755097e-177
        ],
        "count": 7549
    }
}