{
    "attenuated": {
        "pearson": [
            0.12084172363123072,
            1.1435889490896356e-11
        ],
        "spearman": [
            0.09494266729044368,
            1.0095001772414511e-07
        ],
        "count": 3134
    },
    "regulated": {
        "pearson": [
            0.4295439405224156,
            6.362637553073334e-141
        ],
        "spearman": [
            0.36898046220499786,
            1.1252378199967209e-101
        ],
        "count": 3134
    },
    "unregulated": {
        "pearson": [
            0.4359210602273281,
            1.5091195302193107e-145
        ],
        "spearman": [
            0.38501010823320697,
            2.820274698278721e-111
        ],
        "count": 3134
    }
}