{
    "attenuated": {
        "pearson": [
            0.09301054564256393,
            2.5706860059687883e-07
        ],
        "spearman": [
            0.0651602339378705,
            0.0003113523369944906
        ],
        "count": 3058
    },
    "regulated": {
        "pearson": [
            0.4324480525756657,
            1.3548585792945831e-139
        ],
        "spearman": [
            0.3709065439998342,
            2.365634709335024e-100
        ],
        "count": 3058
    },
    "unregulated": {
        "pearson": [
            0.43222422443371206,
            1.9501795557604353e-139
        ],
        "spearman": [
            0.3674695755874135,
            2.1272305509771474e-98
        ],
        "count": 3058
    }
}