{
    "attenuated": {
        "pearson": [
            0.08136081975992102,
            5.103250353738149e-06
        ],
        "spearman": [
            0.0658866934300912,
            0.00022335868784632983
        ],
        "count": 3134
    },
    "regulated": {
        "pearson": [
            0.403821673281977,
            2.9971140384039095e-123
        ],
        "spearman": [
            0.3450752412670157,
            2.4431490383433782e-88
        ],
        "count": 3134
    },
    "unregulated": {
        "pearson": [
            0.39108745805087985,
            4.6452136381621965e-115
        ],
        "spearman": [
            0.3332848185629435,
            3.5478966893885336e-82
        ],
        "count": 3134
    }
}