{
    "score": {
        "pearson": [
            0.597581677349867,
            0.0
        ],
        "spearman": [
            0.5355919403230449,
            3.9084062541240907e-280
        ],
        "count": 3786
    }
}