{
    "score": {
        "pearson": [
            0.5838607933015411,
            1.503e-320
        ],
        "spearman": [
            0.5385655189565749,
            8.456112461429228e-264
        ],
        "count": 3517
    }
}