{
    "score": {
        "pearson": [
            0.5889793905936427,
            0.0
        ],
        "spearman": [
            0.5458031787587376,
            2.7328032161846153e-272
        ],
        "count": 3517
    }
}