{
    "myoglobin": {
        "pearson": [
            -0.7457879052345139,
            2.6398944122324146e-21
        ],
        "spearman": [
            -0.7830346992172763,
            1.2335482630775996e-24
        ],
        "precision": 0.7272727272727273,
        "recall": 0.5,
        "auroc": 0.8935185185185185,
        "accuracy": 0.8053097345132744,
        "count": 113,
        "num_stabilizing": 32,
        "num_destabilizing": 81
    },
    "p53": {
        "pearson": [
            -0.8116209093213171,
            7.008648975555638e-11
        ],
        "spearman": [
            -0.7397082682311162,
            2.1861564142721175e-08
        ],
        "precision": 0.5,
        "recall": 0.45454545454545453,
        "auroc": 0.8240469208211143,
        "accuracy": 0.7380952380952381,
        "count": 42,
        "num_stabilizing": 11,
        "num_destabilizing": 31
    },
    "s669": {
        "pearson": [
            -0.5358156539510353,
            1.241401470349408e-44
        ],
        "spearman": [
            -0.5745629539712391,
            1.6235783095618492e-52
        ],
        "precision": 0.5555555555555556,
        "recall": 0.47101449275362317,
        "auroc": 0.7908158280410356,
        "accuracy": 0.7855917667238422,
        "count": 583,
        "num_stabilizing": 138,
        "num_destabilizing": 445
    },
    "ssym": {
        "pearson": [
            -0.7055977201814038,
            2.37551782294528e-52
        ],
        "spearman": [
            -0.7226244302037337,
            5.405491611347372e-56
        ],
        "precision": 0.6470588235294118,
        "recall": 0.6395348837209303,
        "auroc": 0.8675429726996967,
        "accuracy": 0.8200589970501475,
        "count": 339,
        "num_stabilizing": 86,
        "num_destabilizing": 253
    },
    "t2226": {
        "pearson": [
            -0.5836403469138052,
            7.049845334653024e-151
        ],
        "spearman": [
            -0.6070219226905731,
            2.697430890566027e-166
        ],
        "precision": 0.4540229885057471,
        "recall": 0.5602836879432624,
        "auroc": 0.8193647178719244,
        "accuracy": 0.8092345078979344,
        "count": 1646,
        "num_stabilizing": 282,
        "num_destabilizing": 1364
    },
    "overall": {
        "pearson": [
            -0.5879009209680928,
            6.996863826120053e-253
        ],
        "spearman": [
            -0.6174851163225328,
            5.175280677618086e-286
        ],
        "precision": 0.5137457044673539,
        "recall": 0.5446265938069217,
        "auroc": 0.8213821902497307,
        "accuracy": 0.8042600073448403,
        "count": 2723,
        "num_stabilizing": 549,
        "num_destabilizing": 2174
    }
}