{
    "linear": {
        "pearson": [
            0.16860486111927828,
            3.742656476993053e-36
        ],
        "spearman": [
            0.13687572114480673,
            2.784327263219734e-24
        ],
        "count": 5468
    }
}