{
    "2LZM": {
        "pearson": [
            -0.8776384088878875,
            2.0187406936276335e-11
        ],
        "spearman": [
            -0.8594132598860983,
            1.522205097395464e-10
        ],
        "count": 33
    }
}