{
    "2LZM": {
        "pearson": [
            -0.9101536072647967,
            2.1221377746812017e-13
        ],
        "spearman": [
            -0.8958772713020519,
            1.88512763618893e-12
        ],
        "count": 33
    }
}