{
    "screenscore": {
        "pearson": [
            0.17893559831689965,
            1.4014133803650274e-15
        ],
        "spearman": [
            0.14336869941413571,
            1.7781235289594532e-10
        ],
        "count": 1962
    }
}