{
    "screenscore": {
        "pearson": [
            0.020547173228188435,
            0.37580591432244725
        ],
        "spearman": [
            0.02572095005750752,
            0.2675494541738088
        ],
        "count": 1860
    }
}