{
    "enrichment": {
        "pearson": [
            0.5182828888153364,
            5.99396328706299e-214
        ],
        "spearman": [
            0.5618569551171068,
            5.443303619201206e-259
        ],
        "count": 3118
    }
}