{
    "enrichment": {
        "pearson": [
            0.5072128845464393,
            3.2584888396645207e-228
        ],
        "spearman": [
            0.5425998163470572,
            3.224708355642615e-267
        ],
        "count": 3500
    }
}