{
    "enrichment": {
        "pearson": [
            0.5164418732634906,
            3.4618087614768914e-212
        ],
        "spearman": [
            0.5661806615501185,
            7.811753343613398e-264
        ],
        "count": 3118
    }
}