{
    "SelectionOne": {
        "pearson": [
            0.27532981650276817,
            2.79921266550715e-140
        ],
        "spearman": [
            0.30748812328748365,
            3.2984382070270806e-176
        ],
        "count": 8067
    }
}