{
    "SelectionOne": {
        "pearson": [
            0.2831895814644068,
            4.382187992324327e-146
        ],
        "spearman": [
            0.3145761141646601,
            1.3525513145564803e-181
        ],
        "count": 7927
    }
}