{
    "screenscore": {
        "pearson": [
            0.4225020662290849,
            3.887860350495107e-118
        ],
        "spearman": [
            0.45806220140405324,
            4.311540126672871e-141
        ],
        "count": 2718
    }
}