{
    "screenscore": {
        "pearson": [
            0.3963349532853332,
            4.509944954168924e-103
        ],
        "spearman": [
            0.4036995702784302,
            3.185482374004642e-107
        ],
        "count": 2722
    }
}