{
    "fitness": {
        "pearson": [
            0.23811400014926656,
            5.040326581777886e-21
        ],
        "spearman": [
            0.24183381511747645,
            1.1798527362131527e-21
        ],
        "count": 1519
    }
}