{
    "NONSEL_24h": {
        "pearson": [
            -0.18944731593964628,
            3.232105971667103e-10
        ],
        "spearman": [
            -0.241872321451662,
            6.778861156804514e-16
        ],
        "count": 1084
    },
    "SEL_A_24h": {
        "pearson": [
            0.3504857634620542,
            1.1035931936761554e-32
        ],
        "spearman": [
            0.3308029619307128,
            4.287637614304529e-29
        ],
        "count": 1084
    },
    "SEL_A_40h": {
        "pearson": [
            0.33024086754831466,
            5.382113915290882e-29
        ],
        "spearman": [
            0.3242719145724668,
            5.844610234198654e-28
        ],
        "count": 1084
    },
    "SEL_B_40h": {
        "pearson": [
            0.3067937764938408,
            4.6634864640139395e-25
        ],
        "spearman": [
            0.307988791292016,
            2.995211875315718e-25
        ],
        "count": 1084
    },
    "SEL_C_40h": {
        "pearson": [
            0.30950688521685055,
            1.7016684313750817e-25
        ],
        "spearman": [
            0.3117812146531738,
            7.249395910092141e-26
        ],
        "count": 1084
    },
    "SEL_C_64h": {
        "pearson": [
            0.30514281396392495,
            8.568339925143596e-25
        ],
        "spearman": [
            0.30927301073619223,
            1.8569410071182216e-25
        ],
        "count": 1084
    }
}