{
    "fitness_min": {
        "pearson": [
            0.643926660212635,
            4.1579860303504356e-167
        ],
        "spearman": [
            0.26497728959812433,
            3.0391267505016056e-24
        ],
        "count": 1420
    },
    "fitness_rich": {
        "pearson": [
            0.5823545545240821,
            1.0455232208080488e-129
        ],
        "spearman": [
            0.32094591771155573,
            2.211339589876247e-35
        ],
        "count": 1420
    }
}