{
    "fitness_min": {
        "pearson": [
            0.6186816942434181,
            9.308272361746608e-153
        ],
        "spearman": [
            0.26421996254572006,
            2.0665515674283054e-24
        ],
        "count": 1439
    },
    "fitness_rich": {
        "pearson": [
            0.5809041368063875,
            1.2712409415649671e-130
        ],
        "spearman": [
            0.3513452438693468,
            4.598967482998118e-43
        ],
        "count": 1439
    }
}