{
    "acetamide_normalized_fitness": {
        "pearson": [
            0.23247614776633263,
            7.946619118480727e-82
        ],
        "spearman": [
            0.3227045378235436,
            4.8620017027837344e-160
        ],
        "count": 6610
    },
    "isobutyramide_normalized_fitness": {
        "pearson": [
            0.42719008873091147,
            8.9220106508959e-289
        ],
        "spearman": [
            0.42402860963454875,
            4.218667316173198e-284
        ],
        "count": 6548
    },
    "propionamide_normalized_fitness": {
        "pearson": [
            0.2801784876525023,
            1.6539646181067657e-119
        ],
        "spearman": [
            0.328233733985553,
            7.555239342056949e-166
        ],
        "count": 6611
    }
}