{
    "acetamide_normalized_fitness": {
        "pearson": [
            0.2320790228036641,
            8.947306742931757e-82
        ],
        "spearman": [
            0.3234120108431664,
            3.141124877487705e-161
        ],
        "count": 6629
    },
    "isobutyramide_normalized_fitness": {
        "pearson": [
            0.4263080583839163,
            2.443256213865617e-288
        ],
        "spearman": [
            0.42562697467777805,
            2.508118166258655e-287
        ],
        "count": 6568
    },
    "propionamide_normalized_fitness": {
        "pearson": [
            0.27838790471532077,
            2.6735903168621645e-118
        ],
        "spearman": [
            0.3276942577411525,
            8.994792726175563e-166
        ],
        "count": 6631
    }
}