{
    "enrichment": {
        "pearson": [
            0.38664442575812114,
            3.5302345074629727e-125
        ],
        "spearman": [
            0.543603194467192,
            2.155294827115794e-268
        ],
        "count": 3500
    }
}