{
    "enrichment": {
        "pearson": [
            0.4053918222256636,
            1.1657823338264432e-123
        ],
        "spearman": [
            0.5524305581508664,
            1.1221179123811951e-248
        ],
        "count": 3118
    }
}