{
    "enrichment": {
        "pearson": [
            0.39735528316082486,
            1.9003578462755835e-118
        ],
        "spearman": [
            0.5523926406091509,
            1.2327144844488758e-248
        ],
        "count": 3118
    }
}