{
    "NONSEL_24h": {
        "pearson": [
            -0.21880269073366007,
            3.240204405038073e-13
        ],
        "spearman": [
            -0.2664530559676908,
            4.479337233401378e-19
        ],
        "count": 1084
    },
    "SEL_A_24h": {
        "pearson": [
            0.4108053914042646,
            2.1919808642071133e-45
        ],
        "spearman": [
            0.3998958494819061,
            6.903895277276646e-43
        ],
        "count": 1084
    },
    "SEL_A_40h": {
        "pearson": [
            0.38614295929420533,
            7.215047201163159e-40
        ],
        "spearman": [
            0.39390112412215317,
            1.4883353490117224e-41
        ],
        "count": 1084
    },
    "SEL_B_40h": {
        "pearson": [
            0.35582496204802616,
            1.0569034518054146e-33
        ],
        "spearman": [
            0.36984387224629905,
            1.7977165011025733e-36
        ],
        "count": 1084
    },
    "SEL_C_40h": {
        "pearson": [
            0.35980752773687774,
            1.7836619925079043e-34
        ],
        "spearman": [
            0.37318985437091695,
            3.7427163883558104e-37
        ],
        "count": 1084
    },
    "SEL_C_64h": {
        "pearson": [
            0.34778893775097425,
            3.5479862071295184e-32
        ],
        "spearman": [
            0.3665960245281342,
            8.102562771806296e-36
        ],
        "count": 1084
    }
}