{
    "Ami11_avg": {
        "pearson": [
            0.09927397919169405,
            5.772575200767389e-13
        ],
        "spearman": [
            0.09966238379222728,
            4.68689202177408e-13
        ],
        "count": 5245
    },
    "Ami12_avg": {
        "pearson": [
            0.26179411270981506,
            7.380131782550115e-80
        ],
        "spearman": [
            0.326796435752336,
            6.81097643877223e-126
        ],
        "count": 5046
    },
    "Ami14_avg": {
        "pearson": [
            0.2702321421333854,
            2.3535355598252803e-84
        ],
        "spearman": [
            0.31507273256505697,
            1.420829147427192e-115
        ],
        "count": 4997
    },
    "Ami18_avg": {
        "pearson": [
            0.0030017297917687563,
            0.8277327010229703
        ],
        "spearman": [
            0.013088038290175383,
            0.3426940002280282
        ],
        "count": 5258
    },
    "G41811_avg": {
        "pearson": [
            0.23317513462433773,
            2.3795636282951793e-63
        ],
        "spearman": [
            0.2729198431287343,
            5.384333588021105e-87
        ],
        "count": 5052
    },
    "G41812_avg": {
        "pearson": [
            0.3613750763231951,
            7.271243663472888e-153
        ],
        "spearman": [
            0.41730348578525056,
            3.0420563013049556e-208
        ],
        "count": 4959
    },
    "G41814_avg": {
        "pearson": [
            0.3722074175023006,
            2.1893907378223845e-171
        ],
        "spearman": [
            0.36647930614527857,
            8.018784486732787e-166
        ],
        "count": 5225
    },
    "Kan11_avg": {
        "pearson": [
            0.26024836005067303,
            2.508531494131908e-78
        ],
        "spearman": [
            0.2959687627187609,
            8.447810745474258e-102
        ],
        "count": 5008
    },
    "Kan12_avg": {
        "pearson": [
            0.3616623305801099,
            1.2875925699480102e-149
        ],
        "spearman": [
            0.42305624072974096,
            1.2228392647255758e-209
        ],
        "count": 4844
    },
    "Kan14_avg": {
        "pearson": [
            0.3832400423942102,
            1.4977802502953681e-174
        ],
        "spearman": [
            0.4167989792723317,
            2.8560910274779986e-209
        ],
        "count": 4997
    },
    "Kan18_avg": {
        "pearson": [
            0.3927300507418828,
            3.1253909166578053e-192
        ],
        "spearman": [
            0.39125872627241354,
            1.1015780619299043e-190
        ],
        "count": 5224
    },
    "Neo11_avg": {
        "pearson": [
            0.2262086437100757,
            6.100989975583773e-60
        ],
        "spearman": [
            0.24694925906913728,
            1.930483362548733e-71
        ],
        "count": 5079
    },
    "Neo12_avg": {
        "pearson": [
            0.37809596651037614,
            1.134345981316195e-168
        ],
        "spearman": [
            0.43848350299912753,
            1.1580934300987286e-232
        ],
        "count": 4970
    },
    "Neo14_avg": {
        "pearson": [
            0.41114673596253715,
            1.663949225991792e-210
        ],
        "spearman": [
            0.41874647992603387,
            4.4314001682155686e-219
        ],
        "count": 5180
    },
    "Neo18_avg": {
        "pearson": [
            0.3567576657592665,
            1.1493382355100857e-156
        ],
        "spearman": [
            0.3332368925798427,
            9.798251111920065e-136
        ],
        "count": 5226
    },
    "Paro11_avg": {
        "pearson": [
            0.14436558880106637,
            9.5175627791769e-26
        ],
        "spearman": [
            0.1516743425846256,
            2.7991582650936153e-28
        ],
        "count": 5228
    },
    "Paro12_avg": {
        "pearson": [
            0.2801826775187012,
            1.1301419363825252e-90
        ],
        "spearman": [
            0.33894558479743286,
            2.1902850347669469e-134
        ],
        "count": 4990
    },
    "Paro14_avg": {
        "pearson": [
            0.3654978844004637,
            1.4833249067558996e-156
        ],
        "spearman": [
            0.41568460727336354,
            1.9153966910104315e-206
        ],
        "count": 4958
    },
    "Paro18_avg": {
        "pearson": [
            0.400034996445513,
            3.856796829990806e-195
        ],
        "spearman": [
            0.4330231579733864,
            5.813495273627983e-232
        ],
        "count": 5095
    },
    "Ribo11_avg": {
        "pearson": [
            0.27807003556970433,
            1.7744749582087677e-89
        ],
        "spearman": [
            0.33917086953121567,
            7.258758341504791e-135
        ],
        "count": 5001
    },
    "Ribo12_avg": {
        "pearson": [
            0.3973128730604448,
            8.256143143938339e-189
        ],
        "spearman": [
            0.4535614274506882,
            2.1493516105857687e-252
        ],
        "count": 5002
    },
    "Ribo14_avg": {
        "pearson": [
            0.4285236802112077,
            1.2827120965069732e-230
        ],
        "spearman": [
            0.44556261712032225,
            2.3599048066120658e-251
        ],
        "count": 5184
    },
    "Ribo18_avg": {
        "pearson": [
            0.41690974901966776,
            8.113413658904176e-218
        ],
        "spearman": [
            0.40030536276057094,
            2.063502042472939e-199
        ],
        "count": 5200
    }
}