{
    "Ami11_avg": {
        "pearson": [
            0.0944204582266616,
            1.637332872925135e-11
        ],
        "spearman": [
            0.0960147568356115,
            7.414873817549413e-12
        ],
        "count": 5068
    },
    "Ami12_avg": {
        "pearson": [
            0.2562199424423084,
            2.1768165028303997e-74
        ],
        "spearman": [
            0.31968305149127885,
            5.633631279797738e-117
        ],
        "count": 4906
    },
    "Ami14_avg": {
        "pearson": [
            0.26818597865714033,
            5.141285960213998e-81
        ],
        "spearman": [
            0.3160319118745958,
            2.0254356194860455e-113
        ],
        "count": 4871
    },
    "Ami18_avg": {
        "pearson": [
            0.0038179938218686205,
            0.7855772929378266
        ],
        "spearman": [
            0.0174748563468791,
            0.21302386291351863
        ],
        "count": 5080
    },
    "G41811_avg": {
        "pearson": [
            0.2289431271396396,
            2.3075445418596445e-59
        ],
        "spearman": [
            0.2635021025247587,
            1.0080960647930914e-78
        ],
        "count": 4906
    },
    "G41812_avg": {
        "pearson": [
            0.3609886047810951,
            2.329982903832848e-148
        ],
        "spearman": [
            0.42340335413092484,
            4.5233598572950516e-209
        ],
        "count": 4822
    },
    "G41814_avg": {
        "pearson": [
            0.378158894674656,
            2.2080613879367474e-171
        ],
        "spearman": [
            0.38025029003013233,
            2.048171556917986e-173
        ],
        "count": 5049
    },
    "Kan11_avg": {
        "pearson": [
            0.25234318814012013,
            8.570570130424632e-72
        ],
        "spearman": [
            0.28305478338602164,
            1.2849338571136144e-90
        ],
        "count": 4882
    },
    "Kan12_avg": {
        "pearson": [
            0.362049234193164,
            1.5586206467509048e-146
        ],
        "spearman": [
            0.4257478852761584,
            1.0559610002980222e-207
        ],
        "count": 4732
    },
    "Kan14_avg": {
        "pearson": [
            0.38384467132748123,
            7.120916810395018e-170
        ],
        "spearman": [
            0.42518895176915505,
            5.278980758638378e-212
        ],
        "count": 4845
    },
    "Kan18_avg": {
        "pearson": [
            0.39913926607203565,
            1.546012537659621e-192
        ],
        "spearman": [
            0.4048591622308298,
            1.4760876616298281e-198
        ],
        "count": 5051
    },
    "Neo11_avg": {
        "pearson": [
            0.2195342279613069,
            3.751992919210266e-55
        ],
        "spearman": [
            0.23801549014065784,
            8.69921923099887e-65
        ],
        "count": 4956
    },
    "Neo12_avg": {
        "pearson": [
            0.38302205770088527,
            1.9331850608285743e-169
        ],
        "spearman": [
            0.4499403096145033,
            1.0614747104691813e-240
        ],
        "count": 4855
    },
    "Neo14_avg": {
        "pearson": [
            0.42269649094621603,
            1.5985631701314994e-216
        ],
        "spearman": [
            0.43846976239870494,
            1.0913515931596904e-234
        ],
        "count": 5014
    },
    "Neo18_avg": {
        "pearson": [
            0.3640747167872092,
            3.114690183058256e-158
        ],
        "spearman": [
            0.3496325639068386,
            2.9480429916777613e-145
        ],
        "count": 5054
    },
    "Paro11_avg": {
        "pearson": [
            0.1373321199581375,
            9.611695570161285e-23
        ],
        "spearman": [
            0.14185729818130824,
            3.57237709697024e-24
        ],
        "count": 5063
    },
    "Paro12_avg": {
        "pearson": [
            0.27564802858569315,
            9.548677961827685e-86
        ],
        "spearman": [
            0.33131212882433386,
            2.9967095238158234e-125
        ],
        "count": 4876
    },
    "Paro14_avg": {
        "pearson": [
            0.36211607381312544,
            9.705151043383304e-150
        ],
        "spearman": [
            0.4183505680595991,
            3.364618233502633e-204
        ],
        "count": 4835
    },
    "Paro18_avg": {
        "pearson": [
            0.4040110082615217,
            1.3704693774886677e-193
        ],
        "spearman": [
            0.443200116045941,
            4.2798563502184346e-237
        ],
        "count": 4946
    },
    "Ribo11_avg": {
        "pearson": [
            0.27686606692220106,
            9.201267275198668e-87
        ],
        "spearman": [
            0.33792863641742477,
            6.626889063346371e-131
        ],
        "count": 4890
    },
    "Ribo12_avg": {
        "pearson": [
            0.40536348472088946,
            3.791545330984175e-192
        ],
        "spearman": [
            0.4663923314935335,
            8.723388639483361e-262
        ],
        "count": 4873
    },
    "Ribo14_avg": {
        "pearson": [
            0.4381373452391565,
            1.1487506353050659e-234
        ],
        "spearman": [
            0.4623855874624969,
            1.4913366642210067e-264
        ],
        "count": 5022
    },
    "Ribo18_avg": {
        "pearson": [
            0.4285758107177592,
            5.097099664562708e-224
        ],
        "spearman": [
            0.4211464535760951,
            1.3514834552272956e-215
        ],
        "count": 5033
    }
}