{
    "function_score": {
        "pearson": [
            0.5680676313169958,
            5.158578400205998e-125
        ],
        "spearman": [
            0.42894899257351465,
            3.7608325816873507e-66
        ],
        "count": 1454
    }
}