{
    "function_score": {
        "pearson": [
            0.5915886023874022,
            3.542436983285672e-141
        ],
        "spearman": [
            0.45916092746077725,
            1.7825700442348312e-78
        ],
        "count": 1488
    }
}