{
    "surface": {
        "pearson": [
            -0.29252076786448,
            3.4982800466108554e-25
        ],
        "spearman": [
            -0.2714875436809237,
            8.708250915347567e-22
        ],
        "precision": 0.3815261044176707,
        "recall": 0.547550432276657,
        "auroc": 0.6541753116393558,
        "accuracy": 0.6137873754152824,
        "count": 1204,
        "num_structures": 93,
        "num_stabilizing": 347,
        "num_destabilizing": 857
    },
    "in-between": {
        "pearson": [
            -0.1540566439690475,
            0.00024021571254316645
        ],
        "spearman": [
            -0.17004480089795798,
            4.928790696571855e-05
        ],
        "precision": 0.2356687898089172,
        "recall": 0.37373737373737376,
        "auroc": 0.6086890409471055,
        "accuracy": 0.6773049645390071,
        "count": 564,
        "num_structures": 76,
        "num_stabilizing": 99,
        "num_destabilizing": 465
    },
    "core": {
        "pearson": [
            -0.38462178053814083,
            7.2751952709652e-38
        ],
        "spearman": [
            -0.3757214742073853,
            4.4473624029441837e-36
        ],
        "precision": 0.27702702702702703,
        "recall": 0.3014705882352941,
        "auroc": 0.7158986928104575,
        "accuracy": 0.805019305019305,
        "count": 1036,
        "num_structures": 87,
        "num_stabilizing": 136,
        "num_destabilizing": 900
    },
    "alpha-helix": {
        "pearson": [
            -0.4377605748148256,
            1.6477007589846057e-49
        ],
        "spearman": [
            -0.39515748755523517,
            7.2482156130575025e-40
        ],
        "precision": 0.34185303514376997,
        "recall": 0.4314516129032258,
        "auroc": 0.6813589173155357,
        "accuracy": 0.6634335596508244,
        "count": 1031,
        "num_structures": 77,
        "num_stabilizing": 248,
        "num_destabilizing": 783
    },
    "beta-sheet": {
        "pearson": [
            -0.35325375231820344,
            9.493116924465731e-25
        ],
        "spearman": [
            -0.3437252779798787,
            1.945891860252317e-23
        ],
        "precision": 0.20118343195266272,
        "recall": 0.33663366336633666,
        "auroc": 0.6628948609146629,
        "accuracy": 0.7455919395465995,
        "count": 794,
        "num_structures": 70,
        "num_stabilizing": 101,
        "num_destabilizing": 693
    },
    "loop": {
        "pearson": [
            -0.34770651964802757,
            3.351530618327942e-29
        ],
        "spearman": [
            -0.3501178956010824,
            1.305605066547652e-29
        ],
        "precision": 0.3956386292834891,
        "recall": 0.5450643776824035,
        "auroc": 0.7059855711146141,
        "accuracy": 0.693564862104188,
        "count": 979,
        "num_structures": 90,
        "num_stabilizing": 233,
        "num_destabilizing": 746
    },
    "overall": {
        "pearson": [
            -0.39709869850616836,
            1.4674114526536132e-106
        ],
        "spearman": [
            -0.3749948715596297,
            2.488330841556409e-94
        ],
        "precision": 0.33374844333748444,
        "recall": 0.46048109965635736,
        "auroc": 0.6908832635840905,
        "accuracy": 0.6972182596291013,
        "count": 2804,
        "num_structures": 127,
        "num_stabilizing": 582,
        "num_destabilizing": 2222
    }
}