{
    "myoglobin": {
        "pearson": [
            -0.5657608107645635,
            6.592811353975639e-11
        ],
        "spearman": [
            -0.5136792465848067,
            5.93695193046175e-09
        ],
        "precision": 0.5416666666666666,
        "recall": 0.40625,
        "auroc": 0.7523148148148148,
        "accuracy": 0.7345132743362832,
        "1/rmse": 0.4402366252636025,
        "count": 113,
        "num_structures": 1,
        "num_stabilizing": 32,
        "num_destabilizing": 81,
        "precision_at_05_with_00": 0.20833333333333334,
        "recall_at_05_with_00": 0.38461538461538464,
        "precision_at_05_with_025": 0.23809523809523808,
        "recall_at_05_with_025": 0.38461538461538464,
        "precision_at_05_with_05": 0.25,
        "recall_at_05_with_05": 0.3076923076923077,
        "precision_at_05_with_075": 0.2727272727272727,
        "recall_at_05_with_075": 0.23076923076923078,
        "precision_at_05_with_10": 0.3333333333333333,
        "recall_at_05_with_10": 0.23076923076923078,
        "precision_at_05_with_15": 0.3333333333333333,
        "recall_at_05_with_15": 0.07692307692307693
    },
    "p53": {
        "pearson": [
            -0.7705771282855176,
            2.396578335349011e-09
        ],
        "spearman": [
            -0.7239059991354689,
            6.039101197574283e-08
        ],
        "precision": 0.5,
        "recall": 0.6363636363636364,
        "auroc": 0.8475073313782991,
        "accuracy": 0.7380952380952381,
        "1/rmse": 0.6300489680407373,
        "count": 42,
        "num_structures": 1,
        "num_stabilizing": 11,
        "num_destabilizing": 31,
        "precision_at_05_with_00": 0.07142857142857142,
        "recall_at_05_with_00": 0.5,
        "precision_at_05_with_025": 0.0,
        "recall_at_05_with_025": 0.0,
        "precision_at_05_with_05": 0.0,
        "recall_at_05_with_05": 0.0,
        "precision_at_05_with_075": 0.0,
        "recall_at_05_with_075": 0.0,
        "precision_at_05_with_10": 0.0,
        "recall_at_05_with_10": 0.0,
        "precision_at_05_with_15": 0.0,
        "recall_at_05_with_15": 0.0
    },
    "s669": {
        "pearson": [
            -0.2407049662326565,
            5.568103392532938e-10
        ],
        "spearman": [
            -0.22923123573555004,
            3.674641831460264e-09
        ],
        "precision": 0.3048780487804878,
        "recall": 0.4573170731707317,
        "auroc": 0.5892920264606373,
        "accuracy": 0.598145285935085,
        "1/rmse": 0.4287079130662739,
        "count": 647,
        "num_structures": 90,
        "num_stabilizing": 164,
        "num_destabilizing": 483,
        "precision_at_05_with_00": 0.17073170731707318,
        "recall_at_05_with_00": 0.4883720930232558,
        "precision_at_05_with_025": 0.1722488038277512,
        "recall_at_05_with_025": 0.4186046511627907,
        "precision_at_05_with_05": 0.18012422360248448,
        "recall_at_05_with_05": 0.3372093023255814,
        "precision_at_05_with_075": 0.16793893129770993,
        "recall_at_05_with_075": 0.2558139534883721,
        "precision_at_05_with_10": 0.1926605504587156,
        "recall_at_05_with_10": 0.2441860465116279,
        "precision_at_05_with_15": 0.1694915254237288,
        "recall_at_05_with_15": 0.11627906976744186
    },
    "ssym": {
        "pearson": [
            -0.5451926245767408,
            1.2183746727347644e-27
        ],
        "spearman": [
            -0.5405490099520343,
            4.0977601309316384e-27
        ],
        "precision": 0.5125,
        "recall": 0.47674418604651164,
        "auroc": 0.7771854030701352,
        "accuracy": 0.7522123893805309,
        "1/rmse": 0.4943204596992519,
        "count": 339,
        "num_structures": 15,
        "num_stabilizing": 86,
        "num_destabilizing": 253,
        "precision_at_05_with_00": 0.3,
        "recall_at_05_with_00": 0.4897959183673469,
        "precision_at_05_with_025": 0.36065573770491804,
        "recall_at_05_with_025": 0.4489795918367347,
        "precision_at_05_with_05": 0.425531914893617,
        "recall_at_05_with_05": 0.40816326530612246,
        "precision_at_05_with_075": 0.5142857142857142,
        "recall_at_05_with_075": 0.3673469387755102,
        "precision_at_05_with_10": 0.5,
        "recall_at_05_with_10": 0.2653061224489796,
        "precision_at_05_with_15": 0.4375,
        "recall_at_05_with_15": 0.14285714285714285
    },
    "t2226": {
        "pearson": [
            -0.40185384736569824,
            9.371087677986618e-67
        ],
        "spearman": [
            -0.37750832884676494,
            1.659283496720015e-58
        ],
        "precision": 0.2926829268292683,
        "recall": 0.45674740484429066,
        "auroc": 0.7030772451329286,
        "accuracy": 0.71900826446281,
        "1/rmse": 0.42327706659671244,
        "count": 1694,
        "num_structures": 37,
        "num_stabilizing": 289,
        "num_destabilizing": 1405,
        "precision_at_05_with_00": 0.1352549889135255,
        "recall_at_05_with_00": 0.4326241134751773,
        "precision_at_05_with_025": 0.16091954022988506,
        "recall_at_05_with_025": 0.3971631205673759,
        "precision_at_05_with_05": 0.1660377358490566,
        "recall_at_05_with_05": 0.3120567375886525,
        "precision_at_05_with_075": 0.1736842105263158,
        "recall_at_05_with_075": 0.23404255319148937,
        "precision_at_05_with_10": 0.19117647058823528,
        "recall_at_05_with_10": 0.18439716312056736,
        "precision_at_05_with_15": 0.21311475409836064,
        "recall_at_05_with_15": 0.09219858156028368
    },
    "overall": {
        "pearson": [
            -0.39687820220615433,
            1.371184299782564e-107
        ],
        "spearman": [
            -0.3738415975513982,
            9.831549615434523e-95
        ],
        "precision": 0.32883435582822085,
        "recall": 0.46048109965635736,
        "f1_score": 0.383679312813171,
        "precision_at_05": 0.16319018404907976,
        "recall_at_05": 0.4570446735395189,
        "auroc": 0.6895868509799077,
        "accuracy": 0.6962962962962963,
        "1/rmse": 0.43399607649053024,
        "count": 2835,
        "num_structures": 128,
        "num_stabilizing": 582,
        "num_destabilizing": 2253,
        "precision_at_05_with_00": 0.16319018404907976,
        "recall_at_05_with_00": 0.4570446735395189,
        "precision_at_05_with_025": 0.18307692307692308,
        "recall_at_05_with_025": 0.40893470790378006,
        "precision_at_05_with_05": 0.19517102615694165,
        "recall_at_05_with_05": 0.3333333333333333,
        "precision_at_05_with_075": 0.20320855614973263,
        "recall_at_05_with_075": 0.2611683848797251,
        "precision_at_05_with_10": 0.22105263157894736,
        "recall_at_05_with_10": 0.21649484536082475,
        "precision_at_05_with_15": 0.21678321678321677,
        "recall_at_05_with_15": 0.10652920962199312
    },
    "per-structure": {
        "pearson": [
            -0.3647666830470024,
            0.24998276237389508,
            2.809350179052985e-124
        ],
        "spearman": [
            -0.34568694317061793,
            0.22999988802825305,
            8.315189377133036e-97
        ],
        "auroc": 0.6986562925317943,
        "count": 2582,
        "num_structures": 43
    }
}