{
    "fitness": {
        "pearson": [
            0.23273257267767877,
            3.94293302527904e-20
        ],
        "spearman": [
            0.2323446873538796,
            4.564035936320123e-20
        ],
        "count": 1519
    }
}