{
    "function_score": {
        "pearson": [
            0.5425495546796106,
            1.1968056435632957e-114
        ],
        "spearman": [
            0.46664178747209817,
            2.5102182221069763e-81
        ],
        "count": 1488
    }
}