{
    "function_score": {
        "pearson": [
            0.5164618213661938,
            6.129440833360017e-100
        ],
        "spearman": [
            0.4545236204534233,
            4.975195165313177e-75
        ],
        "count": 1454
    }
}