{
    "screenscore": {
        "pearson": [
            0.16806387934912223,
            6.736247765689985e-14
        ],
        "spearman": [
            0.1446340658522944,
            1.2244059076503354e-10
        ],
        "count": 1962
    }
}