{
    "screenscore": {
        "pearson": [
            0.03000412158045796,
            0.19586218418247256
        ],
        "spearman": [
            0.03172548615241391,
            0.17141468934181014
        ],
        "count": 1860
    }
}