{
    "fitness": {
        "pearson": [
            0.27046147677056165,
            7.121980049375698e-27
        ],
        "spearman": [
            0.2919720706870911,
            3.1026640930969486e-31
        ],
        "count": 1519
    }
}