{
    "fitness": {
        "pearson": [
            0.4378798676803003,
            3.5222540799884847e-72
        ],
        "spearman": [
            0.41200300393074957,
            2.6087062166522783e-63
        ],
        "count": 1519
    }
}