{
    "fitness": {
        "pearson": [
            0.4341804826170246,
            7.289150631388089e-71
        ],
        "spearman": [
            0.4070312466798523,
            1.0797797078351509e-61
        ],
        "count": 1519
    }
}