{
    "acetamide_normalized_fitness": {
        "pearson": [
            0.2698662652010734,
            1.1425419152343319e-110
        ],
        "spearman": [
            0.4009642900361863,
            7.713064917007572e-254
        ],
        "count": 6610
    },
    "isobutyramide_normalized_fitness": {
        "pearson": [
            0.3753834272536921,
            3.335087372815336e-218
        ],
        "spearman": [
            0.4274957573669896,
            3.1320563726720944e-289
        ],
        "count": 6548
    },
    "propionamide_normalized_fitness": {
        "pearson": [
            0.33854959026683235,
            5.73604799010995e-177
        ],
        "spearman": [
            0.40935295963887935,
            1.4748582534656027e-265
        ],
        "count": 6611
    }
}