{
    "acetamide_normalized_fitness": {
        "pearson": [
            0.24995997166245298,
            5.6228939859626176e-95
        ],
        "spearman": [
            0.3720307545050302,
            1.1071066602904086e-216
        ],
        "count": 6629
    },
    "isobutyramide_normalized_fitness": {
        "pearson": [
            0.3524424472359435,
            2.165788212512415e-191
        ],
        "spearman": [
            0.4002314689937441,
            3.0554559692302435e-251
        ],
        "count": 6568
    },
    "propionamide_normalized_fitness": {
        "pearson": [
            0.3124374860427941,
            4.352076615387856e-150
        ],
        "spearman": [
            0.37699986188640805,
            5.518415955400867e-223
        ],
        "count": 6631
    }
}