{
    "SelectionOne": {
        "pearson": [
            0.28282703854366725,
            3.0745235288555392e-148
        ],
        "spearman": [
            0.31493491265789286,
            3.310975871968461e-185
        ],
        "count": 8067
    }
}