{
    "SelectionOne": {
        "pearson": [
            0.2900964030755886,
            1.6111891098220438e-153
        ],
        "spearman": [
            0.3241481961938167,
            2.520269800452246e-193
        ],
        "count": 7927
    }
}