{
    "acetamide_normalized_fitness": {
        "pearson": [
            0.277345367653233,
            4.9907131450639934e-117
        ],
        "spearman": [
            0.3896417477756461,
            1.3308529706508404e-238
        ],
        "count": 6610
    },
    "isobutyramide_normalized_fitness": {
        "pearson": [
            0.5031481536547628,
            0.0
        ],
        "spearman": [
            0.510438440378078,
            0.0
        ],
        "count": 6548
    },
    "propionamide_normalized_fitness": {
        "pearson": [
            0.3436145141988526,
            1.382963242965003e-182
        ],
        "spearman": [
            0.40316998843622986,
            6.463361546806152e-257
        ],
        "count": 6611
    }
}