{
    "1PGA": {
        "pearson": [
            -0.7527229564897674,
            1.7475167497437658e-166
        ],
        "spearman": [
            -0.6958829316098465,
            2.8710571879880205e-132
        ],
        "count": 907
    },
    "overall": {
        "pearson": [
            -0.7527229564897674,
            1.7475167497437658e-166
        ],
        "spearman": [
            -0.6958829316098465,
            2.8710571879880205e-132
        ],
        "count": 907
    }
}