{
    "fitness": {
        "pearson": [
            0.2716187501899303,
            4.243668523897731e-27
        ],
        "spearman": [
            0.2921482199530521,
            2.8472262459852913e-31
        ],
        "count": 1519
    }
}