{
    "myoglobin": {
        "pearson": [
            -0.5409521631510783,
            6.190254149011679e-10
        ],
        "spearman": [
            -0.5329676388357545,
            1.2252665837146662e-09
        ],
        "precision": 0.4583333333333333,
        "recall": 0.6875,
        "auroc": 0.75,
        "accuracy": 0.6814159292035398,
        "count": 113,
        "num_stabilizing": 32,
        "num_destabilizing": 81
    },
    "p53": {
        "pearson": [
            -0.09627939377663398,
            0.544154072097133
        ],
        "spearman": [
            0.10786061623746883,
            0.49656205640073525
        ],
        "precision": 0.2222222222222222,
        "recall": 0.36363636363636365,
        "auroc": 0.4750733137829912,
        "accuracy": 0.5,
        "count": 42,
        "num_stabilizing": 11,
        "num_destabilizing": 31
    },
    "s669": {
        "pearson": [
            -0.2915320644498063,
            6.940239205136974e-13
        ],
        "spearman": [
            -0.29509175162528417,
            3.532196078903522e-13
        ],
        "precision": 0.30798479087452474,
        "recall": 0.5869565217391305,
        "auroc": 0.6256391467187754,
        "accuracy": 0.5900514579759862,
        "count": 583,
        "num_stabilizing": 138,
        "num_destabilizing": 445
    },
    "ssym": {
        "pearson": [
            -0.4072143566661158,
            5.671774792164621e-15
        ],
        "spearman": [
            -0.3960539741841011,
            3.528753917943089e-14
        ],
        "precision": 0.41379310344827586,
        "recall": 0.6976744186046512,
        "auroc": 0.7052118760915526,
        "accuracy": 0.672566371681416,
        "count": 339,
        "num_stabilizing": 86,
        "num_destabilizing": 253
    },
    "t2226": {
        "pearson": [
            -0.37500788482383324,
            4.1116924387922715e-56
        ],
        "spearman": [
            -0.3199730614116296,
            1.6884207967925872e-40
        ],
        "precision": 0.24296675191815856,
        "recall": 0.6737588652482269,
        "auroc": 0.654000540754144,
        "accuracy": 0.5844471445929527,
        "count": 1646,
        "num_stabilizing": 282,
        "num_destabilizing": 1364
    },
    "overall": {
        "pearson": [
            -0.35814230133310565,
            3.325652890106448e-83
        ],
        "spearman": [
            -0.31735102069037713,
            9.143552698473654e-65
        ],
        "precision": 0.28423566878980894,
        "recall": 0.6502732240437158,
        "auroc": 0.6540682817131759,
        "accuracy": 0.5993389643775248,
        "count": 2723,
        "num_stabilizing": 549,
        "num_destabilizing": 2174
    }
}