{
    "SelectionTwo": {
        "pearson": [
            0.439148823190243,
            0.0
        ],
        "spearman": [
            0.4896514492721721,
            0.0
        ],
        "count": 8329
    }
}