{
    "NONSEL_24h": {
        "pearson": [
            -0.3234019397631514,
            8.237573611794269e-28
        ],
        "spearman": [
            -0.3560022725807067,
            9.769361172397948e-34
        ],
        "count": 1084
    },
    "SEL_A_24h": {
        "pearson": [
            0.41803090809593046,
            4.309875118004373e-47
        ],
        "spearman": [
            0.418358684542011,
            3.598016473596581e-47
        ],
        "count": 1084
    },
    "SEL_A_40h": {
        "pearson": [
            0.38425991160760026,
            1.8220989330977308e-39
        ],
        "spearman": [
            0.4135602026697658,
            4.9566299116489606e-46
        ],
        "count": 1084
    },
    "SEL_B_40h": {
        "pearson": [
            0.36781906525194624,
            4.605356606493366e-36
        ],
        "spearman": [
            0.3938521704955735,
            1.5257328804234558e-41
        ],
        "count": 1084
    },
    "SEL_C_40h": {
        "pearson": [
            0.3665280044615914,
            8.360592461049025e-36
        ],
        "spearman": [
            0.3836891097769021,
            2.4099679331073995e-39
        ],
        "count": 1084
    },
    "SEL_C_64h": {
        "pearson": [
            0.3359065929424417,
            5.324259384900195e-30
        ],
        "spearman": [
            0.3648536827813894,
            1.804394556506771e-35
        ],
        "count": 1084
    }
}