{
    "score": {
        "pearson": [
            0.5551446885457252,
            4.2516850137790915e-305
        ],
        "spearman": [
            0.4909323752555225,
            6.655655726476622e-229
        ],
        "count": 3786
    }
}