{
    "score": {
        "pearson": [
            0.5461896118171454,
            9.493237947734299e-273
        ],
        "spearman": [
            0.5000111384116,
            6.89337428235853e-222
        ],
        "count": 3517
    }
}