{
    "score": {
        "pearson": [
            0.5407629330640873,
            2.351043402752839e-266
        ],
        "spearman": [
            0.4954514966281833,
            2.8043067644520853e-217
        ],
        "count": 3517
    }
}