{
    "attenuated": {
        "pearson": [
            0.05154649493865965,
            0.0038961363196913083
        ],
        "spearman": [
            0.049696813584637116,
            0.005390138673429307
        ],
        "count": 3134
    },
    "regulated": {
        "pearson": [
            0.36719935999611825,
            1.2157941882251674e-100
        ],
        "spearman": [
            0.3633106225276151,
            2.084125846777668e-98
        ],
        "count": 3134
    },
    "unregulated": {
        "pearson": [
            0.3829316291119792,
            5.319955779868067e-110
        ],
        "spearman": [
            0.38928074946010716,
            6.310851932663358e-114
        ],
        "count": 3134
    }
}