{
    "attenuated": {
        "pearson": [
            0.08476552894869399,
            2.0139753618638927e-06
        ],
        "spearman": [
            0.0720182029768412,
            5.451740480808398e-05
        ],
        "count": 3134
    },
    "regulated": {
        "pearson": [
            0.35074087941721205,
            2.140557868142064e-91
        ],
        "spearman": [
            0.353374374341848,
            7.722562864218318e-93
        ],
        "count": 3134
    },
    "unregulated": {
        "pearson": [
            0.3689398638689484,
            1.188166890363066e-101
        ],
        "spearman": [
            0.3780030395464497,
            5.174468021092527e-107
        ],
        "count": 3134
    }
}