{
    "attenuated": {
        "pearson": [
            0.04674370783661215,
            0.008865451881446591
        ],
        "spearman": [
            0.04731614990411226,
            0.008066192886200016
        ],
        "count": 3134
    },
    "regulated": {
        "pearson": [
            0.3175059069506194,
            2.4122046407485198e-74
        ],
        "spearman": [
            0.3132657799171265,
            2.559289156381614e-72
        ],
        "count": 3134
    },
    "unregulated": {
        "pearson": [
            0.31719988226426865,
            3.386298130460502e-74
        ],
        "spearman": [
            0.3219983842712383,
            1.5845279615463864e-76
        ],
        "count": 3134
    }
}