{
    "function_score": {
        "pearson": [
            0.5222622643409789,
            6.679014398554735e-105
        ],
        "spearman": [
            0.4583597081002346,
            3.5665364895933207e-78
        ],
        "count": 1488
    }
}