{
    "function_score": {
        "pearson": [
            0.45628050840688605,
            1.1444504972216461e-75
        ],
        "spearman": [
            0.38826362755770705,
            1.623323725793654e-53
        ],
        "count": 1454
    }
}