{
    "screenscore": {
        "pearson": [
            0.359805117611712,
            3.0003872288662543e-24
        ],
        "spearman": [
            0.3653587888693485,
            5.2542539482094725e-25
        ],
        "count": 747
    }
}