{
    "screenscore": {
        "pearson": [
            0.47118921077594084,
            3.36355278160322e-100
        ],
        "spearman": [
            0.48568814654780534,
            3.050877598366629e-107
        ],
        "count": 1801
    }
}