{
    "screenscore": {
        "pearson": [
            0.5242090467038804,
            1.15926505961693e-102
        ],
        "spearman": [
            0.5407870474700833,
            2.1803106220972213e-110
        ],
        "count": 1443
    }
}