{
    "fitness": {
        "pearson": [
            0.37466709040106083,
            8.114040600650379e-52
        ],
        "spearman": [
            0.3673643994811975,
            9.72095672766555e-50
        ],
        "count": 1519
    }
}