{
    "fitness": {
        "pearson": [
            0.3672471601697158,
            1.0486766310136746e-49
        ],
        "spearman": [
            0.36249205939942947,
            2.212369314555651e-48
        ],
        "count": 1519
    }
}