{
    "1BVC": {
        "pearson": [
            -0.4888517866551707,
            9.90554103480236e-06
        ],
        "spearman": [
            -0.5488514693951339,
            4.1253451565975436e-07
        ],
        "count": 74
    },
    "1LZ1": {
        "pearson": [
            -0.49782795165666205,
            1.7458335888656438e-08
        ],
        "spearman": [
            -0.5296926863977814,
            1.3622879423999001e-09
        ],
        "count": 114
    },
    "2CI2": {
        "pearson": [
            -0.46291463899822227,
            1.7422629742510834e-05
        ],
        "spearman": [
            -0.5314968808903738,
            4.65773962331616e-07
        ],
        "count": 79
    },
    "2RN2": {
        "pearson": [
            -0.43262899407745137,
            8.512949246473988e-05
        ],
        "spearman": [
            -0.33984238945178386,
            0.002495592538383658
        ],
        "count": 77
    },
    "overall": {
        "pearson": [
            -0.45853161602286663,
            2.7493556808040575e-19
        ],
        "spearman": [
            -0.48663471828203836,
            7.469461040448337e-22
        ],
        "count": 344
    }
}