{
    "screenscore": {
        "pearson": [
            -0.040895003657383515,
            0.07785662892424777
        ],
        "spearman": [
            -0.02644199186785218,
            0.25436321216947244
        ],
        "count": 1860
    }
}