{
    "screenscore": {
        "pearson": [
            0.16283247198616127,
            3.9734919379648595e-13
        ],
        "spearman": [
            0.18816050317672084,
            4.3030414884236837e-17
        ],
        "count": 1962
    }
}