{
    "NONSEL_24h": {
        "pearson": [
            -0.29683939251482383,
            1.722209172232181e-23
        ],
        "spearman": [
            -0.31950344173671413,
            3.781988553384933e-27
        ],
        "count": 1084
    },
    "SEL_A_24h": {
        "pearson": [
            0.35048801738993735,
            1.1025113311516484e-32
        ],
        "spearman": [
            0.3462850263122473,
            6.771229833006395e-32
        ],
        "count": 1084
    },
    "SEL_A_40h": {
        "pearson": [
            0.3204537457569658,
            2.6137644371315346e-27
        ],
        "spearman": [
            0.34081320573165697,
            6.903178667451179e-31
        ],
        "count": 1084
    },
    "SEL_B_40h": {
        "pearson": [
            0.30571797605688683,
            6.9350845200927885e-25
        ],
        "spearman": [
            0.3232022435413747,
            8.911328113326189e-28
        ],
        "count": 1084
    },
    "SEL_C_40h": {
        "pearson": [
            0.29897217309581375,
            8.042611235129936e-24
        ],
        "spearman": [
            0.3142039056014713,
            2.897206790700675e-26
        ],
        "count": 1084
    },
    "SEL_C_64h": {
        "pearson": [
            0.2742801946049959,
            3.681996630352599e-20
        ],
        "spearman": [
            0.2970888751528318,
            1.5759667781104e-23
        ],
        "count": 1084
    }
}