{
    "log2_ratio": {
        "pearson": [
            0.20414719092281347,
            6.50554784650147e-10
        ],
        "spearman": [
            0.1378885264758131,
            3.34754530790432e-05
        ],
        "count": 899
    }
}