{
    "log2_ratio": {
        "pearson": [
            0.23042420832357793,
            2.6793457024256747e-12
        ],
        "spearman": [
            0.14320815760235062,
            1.631678768074354e-05
        ],
        "count": 899
    }
}