{
    "screenscore": {
        "pearson": [
            0.021619979438065342,
            0.3513869367265101
        ],
        "spearman": [
            0.024890146248490893,
            0.2833160901945033
        ],
        "count": 1860
    }
}