{
    "screenscore": {
        "pearson": [
            0.1794174664234051,
            1.1735496299824224e-15
        ],
        "spearman": [
            0.14752584786468886,
            5.1555536519255556e-11
        ],
        "count": 1962
    }
}