{
    "SelectionOne": {
        "pearson": [
            0.0937021347350135,
            6.286224800004928e-17
        ],
        "spearman": [
            0.0961114854710147,
            9.851168508355651e-18
        ],
        "count": 7927
    }
}