{
    "SelectionOne": {
        "pearson": [
            0.09868681583349065,
            6.448588645894299e-19
        ],
        "spearman": [
            0.10235456814936965,
            3.0863654264915596e-20
        ],
        "count": 8067
    }
}