{
    "linear": {
        "pearson": [
            0.35463398606628344,
            3.6206170404745846e-12
        ],
        "spearman": [
            0.36336758930675317,
            9.680326336850476e-13
        ],
        "count": 362
    }
}