{
    "myoglobin": {
        "pearson": [
            -0.6898702581031959,
            2.896801074651337e-17
        ],
        "spearman": [
            -0.7305634519058899,
            4.17917003778101e-20
        ],
        "precision": 0.875,
        "recall": 0.4375,
        "auroc": 0.8757716049382716,
        "accuracy": 0.8230088495575221,
        "count": 113,
        "num_stabilizing": 32,
        "num_destabilizing": 81
    },
    "p53": {
        "pearson": [
            -0.7000184549747953,
            2.4766141598400805e-07
        ],
        "spearman": [
            -0.6278768254003821,
            8.546486899731838e-06
        ],
        "precision": 0.6,
        "recall": 0.5454545454545454,
        "auroc": 0.7947214076246334,
        "accuracy": 0.7857142857142857,
        "count": 42,
        "num_stabilizing": 11,
        "num_destabilizing": 31
    },
    "s669": {
        "pearson": [
            -0.3832084371133164,
            5.1333962442937244e-23
        ],
        "spearman": [
            -0.38150322256923636,
            8.246358291109379e-23
        ],
        "precision": 0.45985401459854014,
        "recall": 0.38414634146341464,
        "auroc": 0.677731115059495,
        "accuracy": 0.7163695299837926,
        "count": 617,
        "num_stabilizing": 164,
        "num_destabilizing": 453
    },
    "ssym": {
        "pearson": [
            -0.6779998947655835,
            5.705038910445579e-47
        ],
        "spearman": [
            -0.6707813758940657,
            1.1688186963874843e-45
        ],
        "precision": 0.6292134831460674,
        "recall": 0.6511627906976745,
        "auroc": 0.8476882066366395,
        "accuracy": 0.8141592920353983,
        "count": 339,
        "num_stabilizing": 86,
        "num_destabilizing": 253
    },
    "t2226": {
        "pearson": [
            -0.5752926372558558,
            7.225106249482104e-150
        ],
        "spearman": [
            -0.5982618659900479,
            5.398932089169411e-165
        ],
        "precision": 0.43137254901960786,
        "recall": 0.45674740484429066,
        "auroc": 0.7937371473605143,
        "accuracy": 0.8046044864226682,
        "count": 1694,
        "num_stabilizing": 289,
        "num_destabilizing": 1405
    },
    "overall": {
        "pearson": [
            -0.554729125495532,
            3.8433679515728905e-226
        ],
        "spearman": [
            -0.5610086466785078,
            2.4454594982213076e-232
        ],
        "precision": 0.48566308243727596,
        "recall": 0.46563573883161513,
        "auroc": 0.7758586041277306,
        "accuracy": 0.7868092691622104,
        "count": 2805,
        "num_stabilizing": 582,
        "num_destabilizing": 2223
    }
}