{
    "Caffeine": {
        "pearson": [
            0.3664477413304812,
            3.262146362727563e-42
        ],
        "spearman": [
            0.3303983765774231,
            3.5134445482759586e-34
        ],
        "count": 1288
    },
    "DMSO": {
        "pearson": [
            0.3361540905040927,
            2.4536752294435538e-36
        ],
        "spearman": [
            0.2866207555461226,
            1.8706384191963666e-26
        ],
        "count": 1324
    },
    "DTT": {
        "pearson": [
            0.33543194348596633,
            3.8996220489485296e-35
        ],
        "spearman": [
            0.33156244563122217,
            2.5374339579089204e-34
        ],
        "count": 1284
    },
    "HU": {
        "pearson": [
            0.31960133240810495,
            1.2728127092772236e-31
        ],
        "spearman": [
            0.2526754280658232,
            5.418669975319186e-20
        ],
        "count": 1273
    },
    "MG132": {
        "pearson": [
            0.37938838528015223,
            7.835915580037211e-44
        ],
        "spearman": [
            0.2760238261044591,
            3.582360439211917e-23
        ],
        "count": 1243
    }
}