{
    "Caffeine": {
        "pearson": [
            0.336432518207018,
            1.8784240698866902e-35
        ],
        "spearman": [
            0.3153048881203352,
            4.019908772039035e-31
        ],
        "count": 1288
    },
    "DMSO": {
        "pearson": [
            0.28838724936486626,
            8.94343580045843e-27
        ],
        "spearman": [
            0.23985532843596774,
            8.845863741154893e-19
        ],
        "count": 1324
    },
    "DTT": {
        "pearson": [
            0.2982691377932381,
            8.55145029175133e-28
        ],
        "spearman": [
            0.3017506746916547,
            1.9409898650003057e-28
        ],
        "count": 1284
    },
    "HU": {
        "pearson": [
            0.26277299050236363,
            1.508418962960088e-21
        ],
        "spearman": [
            0.18929675598235587,
            9.830770772404784e-12
        ],
        "count": 1273
    },
    "MG132": {
        "pearson": [
            0.3221782144771208,
            2.048942185899086e-31
        ],
        "spearman": [
            0.23495825167570383,
            4.732090423081421e-17
        ],
        "count": 1243
    }
}