{
    "Caffeine": {
        "pearson": [
            0.3317786415971152,
            1.8083996749752794e-34
        ],
        "spearman": [
            0.30018061202835344,
            3.139500388861192e-28
        ],
        "count": 1288
    },
    "DMSO": {
        "pearson": [
            0.282045862491049,
            1.2341872472051886e-25
        ],
        "spearman": [
            0.2217281459155022,
            3.2907584766846605e-16
        ],
        "count": 1324
    },
    "DTT": {
        "pearson": [
            0.2918716252588094,
            1.2375410701893532e-26
        ],
        "spearman": [
            0.28454335295045763,
            2.4314979608146412e-25
        ],
        "count": 1284
    },
    "HU": {
        "pearson": [
            0.2567527781271549,
            1.3003222778299271e-20
        ],
        "spearman": [
            0.16939230673209268,
            1.1881591584973161e-09
        ],
        "count": 1273
    },
    "MG132": {
        "pearson": [
            0.3198021046595932,
            5.9290491073907595e-31
        ],
        "spearman": [
            0.2225703915386433,
            2.0402006672528717e-15
        ],
        "count": 1243
    }
}