{
    "fitness": {
        "pearson": [
            0.36928456154846706,
            2.7950094145629945e-50
        ],
        "spearman": [
            0.33923433524537283,
            3.201998076562278e-42
        ],
        "count": 1519
    }
}