{
    "fitness": {
        "pearson": [
            0.3677673736288806,
            7.48874323436612e-50
        ],
        "spearman": [
            0.339540680987161,
            2.676816012606008e-42
        ],
        "count": 1519
    }
}