{
    "5BON": {
        "pearson": [
            0.49177767538596623,
            1.611558527724484e-170
        ],
        "spearman": [
            0.5176032349369609,
            8.305799392514979e-192
        ],
        "count": 2801
    },
    "1D5R": {
        "pearson": [
            0.4875213227779869,
            5.0506095087391386e-192
        ],
        "spearman": [
            0.4953979706290886,
            3.6217303371394255e-199
        ],
        "count": 3222
    },
    "2H11": {
        "pearson": [
            0.4028455748828486,
            6.785483361739095e-134
        ],
        "spearman": [
            0.4205172683784906,
            6.04952938717934e-147
        ],
        "count": 3427
    },
    "overall": {
        "pearson": [
            0.439948136570744,
            0.0
        ],
        "spearman": [
            0.4576044180277628,
            0.0
        ],
        "count": 9450
    }
}