{
    "myoglobin": {
        "pearson": [
            -0.4132493350541847,
            5.387562493807212e-06
        ],
        "spearman": [
            -0.45827606384070835,
            3.3229798212902103e-07
        ],
        "precision": 1.0,
        "recall": 0.125,
        "auroc": 0.7380401234567902,
        "accuracy": 0.7522123893805309,
        "count": 113,
        "num_stabilizing": 32,
        "num_destabilizing": 81
    },
    "p53": {
        "pearson": [
            -0.5722920763857203,
            7.49885663090628e-05
        ],
        "spearman": [
            -0.6061588350535438,
            2.0963821745003494e-05
        ],
        "precision": 0.6666666666666666,
        "recall": 0.18181818181818182,
        "auroc": 0.7741935483870968,
        "accuracy": 0.7619047619047619,
        "count": 42,
        "num_stabilizing": 11,
        "num_destabilizing": 31
    },
    "s669": {
        "pearson": [
            -0.21852164221841006,
            4.1731598871869036e-08
        ],
        "spearman": [
            -0.21993477436402742,
            3.395531104356638e-08
        ],
        "precision": 0.3492063492063492,
        "recall": 0.13414634146341464,
        "auroc": 0.5849082000753781,
        "accuracy": 0.7034035656401945,
        "count": 617,
        "num_stabilizing": 164,
        "num_destabilizing": 453
    },
    "ssym": {
        "pearson": [
            -0.556816936308162,
            5.377409299257494e-29
        ],
        "spearman": [
            -0.5437221031936826,
            1.792591829269367e-27
        ],
        "precision": 0.6818181818181818,
        "recall": 0.1744186046511628,
        "auroc": 0.7193675889328064,
        "accuracy": 0.7699115044247787,
        "count": 339,
        "num_stabilizing": 86,
        "num_destabilizing": 253
    },
    "t2226": {
        "pearson": [
            -0.3847029163328092,
            7.154261142584068e-61
        ],
        "spearman": [
            -0.4407174083947588,
            1.9779146660384603e-81
        ],
        "precision": 0.53,
        "recall": 0.18339100346020762,
        "auroc": 0.7273676562942532,
        "accuracy": 0.832939787485242,
        "count": 1694,
        "num_stabilizing": 289,
        "num_destabilizing": 1405
    },
    "overall": {
        "pearson": [
            -0.38236512407710466,
            2.4443049695432958e-98
        ],
        "spearman": [
            -0.41515193492968816,
            2.63323274500973e-117
        ],
        "precision": 0.5,
        "recall": 0.16494845360824742,
        "auroc": 0.6980111084831649,
        "accuracy": 0.7925133689839572,
        "count": 2805,
        "num_stabilizing": 582,
        "num_destabilizing": 2223
    }
}