{
    "myoglobin": {
        "pearson": [
            -0.41325015060613807,
            5.387309732752741e-06
        ],
        "spearman": [
            -0.45827606384070835,
            3.3229798212902103e-07
        ],
        "precision": 1.0,
        "recall": 0.125,
        "auroc": 0.7380401234567902,
        "accuracy": 0.7522123893805309,
        "count": 113,
        "num_stabilizing": 32,
        "num_destabilizing": 81
    },
    "p53": {
        "pearson": [
            -0.5722920763857203,
            7.49885663090628e-05
        ],
        "spearman": [
            -0.6061588350535438,
            2.0963821745003494e-05
        ],
        "precision": 0.6666666666666666,
        "recall": 0.18181818181818182,
        "auroc": 0.7741935483870968,
        "accuracy": 0.7619047619047619,
        "count": 42,
        "num_stabilizing": 11,
        "num_destabilizing": 31
    },
    "s669": {
        "pearson": [
            -0.21884006795589472,
            3.984164729895115e-08
        ],
        "spearman": [
            -0.2200314611505338,
            3.3477897946833506e-08
        ],
        "precision": 0.3492063492063492,
        "recall": 0.13414634146341464,
        "auroc": 0.5848543584773596,
        "accuracy": 0.7034035656401945,
        "count": 617,
        "num_stabilizing": 164,
        "num_destabilizing": 453
    },
    "ssym": {
        "pearson": [
            -0.5568175133971354,
            5.37655990468989e-29
        ],
        "spearman": [
            -0.5437221031936826,
            1.792591829269367e-27
        ],
        "precision": 0.6818181818181818,
        "recall": 0.1744186046511628,
        "auroc": 0.7193675889328064,
        "accuracy": 0.7699115044247787,
        "count": 339,
        "num_stabilizing": 86,
        "num_destabilizing": 253
    },
    "t2226": {
        "pearson": [
            -0.3847167775277777,
            7.078644288265161e-61
        ],
        "spearman": [
            -0.4407354628227772,
            1.9450612938999255e-81
        ],
        "precision": 0.53,
        "recall": 0.18339100346020762,
        "auroc": 0.7273627307318155,
        "accuracy": 0.832939787485242,
        "count": 1694,
        "num_stabilizing": 289,
        "num_destabilizing": 1405
    },
    "overall": {
        "pearson": [
            -0.3824266325556539,
            2.2622976203303263e-98
        ],
        "spearman": [
            -0.41519888035687136,
            2.4647473320661175e-117
        ],
        "precision": 0.5,
        "recall": 0.16494845360824742,
        "auroc": 0.6980049250803455,
        "accuracy": 0.7925133689839572,
        "count": 2805,
        "num_stabilizing": 582,
        "num_destabilizing": 2223
    }
}