{
    "fitness": {
        "pearson": [
            0.2522444663873713,
            1.7755207962449588e-23
        ],
        "spearman": [
            0.27694030031204697,
            3.798447108652437e-28
        ],
        "count": 1519
    }
}