{
    "function_score": {
        "pearson": [
            0.545542200733275,
            1.5717626168888278e-113
        ],
        "spearman": [
            0.42328087611443516,
            2.7669504962840838e-64
        ],
        "count": 1454
    }
}