{
    "function_score": {
        "pearson": [
            0.6035491383440297,
            2.3198758930158165e-148
        ],
        "spearman": [
            0.47896224657740516,
            3.5197174313782206e-86
        ],
        "count": 1488
    }
}