{
    "SelectionOne": {
        "pearson": [
            0.3219154110227561,
            7.021380852656354e-194
        ],
        "spearman": [
            0.34585591132678506,
            1.9912397271345182e-225
        ],
        "count": 8067
    }
}