{
    "SelectionOne": {
        "pearson": [
            0.31394525828301995,
            1.7344363143610614e-160
        ],
        "spearman": [
            0.3292029781591383,
            3.3596995164107713e-177
        ],
        "count": 7025
    }
}