{
    "Overall": {
        "all_types_of_mutations": {
            "Pr": -0.3565369089681834,
            "Pr_pval": 3.050624930407665e-171,
            "Sr": -0.37285405074236544,
            "Sr_pval": 2.5177009718754307e-188,
            "precision": 0.3570843570843571,
            "recall": 0.3479648842777334,
            "f1": 0.35246564268391267,
            "auroc": 0.5862337276295888,
            "accuracy": 0.7202235417394341,
            "num": 5726.0,
            "num_struc": 333.0
        },
        "single_point_mutations": {
            "Pr": -0.41109347802777646,
            "Pr_pval": 1.0506068617211598e-167,
            "Sr": -0.35766777450692977,
            "Sr_pval": 1.5812782289801358e-124,
            "precision": 0.338567222767419,
            "recall": 0.3902714932126697,
            "f1": 0.3625853914871256,
            "auroc": 0.590930428115302,
            "accuracy": 0.7054395337542496,
            "num": 4118.0,
            "num_struc": 310.0
        },
        "multi_point_mutations": {
            "Pr": -0.4004159197942569,
            "Pr_pval": 5.663859966897168e-63,
            "Sr": -0.442969526022764,
            "Sr_pval": 2.991068868945381e-78,
            "precision": 0.4504950495049505,
            "recall": 0.24661246612466126,
            "f1": 0.318739054290718,
            "auroc": 0.5785120442003452,
            "accuracy": 0.7580845771144279,
            "num": 1608.0,
            "num_struc": 143.0
        }
    },
    "Per-Structure": {
        "all_types_of_mutations": {
            "Pr": -0.30540234552329304,
            "Pr_std": 0.26604536089325925,
            "Pr_pval": 2.3286780131489422e-132,
            "Sr": -0.3186275822508986,
            "Sr_std": 0.2577228414370607,
            "Sr_pval": 0.3103868051901805,
            "precision": 0.37001769919068844,
            "recall": 0.2999224196913761,
            "f1": 0.6395434457373897,
            "auroc": 0.7362063604588521,
            "accuracy": 2.6483215053120582e-132,
            "num": 5025.0,
            "num_struc": 116.0
        },
        "single_point_mutations": {
            "Pr": -0.35346418288148035,
            "Pr_std": 0.25946496952317866,
            "Pr_pval": 3.3418112150013396e-122,
            "Sr": -0.34336014760497086,
            "Sr_std": 0.2532382672614749,
            "Sr_pval": 0.3223268569528464,
            "precision": 0.394254587715293,
            "recall": 0.31991253225612964,
            "f1": 0.6390117171833556,
            "auroc": 0.7303844293927275,
            "accuracy": 3.1324466535822123e-90,
            "num": 3485.0,
            "num_struc": 93.0
        },
        "multi_point_mutations": {
            "Pr": -0.2883268940418157,
            "Pr_std": 0.31351272238947275,
            "Pr_pval": 2.5660946928524155e-37,
            "Sr": -0.2967337669881076,
            "Sr_std": 0.2962621316677026,
            "Sr_pval": 0.2829759671223086,
            "precision": 0.2037751205434132,
            "recall": 0.18645986865342512,
            "f1": 0.5662212227003782,
            "auroc": 0.7328847946892101,
            "accuracy": 1.4816097356586803e-35,
            "num": 1304.0,
            "num_struc": 41.0
        }
    }
}