{
    "Caffeine": {
        "pearson": [
            0.331472049856574,
            2.0964862189773366e-34
        ],
        "spearman": [
            0.3056570110551146,
            2.94455680954674e-29
        ],
        "count": 1288
    },
    "DMSO": {
        "pearson": [
            0.2854498505187078,
            3.042010565601734e-26
        ],
        "spearman": [
            0.23102556340380176,
            1.6836393910812114e-17
        ],
        "count": 1324
    },
    "DTT": {
        "pearson": [
            0.2947080940895812,
            3.8164720244826184e-27
        ],
        "spearman": [
            0.27585670540487695,
            7.408756132799947e-24
        ],
        "count": 1284
    },
    "HU": {
        "pearson": [
            0.25828037633099143,
            7.567768636685658e-21
        ],
        "spearman": [
            0.17976459394425287,
            1.045384895785676e-10
        ],
        "count": 1273
    },
    "MG132": {
        "pearson": [
            0.3175802991076375,
            1.5875543366176835e-30
        ],
        "spearman": [
            0.23478025985521536,
            5.002875731833776e-17
        ],
        "count": 1243
    }
}