{
    "Caffeine": {
        "pearson": [
            0.3367367449429227,
            1.6177447593505177e-35
        ],
        "spearman": [
            0.3119464328795574,
            1.8249167927779987e-30
        ],
        "count": 1288
    },
    "DMSO": {
        "pearson": [
            0.2915132979524198,
            2.3918713502851806e-27
        ],
        "spearman": [
            0.2474868440153072,
            6.286332846384883e-20
        ],
        "count": 1324
    },
    "DTT": {
        "pearson": [
            0.30001074959247137,
            4.082996030892414e-28
        ],
        "spearman": [
            0.2803193241691821,
            1.3003125888185488e-24
        ],
        "count": 1284
    },
    "HU": {
        "pearson": [
            0.26839201955522574,
            1.919852663254499e-22
        ],
        "spearman": [
            0.20042634859447592,
            5.300404448315114e-13
        ],
        "count": 1273
    },
    "MG132": {
        "pearson": [
            0.3181318126104519,
            1.2441925605195485e-30
        ],
        "spearman": [
            0.2317431631068475,
            1.28383438678073e-16
        ],
        "count": 1243
    }
}