{
    "Caffeine": {
        "pearson": [
            0.3508426410446163,
            1.3172085866533864e-38
        ],
        "spearman": [
            0.323812126858971,
            7.975903438914594e-33
        ],
        "count": 1288
    },
    "DMSO": {
        "pearson": [
            0.3168488662977944,
            2.926521631368519e-32
        ],
        "spearman": [
            0.26846830554304246,
            2.7174609646434064e-23
        ],
        "count": 1324
    },
    "DTT": {
        "pearson": [
            0.330227628992933,
            4.811421053284858e-34
        ],
        "spearman": [
            0.31407038643534124,
            8.661255926590762e-31
        ],
        "count": 1284
    },
    "HU": {
        "pearson": [
            0.30411684736220645,
            1.1993002879406648e-28
        ],
        "spearman": [
            0.24476148924641353,
            8.045402465380875e-19
        ],
        "count": 1273
    },
    "MG132": {
        "pearson": [
            0.36057405931863334,
            1.832872787675317e-39
        ],
        "spearman": [
            0.2698681355629282,
            3.485063601219489e-22
        ],
        "count": 1243
    }
}