{
    "CRIPT": {
        "pearson": [
            0.4676771180195034,
            6.468816520136805e-91
        ],
        "spearman": [
            0.3662497884537393,
            7.99128563144101e-54
        ],
        "count": 1659
    },
    "Tm2F": {
        "pearson": [
            0.40515084460756623,
            1.4716728262840253e-66
        ],
        "spearman": [
            0.27867563454603145,
            5.704870949114728e-31
        ],
        "count": 1659
    }
}