{
    "myoglobin": {
        "pearson": [
            -0.40875503917916145,
            2.1456840772973483e-20
        ],
        "spearman": [
            -0.4497857508055518,
            7.762754950939249e-25
        ],
        "precision": 0.6612021857923497,
        "recall": 0.5707547169811321,
        "auroc": 0.7362497268157646,
        "accuracy": 0.6751592356687898,
        "count": 471,
        "num_stabilizing": 212,
        "num_destabilizing": 259
    },
    "p53": {
        "pearson": [
            -0.520957311710474,
            3.849106129259727e-05
        ],
        "spearman": [
            -0.5153550390513606,
            4.815117589942989e-05
        ],
        "precision": 0.6,
        "recall": 0.3157894736842105,
        "auroc": 0.7610241820768137,
        "accuracy": 0.6964285714285714,
        "count": 56,
        "num_stabilizing": 19,
        "num_destabilizing": 37
    },
    "s669": {
        "pearson": [
            -0.31428885758049524,
            4.8992381733410245e-31
        ],
        "spearman": [
            -0.36044891131026924,
            5.911279236955999e-41
        ],
        "precision": 0.5785340314136126,
        "recall": 0.45194274028629855,
        "auroc": 0.6749203878358718,
        "accuracy": 0.6682134570765661,
        "count": 1293,
        "num_stabilizing": 489,
        "num_destabilizing": 804
    },
    "ssym": {
        "pearson": [
            -0.5199987626368755,
            8.050719905561204e-129
        ],
        "spearman": [
            -0.519420132941421,
            1.727170707934474e-128
        ],
        "precision": 0.6193633952254642,
        "recall": 0.5903919089759798,
        "auroc": 0.7233199602979323,
        "accuracy": 0.6700863930885529,
        "count": 1852,
        "num_stabilizing": 791,
        "num_destabilizing": 1061
    },
    "t2226": {
        "pearson": [
            -0.4836906440092159,
            0.0
        ],
        "spearman": [
            -0.5341285368877171,
            0.0
        ],
        "precision": 0.6686412439837097,
        "recall": 0.607671601615074,
        "auroc": 0.7623132205394237,
        "accuracy": 0.7007405256279948,
        "count": 6887,
        "num_stabilizing": 2972,
        "num_destabilizing": 3915
    },
    "overall": {
        "pearson": [
            -0.47313722387818347,
            0.0
        ],
        "spearman": [
            -0.5101530905840368,
            0.0
        ],
        "precision": 0.6503722084367246,
        "recall": 0.584653134062012,
        "auroc": 0.7456159814922206,
        "accuracy": 0.6902168765981627,
        "count": 10559,
        "num_stabilizing": 4483,
        "num_destabilizing": 6076
    }
}