{
    "ETP_AVERAGE": {
        "pearson": [
            0.14969961008481922,
            9.78050407698479e-34
        ],
        "spearman": [
            0.16696534240243463,
            1.168369804204505e-41
        ],
        "count": 6469
    },
    "DOX_Average": {
        "pearson": [
            -0.007547198935810082,
            0.5439084799018254
        ],
        "spearman": [
            -0.030937536669904418,
            0.012831075454874528
        ],
        "count": 6469
    },
    "SCH_Average": {
        "pearson": [
            0.13927899251673115,
            2.1894248323054624e-29
        ],
        "spearman": [
            0.14119792772131687,
            3.660163670163641e-30
        ],
        "count": 6469
    },
    "VRT_AVERAGE": {
        "pearson": [
            0.14143722794227584,
            2.923222519418318e-30
        ],
        "spearman": [
            0.1610797067938988,
            7.401477694010396e-39
        ],
        "count": 6469
    }
}