{
    "ETP_AVERAGE": {
        "pearson": [
            0.139397581343454,
            6.806301763359345e-31
        ],
        "spearman": [
            0.15633250262403703,
            1.6407803684573105e-38
        ],
        "count": 6809
    },
    "DOX_Average": {
        "pearson": [
            0.0020158212471355027,
            0.8679141958083343
        ],
        "spearman": [
            -0.020000374591686215,
            0.09889666789442612
        ],
        "count": 6809
    },
    "SCH_Average": {
        "pearson": [
            0.12704064900529263,
            6.71755605681455e-26
        ],
        "spearman": [
            0.13266109344937566,
            4.113208513782286e-28
        ],
        "count": 6809
    },
    "VRT_AVERAGE": {
        "pearson": [
            0.12648791225208902,
            1.0954449795228771e-25
        ],
        "spearman": [
            0.14929252143944088,
            3.0989791831054543e-35
        ],
        "count": 6809
    }
}