{
    "CRIPT": {
        "pearson": [
            0.46077070668954173,
            5.73215141837729e-88
        ],
        "spearman": [
            0.37275885302568906,
            7.772010019322147e-56
        ],
        "count": 1659
    },
    "Tm2F": {
        "pearson": [
            0.408830025721511,
            7.454556678292835e-68
        ],
        "spearman": [
            0.2735776252984734,
            7.257356799755724e-30
        ],
        "count": 1659
    }
}