{
    "5BON": {
        "pearson": [
            0.5802487013767718,
            8.092984637040458e-252
        ],
        "spearman": [
            0.5404613759437977,
            3.035570659506673e-212
        ],
        "count": 2801
    },
    "1D5R": {
        "pearson": [
            0.5554240817890811,
            2.9689577715681902e-260
        ],
        "spearman": [
            0.5169176916319517,
            1.140403677077066e-219
        ],
        "count": 3222
    },
    "2H11": {
        "pearson": [
            0.5384305261053658,
            6.0258807713386435e-257
        ],
        "spearman": [
            0.48361710123194507,
            2.0072082294825886e-200
        ],
        "count": 3427
    },
    "overall": {
        "pearson": [
            0.5249540134628456,
            0.0
        ],
        "spearman": [
            0.4914191806473926,
            0.0
        ],
        "count": 9450
    }
}