{
    "Overall": {
        "all_types_of_mutations": {
            "Pr": -0.08718076857070434,
            "Pr_pval": 0.09314794358413307,
            "Sr": -0.10494449020825466,
            "Sr_pval": 0.04308624366897652,
            "num": 372.0,
            "num_struc": 39.0
        },
        "single_point_mutations": {
            "Pr": -0.08488242059684112,
            "Pr_pval": 0.1715613690588961,
            "Sr": -0.07837893542835911,
            "Sr_pval": 0.20690736972881096,
            "num": 261.0,
            "num_struc": 36.0
        },
        "multi_point_mutations": {
            "Pr": -0.242978612100781,
            "Pr_pval": 0.010181892816885639,
            "Sr": -0.24677014215048707,
            "Sr_pval": 0.009028748277160019,
            "num": 111.0,
            "num_struc": 16.0
        }
    },
    "Per-Structure": {
        "all_types_of_mutations": {
            "Pr": -0.11617481571794738,
            "Pr_std": 0.16154716658108517,
            "Pr_pval": 0.26000067765858315,
            "Sr": -0.08683580343203899,
            "Sr_std": 0.300000462176409,
            "Sr_pval": 0.005099074582854173,
            "num": 266.0,
            "num_struc": 8.0
        },
        "single_point_mutations": {
            "Pr": -0.15132738827335604,
            "Pr_std": 0.13741486361314736,
            "Pr_pval": 0.4646145132895477,
            "Sr": -0.17243191334186267,
            "Sr_std": 0.19204746877716986,
            "Sr_pval": 0.24406707063190491,
            "num": 180.0,
            "num_struc": 7.0
        },
        "multi_point_mutations": {
            "Pr": 0.1903341013111068,
            "Pr_std": 0.5619620824064007,
            "Pr_pval": 3.868500230649309e-06,
            "Sr": 0.13625851305893052,
            "Sr_std": 0.553962391605712,
            "Sr_pval": 7.216205076451689e-06,
            "num": 79.0,
            "num_struc": 2.0
        }
    }
}