{
    "Overall": {
        "all_types_of_mutations": {
            "Pr": -0.0815560226873728,
            "Pr_pval": 0.1163409913160592,
            "Sr": -0.05320632316924247,
            "Sr_pval": 0.3060819507118691,
            "num": 372.0,
            "num_struc": 39.0
        },
        "single_point_mutations": {
            "Pr": -0.15068780052875044,
            "Pr_pval": 0.014822769897469308,
            "Sr": -0.18552889827829516,
            "Sr_pval": 0.0026203006374297655,
            "num": 261.0,
            "num_struc": 36.0
        },
        "multi_point_mutations": {
            "Pr": 0.012153586399720513,
            "Pr_pval": 0.8992560803730636,
            "Sr": 0.09225909069731326,
            "Sr_pval": 0.3355161262611184,
            "num": 111.0,
            "num_struc": 16.0
        }
    },
    "Per-Structure": {
        "all_types_of_mutations": {
            "Pr": -0.2906135773190211,
            "Pr_std": 0.19408538262403843,
            "Pr_pval": 0.007782416790271854,
            "Sr": -0.27709533690483495,
            "Sr_std": 0.21491830656173727,
            "Sr_pval": 0.019980767158314275,
            "num": 266.0,
            "num_struc": 8.0
        },
        "single_point_mutations": {
            "Pr": -0.35554276722671674,
            "Pr_std": 0.144511175194396,
            "Pr_pval": 0.0031447523840122376,
            "Sr": -0.36832258203624063,
            "Sr_std": 0.12904214154115895,
            "Sr_pval": 0.004212609652486884,
            "num": 180.0,
            "num_struc": 7.0
        },
        "multi_point_mutations": {
            "Pr": 0.1502639241605503,
            "Pr_std": 0.1620828828185987,
            "Pr_pval": 0.4270942435485131,
            "Sr": 0.11575346249630265,
            "Sr_std": 0.08379443213647285,
            "Sr_pval": 0.6655581475003407,
            "num": 79.0,
            "num_struc": 2.0
        }
    }
}