{
    "overall": {
        "pearson": [
            -0.4597976610982179,
            9.190142762462905e-20
        ],
        "spearman": [
            -0.4293785011294712,
            3.531887331539684e-17
        ],
        "count": 351
    }
}