{
    "Overall": {
        "all_types_of_mutations": {
            "Pr": -0.10192940326420172,
            "Pr_pval": 0.05009845830508195,
            "Sr": -0.12316466753022438,
            "Sr_pval": 0.0177816381273018,
            "num": 370.0,
            "num_struc": 38.0
        },
        "single_point_mutations": {
            "Pr": -0.1026724803536711,
            "Pr_pval": 0.0992040602035177,
            "Sr": -0.11059552620026629,
            "Sr_pval": 0.07561571948118904,
            "num": 259.0,
            "num_struc": 35.0
        },
        "multi_point_mutations": {
            "Pr": -0.22321992653260678,
            "Pr_pval": 0.01852562663455269,
            "Sr": -0.2186497011803496,
            "Sr_pval": 0.02113795100318716,
            "num": 111.0,
            "num_struc": 16.0
        }
    },
    "Per-Structure": {
        "all_types_of_mutations": {
            "Pr": -0.1770399041768745,
            "Pr_std": 0.11407634646679256,
            "Pr_pval": 0.29540272622273195,
            "Sr": -0.15002401919892644,
            "Sr_std": 0.24600359768958877,
            "Sr_pval": 0.022494837922725264,
            "num": 266.0,
            "num_struc": 8.0
        },
        "single_point_mutations": {
            "Pr": -0.1887054761757577,
            "Pr_std": 0.11284434286376717,
            "Pr_pval": 0.4746197128708637,
            "Sr": -0.21792937989702765,
            "Sr_std": 0.1539825633399274,
            "Sr_pval": 0.24617260139522829,
            "num": 180.0,
            "num_struc": 7.0
        },
        "multi_point_mutations": {
            "Pr": 0.1126909649827299,
            "Pr_std": 0.4779115621125769,
            "Pr_pval": 0.00023462841801705415,
            "Sr": 0.07012371734820255,
            "Sr_std": 0.46633790306682266,
            "Sr_pval": 0.0002679494481127223,
            "num": 79.0,
            "num_struc": 2.0
        }
    }
}