{
    "Overall": {
        "all_types_of_mutations": {
            "Pr": -0.059472001723450116,
            "Pr_pval": 0.253825693863545,
            "Sr": -0.0436407823488436,
            "Sr_pval": 0.4025893897025353,
            "num": 370.0,
            "num_struc": 38.0
        },
        "single_point_mutations": {
            "Pr": -0.14480030522931844,
            "Pr_pval": 0.01973393230667788,
            "Sr": -0.20120497435994483,
            "Sr_pval": 0.0011307940282477788,
            "num": 259.0,
            "num_struc": 35.0
        },
        "multi_point_mutations": {
            "Pr": 0.10355021152040977,
            "Pr_pval": 0.2794615063990694,
            "Sr": 0.1431251028937251,
            "Sr_pval": 0.13398431843045477,
            "num": 111.0,
            "num_struc": 16.0
        }
    },
    "Per-Structure": {
        "all_types_of_mutations": {
            "Pr": -0.2870660070220322,
            "Pr_std": 0.18982834977357008,
            "Pr_pval": 0.013449848480068947,
            "Sr": -0.2937459177305173,
            "Sr_std": 0.2338164804550254,
            "Sr_pval": 0.003067157215091008,
            "num": 266.0,
            "num_struc": 8.0
        },
        "single_point_mutations": {
            "Pr": -0.343752255656349,
            "Pr_std": 0.13931654648551092,
            "Pr_pval": 0.005766718276520958,
            "Sr": -0.3782967646219285,
            "Sr_std": 0.13848965133207874,
            "Sr_pval": 0.002749601247655098,
            "num": 180.0,
            "num_struc": 7.0
        },
        "multi_point_mutations": {
            "Pr": 0.19436847010102942,
            "Pr_std": 0.07707423028695269,
            "Pr_pval": 0.29536156385935475,
            "Sr": 0.15088047253529271,
            "Sr_std": 0.044145090207788125,
            "Sr_pval": 0.4624279460494881,
            "num": 79.0,
            "num_struc": 2.0
        }
    }
}