{
    "overall": {
        "pearson": [
            -0.2667873419935328,
            3.7756292166430407e-07
        ],
        "spearman": [
            -0.35159922271158184,
            1.1122605422589688e-11
        ],
        "count": 352
    }
}