{
    "function_score": {
        "pearson": [
            0.37661502999885665,
            3.2307904348529585e-26
        ],
        "spearman": [
            0.279473856493042,
            1.13209378207966e-14
        ],
        "count": 736
    }
}