{
    "fitness": {
        "pearson": [
            0.269930453157158,
            9.02428076315773e-27
        ],
        "spearman": [
            0.2856769800124303,
            6.426157688794186e-30
        ],
        "count": 1519
    }
}