{
    "1AMQ": {
        "pearson": [
            -0.884212447267755,
            0.11578755273224495
        ],
        "spearman": [
            -0.7999999999999999,
            0.20000000000000007
        ],
        "count": 4
    },
    "1BNI": {
        "pearson": [
            -0.6528492821529057,
            0.015559176780579241
        ],
        "spearman": [
            -0.7465593066681961,
            0.0033723210602331897
        ],
        "count": 13
    },
    "1CEY": {
        "pearson": [
            0.7193018040897333,
            0.4889237095710618
        ],
        "spearman": [
            0.5,
            0.6666666666666667
        ],
        "count": 3
    },
    "1EY0": {
        "pearson": [
            -0.786339962860244,
            7.038425620044587e-07
        ],
        "spearman": [
            -0.6126250922339813,
            0.0005293804762275298
        ],
        "count": 28
    },
    "1IHB": {
        "pearson": [
            -0.8653758133572989,
            0.33415948930069606
        ],
        "spearman": [
            -1.0,
            0.0
        ],
        "count": 3
    },
    "1L63": {
        "pearson": [
            -0.7671560720734479,
            4.102648537136851e-24
        ],
        "spearman": [
            -0.7822959885931069,
            1.3371607021450437e-25
        ],
        "count": 118
    },
    "1LZ1": {
        "pearson": [
            -0.6754656801273663,
            1.7192709804887006e-09
        ],
        "spearman": [
            -0.6370774294499532,
            2.5919831389723762e-08
        ],
        "count": 62
    },
    "1OH0": {
        "pearson": [
            -1.0,
            1.0
        ],
        "spearman": [
            -0.9999999999999999,
            NaN
        ],
        "count": 2
    },
    "1VQB": {
        "pearson": [
            -0.058388486659409065,
            0.9256997330720981
        ],
        "spearman": [
            -0.19999999999999998,
            0.747060078104662
        ],
        "count": 5
    },
    "2LZM": {
        "pearson": [
            -0.8301853973650779,
            6.8249979656549434e-18
        ],
        "spearman": [
            -0.8433125014798059,
            6.438689011745214e-19
        ],
        "count": 66
    },
    "2RN2": {
        "pearson": [
            -0.7111443476356513,
            0.0009367918466283656
        ],
        "spearman": [
            -0.717394763881089,
            0.0008038660619442602
        ],
        "count": 18
    },
    "3ZCF": {
        "pearson": [
            -1.0,
            1.0
        ],
        "spearman": [
            -0.9999999999999999,
            NaN
        ],
        "count": 2
    },
    "4BVM": {
        "pearson": [
            0.03724607785474815,
            0.9525877878666497
        ],
        "spearman": [
            0.3,
            0.6238376647810728
        ],
        "count": 5
    },
    "4LYZ": {
        "pearson": [
            -0.4733127083588946,
            0.08736794860119736
        ],
        "spearman": [
            -0.5171349644228007,
            0.05826423877056078
        ],
        "count": 14
    },
    "5PTI": {
        "pearson": [
            -0.2679315450735197,
            0.6629856801826524
        ],
        "spearman": [
            -0.19999999999999998,
            0.747060078104662
        ],
        "count": 5
    },
    "overall": {
        "pearson": [
            -0.7299323282759478,
            8.473017345041629e-60
        ],
        "spearman": [
            -0.7543144410738256,
            6.114355949664168e-66
        ],
        "count": 352
    }
}