{
    "linear": {
        "pearson": [
            0.530702206495011,
            0.0
        ],
        "spearman": [
            0.5187590456538695,
            0.0
        ],
        "count": 5468
    }
}