{
    "myoglobin": {
        "pearson": [
            -0.6022458420095484,
            1.7104044142895935e-12
        ],
        "spearman": [
            -0.5563806120648092,
            1.5712579377135828e-10
        ],
        "precision": 0.5428571428571428,
        "recall": 0.59375,
        "auroc": 0.7758487654320988,
        "accuracy": 0.7433628318584071,
        "count": 113,
        "num_stabilizing": 32,
        "num_destabilizing": 81
    },
    "p53": {
        "pearson": [
            -0.14224040576386346,
            0.36887388404040317
        ],
        "spearman": [
            -0.04294975702919496,
            0.7871058438884707
        ],
        "precision": 0.3157894736842105,
        "recall": 0.5454545454545454,
        "auroc": 0.5571847507331378,
        "accuracy": 0.5714285714285714,
        "count": 42,
        "num_stabilizing": 11,
        "num_destabilizing": 31
    },
    "s669": {
        "pearson": [
            -0.27862373851132494,
            7.430107844501454e-12
        ],
        "spearman": [
            -0.29142757110794465,
            7.078205451523948e-13
        ],
        "precision": 0.3157894736842105,
        "recall": 0.5652173913043478,
        "auroc": 0.6283585735222276,
        "accuracy": 0.6072041166380789,
        "count": 583,
        "num_stabilizing": 138,
        "num_destabilizing": 445
    },
    "ssym": {
        "pearson": [
            -0.43474361900055436,
            4.6138947002938147e-17
        ],
        "spearman": [
            -0.39770088330354375,
            2.7060426867653824e-14
        ],
        "precision": 0.3973509933774834,
        "recall": 0.6976744186046512,
        "auroc": 0.7043616141189448,
        "accuracy": 0.6548672566371682,
        "count": 339,
        "num_stabilizing": 86,
        "num_destabilizing": 253
    },
    "t2226": {
        "pearson": [
            -0.38070676712757734,
            6.515852332777298e-58
        ],
        "spearman": [
            -0.32375343503843856,
            1.79179913656331e-41
        ],
        "precision": 0.23653088042049936,
        "recall": 0.6382978723404256,
        "auroc": 0.6528059420561136,
        "accuracy": 0.5850546780072904,
        "count": 1646,
        "num_stabilizing": 282,
        "num_destabilizing": 1364
    },
    "overall": {
        "pearson": [
            -0.36402557918821227,
            4.246576577152527e-86
        ],
        "spearman": [
            -0.3205230484476494,
            4.225985941415486e-66
        ],
        "precision": 0.2827699917559769,
        "recall": 0.6247723132969034,
        "auroc": 0.6553049535577775,
        "accuracy": 0.6048475945648182,
        "count": 2723,
        "num_stabilizing": 549,
        "num_destabilizing": 2174
    }
}