{
    "1PGA": {
        "pearson": [
            -0.49041391501252857,
            4.663915335861958e-56
        ],
        "spearman": [
            -0.5194120191155036,
            8.26279012825275e-64
        ],
        "count": 907
    },
    "overall": {
        "pearson": [
            -0.49041391501252857,
            4.663915335861958e-56
        ],
        "spearman": [
            -0.5194120191155036,
            8.26279012825275e-64
        ],
        "count": 907
    }
}