{
    "SelectionOne": {
        "pearson": [
            0.3241414473223411,
            1.0749508971615678e-196
        ],
        "spearman": [
            0.3422329536333437,
            1.8017062309464623e-220
        ],
        "count": 8067
    }
}