{
    "SelectionOne": {
        "pearson": [
            0.32149863352711305,
            4.913597709461185e-190
        ],
        "spearman": [
            0.3320845712237774,
            2.2224648255890674e-203
        ],
        "count": 7927
    }
}