{
    "fitness": {
        "pearson": [
            0.44402734221904366,
            2.1076210223721176e-74
        ],
        "spearman": [
            0.4164389275399775,
            8.923049042973786e-65
        ],
        "count": 1519
    }
}