{
    "fitness": {
        "pearson": [
            0.4443064471355667,
            1.6663812789267234e-74
        ],
        "spearman": [
            0.41878165100577996,
            1.4702125919064422e-65
        ],
        "count": 1519
    }
}