{
    "myoglobin": {
        "pearson": [
            -0.2485624664843818,
            4.599945129680613e-08
        ],
        "spearman": [
            -0.29104299341137957,
            1.1986063856515622e-10
        ],
        "precision": 0.5706521739130435,
        "recall": 0.49528301886792453,
        "auroc": 0.653110657827639,
        "accuracy": 0.6050955414012739,
        "count": 471,
        "num_stabilizing": 212,
        "num_destabilizing": 259
    },
    "p53": {
        "pearson": [
            -0.5013301049022183,
            8.293211971554753e-05
        ],
        "spearman": [
            -0.4278219275637274,
            0.0010054738677267635
        ],
        "precision": 0.46153846153846156,
        "recall": 0.3157894736842105,
        "auroc": 0.6984352773826458,
        "accuracy": 0.6428571428571429,
        "count": 56,
        "num_stabilizing": 19,
        "num_destabilizing": 37
    },
    "s669": {
        "pearson": [
            -0.5009550047230455,
            6.607801843982777e-75
        ],
        "spearman": [
            -0.5143616310107547,
            1.5314509061403632e-79
        ],
        "precision": 0.5862068965517241,
        "recall": 0.43488372093023253,
        "auroc": 0.7258923189187475,
        "accuracy": 0.6775580395528805,
        "count": 1163,
        "num_stabilizing": 430,
        "num_destabilizing": 733
    },
    "ssym": {
        "pearson": [
            -0.506337684932329,
            3.664972704388298e-121
        ],
        "spearman": [
            -0.5040795202205447,
            6.262374801941074e-120
        ],
        "precision": 0.6148825065274152,
        "recall": 0.595448798988622,
        "auroc": 0.7158704606845866,
        "accuracy": 0.66792656587473,
        "count": 1852,
        "num_stabilizing": 791,
        "num_destabilizing": 1061
    },
    "t2226": {
        "pearson": [
            -0.47611871266302613,
            0.0
        ],
        "spearman": [
            -0.515701090764238,
            0.0
        ],
        "precision": 0.651543324656006,
        "recall": 0.5912926088423894,
        "auroc": 0.748947330436262,
        "accuracy": 0.6857351865398683,
        "count": 6835,
        "num_stabilizing": 2963,
        "num_destabilizing": 3872
    },
    "overall": {
        "pearson": [
            -0.47426241093646826,
            0.0
        ],
        "spearman": [
            -0.5040520711249119,
            0.0
        ],
        "precision": 0.6348526819440947,
        "recall": 0.5710079275198188,
        "auroc": 0.7373402633439492,
        "accuracy": 0.6777488676881565,
        "count": 10377,
        "num_stabilizing": 4415,
        "num_destabilizing": 5962
    }
}