{
    "linear": {
        "pearson": [
            0.5304373429640146,
            0.0
        ],
        "spearman": [
            0.5575226333940491,
            0.0
        ],
        "count": 5468
    }
}