{
    "1A7V": {
        "pearson": [
            -0.3840114333750988,
            0.1951740432040485
        ],
        "spearman": [
            -0.2754831389919543,
            0.36229914589983747
        ],
        "count": 13
    },
    "1BA3": {
        "pearson": [
            -0.923012296802546,
            0.07698770319745396
        ],
        "spearman": [
            -0.39999999999999997,
            0.6
        ],
        "count": 4
    },
    "1BFM": {
        "pearson": [
            -1.0,
            1.0
        ],
        "spearman": [
            -0.9999999999999999,
            NaN
        ],
        "count": 2
    },
    "1D5G": {
        "pearson": [
            1.0,
            1.0
        ],
        "spearman": [
            0.9999999999999999,
            NaN
        ],
        "count": 2
    },
    "1DIV": {
        "pearson": [
            -0.6802505674126935,
            5.510907375446713e-08
        ],
        "spearman": [
            -0.6609839861555449,
            1.747215270599034e-07
        ],
        "count": 50
    },
    "1EKG": {
        "pearson": [
            -0.9328640211545003,
            0.06713597884549971
        ],
        "spearman": [
            -1.0,
            0.0
        ],
        "count": 4
    },
    "1FT8": {
        "pearson": [
            -0.8898687560751471,
            4.6185947593086815e-05
        ],
        "spearman": [
            -0.9175824175824175,
            9.906225317564678e-06
        ],
        "count": 13
    },
    "1FXA": {
        "pearson": [
            -0.6117389082572766,
            0.045489748890075635
        ],
        "spearman": [
            -0.7090909090909092,
            0.014552051953727704
        ],
        "count": 11
    },
    "1G3P": {
        "pearson": [
            -0.19704282531058734,
            0.3245655673333598
        ],
        "spearman": [
            0.01374465742096776,
            0.9457514962713789
        ],
        "count": 27
    },
    "1GUA": {
        "pearson": [
            -0.7132224813451024,
            8.894041783258669e-09
        ],
        "spearman": [
            -0.7130612244897958,
            8.994286320411113e-09
        ],
        "count": 49
    },
    "1H0X": {
        "pearson": [
            -1.0,
            1.0
        ],
        "spearman": [
            -0.9999999999999999,
            NaN
        ],
        "count": 2
    },
    "1HCQ": {
        "pearson": [
            1.0,
            1.0
        ],
        "spearman": [
            0.9999999999999999,
            NaN
        ],
        "count": 2
    },
    "1ITM": {
        "pearson": [
            -0.94573919300568,
            0.2106792878905424
        ],
        "spearman": [
            -0.5,
            0.6666666666666667
        ],
        "count": 3
    },
    "1IV7": {
        "pearson": [
            -0.9877202057586482,
            0.09987023924119728
        ],
        "spearman": [
            -1.0,
            0.0
        ],
        "count": 3
    },
    "1J8I": {
        "pearson": [
            -0.3264902097775442,
            0.5276659372035124
        ],
        "spearman": [
            -0.08827348295047496,
            0.8679336982351336
        ],
        "count": 6
    },
    "1JLV": {
        "pearson": [
            -0.8232393098924825,
            0.38432901987927703
        ],
        "spearman": [
            -0.5,
            0.6666666666666667
        ],
        "count": 3
    },
    "1L6H": {
        "pearson": [
            -0.9669334990223758,
            0.16416980396080968
        ],
        "spearman": [
            -0.5,
            0.6666666666666667
        ],
        "count": 3
    },
    "1LVM": {
        "pearson": [
            0.11204434551858376,
            0.8576397623936202
        ],
        "spearman": [
            0.5642880936468347,
            0.32172333582430024
        ],
        "count": 5
    },
    "1N18": {
        "pearson": [
            -0.7183094368198466,
            0.2816905631801534
        ],
        "spearman": [
            -0.6000000000000001,
            0.3999999999999999
        ],
        "count": 4
    },
    "1N88": {
        "pearson": [
            -0.27846105937834986,
            0.2791369781181312
        ],
        "spearman": [
            -0.19030112074533423,
            0.46441694855092164
        ],
        "count": 17
    },
    "1NM1": {
        "pearson": [
            -1.0,
            1.0
        ],
        "spearman": [
            -0.9999999999999999,
            NaN
        ],
        "count": 2
    },
    "1O1U": {
        "pearson": [
            -0.4887661768498304,
            0.32523199128346514
        ],
        "spearman": [
            -0.5161002296110789,
            0.2945837414624608
        ],
        "count": 6
    },
    "1O6X": {
        "pearson": [
            -0.5248440667919873,
            0.017500617677945488
        ],
        "spearman": [
            -0.4589918530347551,
            0.04178036537936897
        ],
        "count": 20
    },
    "1OSI": {
        "pearson": [
            0.31900281826073806,
            0.6809971817392619
        ],
        "spearman": [
            0.39999999999999997,
            0.6
        ],
        "count": 4
    },
    "1PFL": {
        "pearson": [
            -0.40735512096240883,
            0.4960637069031284
        ],
        "spearman": [
            -0.19999999999999998,
            0.747060078104662
        ],
        "count": 5
    },
    "1PRG": {
        "pearson": [
            0.42168863613250995,
            0.346032885805265
        ],
        "spearman": [
            0.3571428571428572,
            0.4316113520383278
        ],
        "count": 7
    },
    "1R6R": {
        "pearson": [
            -0.4710845362722662,
            0.5289154637277338
        ],
        "spearman": [
            -0.6000000000000001,
            0.3999999999999999
        ],
        "count": 4
    },
    "1SPD": {
        "pearson": [
            -1.0,
            1.0
        ],
        "spearman": [
            -0.9999999999999999,
            NaN
        ],
        "count": 2
    },
    "1X0J": {
        "pearson": [
            0.2204335865326106,
            0.6348055125920837
        ],
        "spearman": [
            0.21428571428571433,
            0.6445115810207203
        ],
        "count": 7
    },
    "1XWS": {
        "pearson": [
            0.39058826036661926,
            0.6094117396333807
        ],
        "spearman": [
            0.19999999999999998,
            0.8
        ],
        "count": 4
    },
    "1XXN": {
        "pearson": [
            -0.08876404852571146,
            0.8871306915596024
        ],
        "spearman": [
            0.10259783520851543,
            0.8695979205185651
        ],
        "count": 5
    },
    "1XZO": {
        "pearson": [
            -0.8060856169667141,
            0.1939143830332859
        ],
        "spearman": [
            -0.7999999999999999,
            0.20000000000000007
        ],
        "count": 4
    },
    "2BJD": {
        "pearson": [
            -0.9988339346762091,
            0.030746718480251473
        ],
        "spearman": [
            -1.0,
            0.0
        ],
        "count": 3
    },
    "2C9Q": {
        "pearson": [
            -1.0,
            1.0
        ],
        "spearman": [
            -0.9999999999999999,
            NaN
        ],
        "count": 2
    },
    "2CLR": {
        "pearson": [
            -0.6827781195561035,
            0.31722188044389643
        ],
        "spearman": [
            -1.0,
            0.0
        ],
        "count": 4
    },
    "2DVV": {
        "pearson": [
            -1.0,
            1.0
        ],
        "spearman": [
            -0.9999999999999999,
            NaN
        ],
        "count": 2
    },
    "2HBB": {
        "pearson": [
            -0.5934837363070857,
            1.3795771180266932e-05
        ],