{
    "Overall": {
        "all_types_of_mutations": {
            "Pr": -0.2430061311983962,
            "Pr_pval": 1.4236698214620922e-77,
            "Sr": -0.25228617769570033,
            "Sr_pval": 1.1604161606405733e-83,
            "num": 5713.0,
            "num_struc": 331.0
        },
        "single_point_mutations": {
            "Pr": -0.28535576967138043,
            "Pr_pval": 8.853461005454117e-78,
            "Sr": -0.27207122321395394,
            "Sr_pval": 1.3278948586780556e-70,
            "num": 4106.0,
            "num_struc": 308.0
        },
        "multi_point_mutations": {
            "Pr": -0.27594150804607126,
            "Pr_pval": 1.789135989614596e-29,
            "Sr": -0.28784633167801976,
            "Sr_pval": 4.935551193346649e-32,
            "num": 1607.0,
            "num_struc": 142.0
        }
    },
    "Per-Structure": {
        "all_types_of_mutations": {
            "Pr": -0.2736571128207038,
            "Pr_std": 0.26764563935928276,
            "Pr_pval": 1.9805158512817222e-67,
            "Sr": -0.26708753532693347,
            "Sr_std": 0.2560532279368849,
            "Sr_pval": 1.0057836713180157e-61,
            "num": 5025.0,
            "num_struc": 116.0
        },
        "single_point_mutations": {
            "Pr": -0.3064412933633123,
            "Pr_std": 0.2577146315375768,
            "Pr_pval": 9.141697782715289e-54,
            "Sr": -0.2865682961919641,
            "Sr_std": 0.2571431583385261,
            "Sr_pval": 1.0235917632664777e-44,
            "num": 3485.0,
            "num_struc": 93.0
        },
        "multi_point_mutations": {
            "Pr": -0.28980192594037724,
            "Pr_std": 0.29708498414609325,
            "Pr_pval": 3.1945823156895544e-28,
            "Sr": -0.29613178732128526,
            "Sr_std": 0.27953353095455175,
            "Sr_pval": 4.482362184142737e-31,
            "num": 1304.0,
            "num_struc": 41.0
        }
    }
}