{
    "overall": {
        "pearson": [
            -0.5569365195488594,
            4.5712879076137936e-30
        ],
        "spearman": [
            -0.5765843299347954,
            1.4158357855513508e-32
        ],
        "count": 352
    }
}