{
    "myoglobin": {
        "pearson": [
            -0.7965195232637166,
            1.5040777617967305e-104
        ],
        "spearman": [
            -0.8301907053666926,
            4.245065362660129e-121
        ],
        "precision": 0.8622448979591837,
        "recall": 0.7971698113207547,
        "auroc": 0.932068186785168,
        "accuracy": 0.851380042462845,
        "count": 471,
        "num_stabilizing": 212,
        "num_destabilizing": 259
    },
    "p53": {
        "pearson": [
            -0.842756814599207,
            3.8018599352590626e-16
        ],
        "spearman": [
            -0.7702298584044577,
            3.923475359999601e-12
        ],
        "precision": 0.7142857142857143,
        "recall": 0.5263157894736842,
        "auroc": 0.8691322901849218,
        "accuracy": 0.7678571428571429,
        "count": 56,
        "num_stabilizing": 19,
        "num_destabilizing": 37
    },
    "s669": {
        "pearson": [
            -0.47459282607608866,
            1.339498345301583e-73
        ],
        "spearman": [
            -0.45437958402443696,
            7.229078864781262e-67
        ],
        "precision": 0.5270833333333333,
        "recall": 0.5173824130879345,
        "auroc": 0.7056588224521564,
        "accuracy": 0.6419180201082754,
        "count": 1293,
        "num_stabilizing": 489,
        "num_destabilizing": 804
    },
    "ssym": {
        "pearson": [
            -0.7215151868663017,
            1.171604247695848e-297
        ],
        "spearman": [
            -0.7239253611635957,
            1.3724217448519986e-300
        ],
        "precision": 0.740506329113924,
        "recall": 0.7395701643489254,
        "auroc": 0.8533049111648362,
        "accuracy": 0.7780777537796977,
        "count": 1852,
        "num_stabilizing": 791,
        "num_destabilizing": 1061
    },
    "t2226": {
        "pearson": [
            -0.7257933984559726,
            0.0
        ],
        "spearman": [
            -0.7296280757025301,
            0.0
        ],
        "precision": 0.7511095937179925,
        "recall": 0.7402422611036339,
        "auroc": 0.8575870319662959,
        "accuracy": 0.7820531436038914,
        "count": 6887,
        "num_stabilizing": 2972,
        "num_destabilizing": 3915
    },
    "overall": {
        "pearson": [
            -0.7072515818111468,
            0.0
        ],
        "spearman": [
            -0.7069663992481893,
            0.0
        ],
        "precision": 0.7296439101837151,
        "recall": 0.7175998215480704,
        "auroc": 0.8458453315774007,
        "accuracy": 0.767212804242826,
        "count": 10559,
        "num_stabilizing": 4483,
        "num_destabilizing": 6076
    }
}