{
    "linear": {
        "pearson": [
            0.6167006485747517,
            0.0
        ],
        "spearman": [
            0.6313517071414805,
            0.0
        ],
        "count": 5468
    }
}