{
    "selection_coefficient": {
        "pearson": [
            0.15356364031105574,
            6.390076287821927e-24
        ],
        "spearman": [
            0.1427115284358151,
            7.583647044104392e-21
        ],
        "count": 4265
    }
}