{
    "myoglobin": {
        "pearson": [
            -0.7625479998170798,
            9.967597437241306e-23
        ],
        "spearman": [
            -0.7898550880252873,
            2.568355008721059e-25
        ],
        "precision": 0.7647058823529411,
        "recall": 0.40625,
        "auroc": 0.8935185185185185,
        "accuracy": 0.7964601769911505,
        "count": 113,
        "num_stabilizing": 32,
        "num_destabilizing": 81
    },
    "p53": {
        "pearson": [
            -0.7638795350288694,
            3.982150932476635e-09
        ],
        "spearman": [
            -0.7456239894823071,
            1.4665514328210081e-08
        ],
        "precision": 0.6666666666666666,
        "recall": 0.36363636363636365,
        "auroc": 0.8269794721407625,
        "accuracy": 0.7857142857142857,
        "count": 42,
        "num_stabilizing": 11,
        "num_destabilizing": 31
    },
    "s669": {
        "pearson": [
            -0.5357197806040399,
            1.294697260202991e-44
        ],
        "spearman": [
            -0.570078807090689,
            1.502589251016832e-51
        ],
        "precision": 0.6086956521739131,
        "recall": 0.4057971014492754,
        "auroc": 0.7916137436899529,
        "accuracy": 0.7975986277873071,
        "count": 583,
        "num_stabilizing": 138,
        "num_destabilizing": 445
    },
    "ssym": {
        "pearson": [
            -0.7138839108678549,
            4.327047197758338e-54
        ],
        "spearman": [
            -0.7293817125494624,
            1.6237413032409588e-57
        ],
        "precision": 0.6923076923076923,
        "recall": 0.627906976744186,
        "auroc": 0.8780678371173821,
        "accuracy": 0.8348082595870207,
        "count": 339,
        "num_stabilizing": 86,
        "num_destabilizing": 253
    },
    "t2226": {
        "pearson": [
            -0.5842337737648192,
            2.9669853044509273e-151
        ],
        "spearman": [
            -0.6115962721048064,
            1.8306486958026425e-169
        ],
        "precision": 0.49473684210526314,
        "recall": 0.5,
        "auroc": 0.8233423805661279,
        "accuracy": 0.8268529769137303,
        "count": 1646,
        "num_stabilizing": 282,
        "num_destabilizing": 1364
    },
    "overall": {
        "pearson": [
            -0.5914379558430788,
            1.15815525454034e-256
        ],
        "spearman": [
            -0.6222965142913742,
            9.69163462799218e-292
        ],
        "precision": 0.5606694560669456,
        "recall": 0.48816029143898,
        "auroc": 0.8264482717594758,
        "accuracy": 0.8196841718692618,
        "count": 2723,
        "num_stabilizing": 549,
        "num_destabilizing": 2174
    }
}