{
    "1BVC": {
        "pearson": [
            -0.2922800479153389,
            0.01150664914256651
        ],
        "spearman": [
            -0.32147035793439577,
            0.005224462432078608
        ],
        "count": 74
    },
    "1LZ1": {
        "pearson": [
            -0.3857062529120137,
            2.25501109302657e-05
        ],
        "spearman": [
            -0.42779661528802704,
            2.0589456272937264e-06
        ],
        "count": 114
    },
    "2CI2": {
        "pearson": [
            -0.4422515218114418,
            4.490483379950969e-05
        ],
        "spearman": [
            -0.5426349072746051,
            2.3917516378665705e-07
        ],
        "count": 79
    },
    "2RN2": {
        "pearson": [
            -0.36906511904160183,
            0.0009565867973432399
        ],
        "spearman": [
            -0.32208324861128723,
            0.004282253326630495
        ],
        "count": 77
    },
    "overall": {
        "pearson": [
            -0.380965019296679,
            2.5183510349564797e-13
        ],
        "spearman": [
            -0.4271564766869541,
            1.0897773000899963e-16
        ],
        "count": 344
    }
}