{
    "NONSEL_24h": {
        "pearson": [
            -0.007286176608958168,
            0.8106267067509566
        ],
        "spearman": [
            0.003180738060462327,
            0.9166911878779723
        ],
        "count": 1084
    },
    "SEL_A_24h": {
        "pearson": [
            0.16851014900530176,
            2.382981704754361e-08
        ],
        "spearman": [
            0.08781992637853152,
            0.003807884946217012
        ],
        "count": 1084
    },
    "SEL_A_40h": {
        "pearson": [
            0.17678318959410216,
            4.6305122250557394e-09
        ],
        "spearman": [
            0.08287384504079248,
            0.006331498230164764
        ],
        "count": 1084
    },
    "SEL_B_40h": {
        "pearson": [
            0.12799318800670073,
            2.3724810527593574e-05
        ],
        "spearman": [
            0.06059366392973474,
            0.046094562915190755
        ],
        "count": 1084
    },
    "SEL_C_40h": {
        "pearson": [
            0.1167035715447534,
            0.00011758866093592097
        ],
        "spearman": [
            0.06473548273574006,
            0.03307780234366321
        ],
        "count": 1084
    },
    "SEL_C_64h": {
        "pearson": [
            0.12718247442234157,
            2.6737622066615092e-05
        ],
        "spearman": [
            0.0652939588225104,
            0.031589856474904754
        ],
        "count": 1084
    }
}