{
    "SelectionOne": {
        "pearson": [
            0.36989944078212966,
            4.984464609149511e-260
        ],
        "spearman": [
            0.3602197694279579,
            9.76310715454842e-246
        ],
        "count": 8067
    }
}