{
    "SelectionOne": {
        "pearson": [
            0.38464713753204444,
            6.730132952630867e-278
        ],
        "spearman": [
            0.35433822225112294,
            3.2848955993695307e-233
        ],
        "count": 7927
    }
}