{
    "5BON": {
        "pearson": [
            0.5891849175561591,
            1.7765880475144884e-261
        ],
        "spearman": [
            0.5533585758540436,
            1.7275630167528222e-224
        ],
        "count": 2801
    },
    "1D5R": {
        "pearson": [
            0.555589063626789,
            1.9369126733939915e-260
        ],
        "spearman": [
            0.5168781205227972,
            1.2477409191432067e-219
        ],
        "count": 3222
    },
    "2H11": {
        "pearson": [
            0.5333834072418414,
            2.6819521205472174e-251
        ],
        "spearman": [
            0.4765104184447098,
            8.009988251366267e-194
        ],
        "count": 3427
    },
    "overall": {
        "pearson": [
            0.5288166469627448,
            0.0
        ],
        "spearman": [
            0.4949919324414988,
            0.0
        ],
        "count": 9450
    }
}