{
    "Overall": {
        "all_types_of_mutations": {
            "Pr": -0.21764860384257892,
            "Pr_pval": 2.4094070981237682e-05,
            "Sr": -0.3176136546030852,
            "Sr_pval": 4.069221357905575e-10,
            "num": 370.0,
            "num_struc": 38.0
        },
        "single_point_mutations": {
            "Pr": -0.22521582037552135,
            "Pr_pval": 0.00025815719492012335,
            "Sr": -0.267814412789886,
            "Sr_pval": 1.2464847104604666e-05,
            "num": 259.0,
            "num_struc": 35.0
        },
        "multi_point_mutations": {
            "Pr": -0.34007578670959154,
            "Pr_pval": 0.0002603776304644325,
            "Sr": -0.25341304238902473,
            "Sr_pval": 0.007283367956161939,
            "num": 111.0,
            "num_struc": 16.0
        }
    },
    "Per-Structure": {
        "all_types_of_mutations": {
            "Pr": -0.24950786673753322,
            "Pr_std": 0.21878304536967688,
            "Pr_pval": 5.265183842945148e-05,
            "Sr": -0.26588858864750475,
            "Sr_std": 0.2681018853282239,
            "Sr_pval": 3.2835159431762945e-08,
            "num": 266.0,
            "num_struc": 8.0
        },
        "single_point_mutations": {
            "Pr": -0.28387457458629656,
            "Pr_std": 0.24768567250619034,
            "Pr_pval": 0.00037901034610900885,
            "Sr": -0.3424464624479661,
            "Sr_std": 0.2381954985048649,
            "Sr_pval": 6.013109055463924e-06,
            "num": 180.0,
            "num_struc": 7.0
        },
        "multi_point_mutations": {
            "Pr": -0.1622896033609798,
            "Pr_std": 0.3644250690267579,
            "Pr_pval": 0.00011843873713507525,
            "Sr": -0.10543094661019534,
            "Sr_std": 0.36150798986415367,
            "Sr_pval": 0.0006692641347338472,
            "num": 79.0,
            "num_struc": 2.0
        }
    }
}