{
    "Overall": {
        "all_types_of_mutations": {
            "Pr": -0.2095419010496512,
            "Pr_pval": 4.8619468666554096e-05,
            "Sr": -0.3156684599087508,
            "Sr_pval": 5.265718693026378e-10,
            "num": 370.0,
            "num_struc": 38.0
        },
        "single_point_mutations": {
            "Pr": -0.22764618856300514,
            "Pr_pval": 0.0002203000681356864,
            "Sr": -0.27244207332188697,
            "Sr_pval": 8.677273325767188e-06,
            "num": 259.0,
            "num_struc": 35.0
        },
        "multi_point_mutations": {
            "Pr": -0.28350862079566913,
            "Pr_pval": 0.002567607993534307,
            "Sr": -0.2685635935935629,
            "Sr_pval": 0.00437167122410892,
            "num": 111.0,
            "num_struc": 16.0
        }
    },
    "Per-Structure": {
        "all_types_of_mutations": {
            "Pr": -0.2945920763625638,
            "Pr_std": 0.25053229832112783,
            "Pr_pval": 9.64409712520981e-06,
            "Sr": -0.3206125147544821,
            "Sr_std": 0.2667676055946147,
            "Sr_pval": 9.270372284038413e-09,
            "num": 266.0,
            "num_struc": 8.0
        },
        "single_point_mutations": {
            "Pr": -0.3268712406540846,
            "Pr_std": 0.27703207795479595,
            "Pr_pval": 8.455706214886803e-05,
            "Sr": -0.357017061229894,
            "Sr_std": 0.2709707251896259,
            "Sr_pval": 3.955726246468292e-06,
            "num": 180.0,
            "num_struc": 7.0
        },
        "multi_point_mutations": {
            "Pr": -0.23765769514168478,
            "Pr_std": 0.2428302184492508,
            "Pr_pval": 0.0014906538233566181,
            "Sr": -0.2733822905212806,
            "Sr_std": 0.18123977826875257,
            "Sr_pval": 0.0024116390645410927,
            "num": 79.0,
            "num_struc": 2.0
        }
    }
}