{
    "1BVC": {
        "pearson": [
            -0.628610252535703,
            2.0142224760207174e-09
        ],
        "spearman": [
            -0.6213326235336638,
            3.485232802672407e-09
        ],
        "count": 74
    },
    "1LZ1": {
        "pearson": [
            -0.5060652142663669,
            9.256738193233495e-09
        ],
        "spearman": [
            -0.511420577287585,
            6.072421780443553e-09
        ],
        "count": 114
    },
    "2CI2": {
        "pearson": [
            -0.5763407252771968,
            2.7279581190116805e-08
        ],
        "spearman": [
            -0.6068459336973595,
            3.0612804905083487e-09
        ],
        "count": 79
    },
    "2RN2": {
        "pearson": [
            -0.6378618519135547,
            4.4009198599408853e-10
        ],
        "spearman": [
            -0.5882074575793514,
            1.8527016428885332e-08
        ],
        "count": 77
    },
    "overall": {
        "pearson": [
            -0.5595422197826507,
            9.867168443996114e-30
        ],
        "spearman": [
            -0.5807063208149562,
            2.1008321430521738e-32
        ],
        "count": 344
    }
}