label,mutation,chain,pdb,delta_logit,perc_bucket,rank_wt,rank_mt,logit_G,logit_A,logit_C,logit_S,logit_P,logit_T,logit_V,logit_D,logit_I,logit_L,logit_N,logit_M,logit_Q,logit_K,logit_E,logit_H,logit_F,logit_R,logit_Y,logit_W
hexapro,F817P,A,6VSB,-0.9564073,90th - 95th,3,19,1.9415327,2.7685168,2.9533165,2.4795203,2.2140357,2.7035742,2.9481938,2.3664432,3.1663992,3.2505536,2.338843,3.0439835,2.674788,2.6730487,2.6811323,2.7549345,3.170443,2.77854,3.1503174,3.1955266
hexapro,A892P,A,6VSB,0.5799427000000001,≥ 99th,7,1,2.351588,2.9154587,3.096255,2.6527863,3.4954014,2.7147102,2.9842076,2.4561539,3.0362277,3.0898604,2.4662697,2.9297051,2.7072062,2.7470815,2.6269224,2.616395,2.7391775,2.7769344,2.6739006,2.605816
hexapro,A899P,A,6VSB,-0.6160068000000001,80th - 85th,5,13,2.0504196,2.9529705,2.9298265,2.3811321,2.3369637,2.6262782,3.3254502,2.1582818,3.573358,3.3773484,1.9417127,3.0640578,2.3349566,2.0049968,2.4701324,2.1429489,2.7937129,2.1243563,2.5364337,2.8089194
hexapro,A942P,A,6VSB,0.3377340000000002,97.5th - 99th,2,1,2.319335,2.9628723,2.9486198,2.8503528,3.3006063,2.8147366,2.8981547,2.5871327,2.9087358,2.9328616,2.586876,2.9034588,2.8679385,2.8707843,2.798599,2.7883985,2.7904592,2.7788982,2.6844127,2.7729
