label,mutation,chain,pdb,delta_logit,rank_wt,rank_mt,logit_G,logit_A,logit_C,logit_S,logit_P,logit_T,logit_V,logit_D,logit_I,logit_L,logit_N,logit_M,logit_Q,logit_K,logit_E,logit_H,logit_F,logit_R,logit_Y,logit_W
hexapro,F817P,A,6VSB,-0.7645940000000002,2,19,2.632649,3.24425,3.3753414,3.0069766,2.7539976,3.0809526,3.295278,2.854238,3.436264,3.4116187,2.8250122,3.2394638,2.9778285,2.9185367,3.1431978,3.1239707,3.5185916,2.8875802,3.450842,3.526441
hexapro,A892P,A,6VSB,0.2913451,13,2,2.8060079,3.0463579,3.3422444,3.004739,3.337703,2.9883397,3.1356742,2.534946,3.182694,3.1771011,3.0076919,3.1457226,2.982083,3.1958027,2.6506042,3.0753453,3.1579678,3.196048,3.1022916,3.0607347
hexapro,A899P,A,6VSB,-0.2116315000000002,9,11,2.7718248,3.2358327,3.2798734,3.0153375,3.0242012,3.114021,3.3864434,2.616261,3.5727863,3.4394252,2.6373067,3.334039,2.7814386,2.6425858,2.8178804,2.966182,3.366354,2.6944966,3.3111553,3.594994
hexapro,A942P,A,6VSB,0.12171870000000018,7,1,2.9386315,3.1457362,3.2432835,3.0961754,3.2674549,3.0459917,3.0622659,2.9227185,3.0683224,3.1587405,3.0020099,3.1480038,3.0867658,3.0426943,3.100788,2.9974236,3.1688735,2.9323945,3.1049366,3.1572375
