label,mutation,chain,pdb,delta_logit,perc_bucket,rank_wt,rank_mt,logit_G,logit_A,logit_C,logit_S,logit_P,logit_T,logit_V,logit_D,logit_I,logit_L,logit_N,logit_M,logit_Q,logit_K,logit_E,logit_H,logit_F,logit_R,logit_Y,logit_W
hexapro,F817P,A,6VSB,-8.3639093,90th - 95th,3,16,-9.718518,-8.659975,-7.7556815,-7.97435,-6.6712236,-4.04654,-3.3867555,-5.0717955,-1.0037953,1.4173485,-3.1473458,-1.1098546,0.6035524,1.2510836,0.28740185,2.0202184,1.6926857,0.93485177,1.8571513,0.36611372
hexapro,A892P,A,6VSB,2.1106959999999995,≥ 99th,2,1,-1.6822851,2.6157115,-1.3716315,1.7231324,4.7264075,-0.09020002,-1.6457043,0.07320044,-4.730066,-4.394021,0.30019554,-4.340237,-1.8231941,-2.9591613,-1.2968073,-3.0068758,-5.600493,-4.084732,-5.510583,-8.249506
hexapro,A899P,A,6VSB,-2.8361713999999996,95th - 97.5th,2,3,-2.756558,4.040704,-2.068452,4.1038585,1.2045326,0.86843854,-1.1047022,0.37606362,-3.0839667,-5.436818,-1.6896471,-4.5245056,-4.1598897,-5.9607778,-2.8136246,-5.6792274,-6.57274,-6.624025,-6.9583983,-8.541883
hexapro,A942P,A,6VSB,-7.5013237,80th - 85th,1,12,3.5510972,4.6374674,-2.1059496,3.6284676,-2.8638563,0.44784078,-2.5238607,1.1723183,-5.46317,-4.5918355,-0.56365186,-5.31711,-2.7127728,-2.6013918,-0.6926608,-5.323835,-6.9523873,-3.17491,-7.0056496,-8.371305
