label,mutation,chain,pdb,delta_logit,perc_bucket,rank_wt,rank_mt,logit_G,logit_A,logit_C,logit_S,logit_P,logit_T,logit_V,logit_D,logit_I,logit_L,logit_N,logit_M,logit_Q,logit_K,logit_E,logit_H,logit_F,logit_R,logit_Y,logit_W
hexapro,F817P,A,6VSB,0.46189750000000007,97.5th - 99th,3,1,-7.8065977,-6.940108,-10.526914,-7.768454,-5.6712995,-6.7492347,-6.4287844,-7.4248824,-6.4908743,-6.18859,-8.281725,-8.506763,-7.4890976,-6.750586,-6.4073935,-7.368196,-6.133197,-6.390532,-5.6804113,-6.968653
hexapro,A892P,A,6VSB,1.9501266,≥ 99th,2,1,-7.2266374,-5.9839582,-10.155285,-6.945321,-4.0338316,-7.631214,-7.730157,-7.3261414,-8.534514,-7.31116,-7.7749014,-8.700319,-7.0632186,-6.2965264,-6.320913,-7.9001074,-8.432772,-6.5962653,-8.15504,-10.239168
hexapro,A899P,A,6VSB,-0.45628970000000013,85th - 90th,1,4,-7.9699593,-6.135829,-9.558735,-7.239398,-6.5921187,-7.1178536,-6.2501125,-8.040678,-6.344306,-7.515544,-8.856018,-7.4965186,-8.150479,-8.454667,-7.399228,-8.550189,-7.318362,-8.24716,-7.0954905,-7.2300196
hexapro,A942P,A,6VSB,1.1087010000000008,95th - 97.5th,2,1,-7.155009,-5.646372,-10.56661,-6.0327973,-4.537671,-6.6843996,-7.3188796,-6.417775,-8.092543,-7.094335,-7.4671974,-8.531473,-6.7735825,-6.0264616,-5.664431,-7.8630075,-7.82722,-6.8391137,-7.7823625,-8.529477
