label,mutation,chain,pdb,delta_logit,rank_wt,rank_mt,logit_G,logit_A,logit_C,logit_S,logit_P,logit_T,logit_V,logit_D,logit_I,logit_L,logit_N,logit_M,logit_Q,logit_K,logit_E,logit_H,logit_F,logit_R,logit_Y,logit_W
hexapro,F817P,A,6VSB,1.0904513000000002,10,1,-5.2652082,-4.737582,-9.258041,-5.5253167,-3.8391767,-5.072355,-4.6130104,-5.157699,-4.495041,-4.9194527,-6.6971726,-6.8781905,-5.7586036,-4.6290917,-4.05403,-5.5718203,-4.929628,-4.865447,-4.406535,-5.3227205
hexapro,A892P,A,6VSB,1.6734153000000003,2,1,-4.663526,-4.1766233,-8.308515,-4.7343087,-2.503208,-5.668988,-5.902978,-5.035001,-6.546376,-6.143242,-5.3690643,-7.1945176,-5.5525947,-4.604188,-4.804606,-5.120803,-6.1929817,-4.9592996,-5.768842,-7.594615
hexapro,A899P,A,6VSB,0.7589991,2,1,-5.457518,-4.2569437,-8.75014,-4.882291,-3.4979446,-5.6427546,-5.3568945,-5.3044186,-5.374349,-6.167632,-6.7232018,-6.1023726,-6.176649,-6.383748,-5.0656652,-6.2605796,-5.891009,-5.914378,-5.3903775,-5.4571705
hexapro,A942P,A,6VSB,0.7021318000000001,4,1,-3.8176403,-4.0848284,-8.547769,-4.221977,-3.3826966,-5.039793,-5.5168605,-4.431377,-6.014769,-5.08846,-5.3353734,-6.011784,-5.0693603,-4.5424805,-4.037266,-5.5953145,-5.540768,-5.024879,-5.3248262,-5.8422427
