label,mutation,chain,pdb,delta_logit,rank_wt,rank_mt,logit_G,logit_A,logit_C,logit_S,logit_P,logit_T,logit_V,logit_D,logit_I,logit_L,logit_N,logit_M,logit_Q,logit_K,logit_E,logit_H,logit_F,logit_R,logit_Y,logit_W
hexapro,F817P,A,6VSB,-6.9789900000000005,2,16,-9.951016,-6.062588,-5.0995255,-5.137559,-4.553276,-1.1856501,-1.0089662,-2.5268273,-0.43088716,1.6886498,-1.0399132,-0.61111987,0.5577147,0.09012911,0.39628664,2.149492,2.425714,0.69274986,2.74099,-0.27335253
hexapro,A892P,A,6VSB,1.7692112999999998,2,1,-0.34555846,2.1301174,-2.0970669,1.5138249,3.8993287,0.5231463,-0.5597054,0.32326755,-2.2330768,-1.732097,0.39148083,-3.2344346,-0.742,-1.4787188,0.18357003,-1.9954334,-4.775126,-2.8079276,-5.0612054,-7.3284326
hexapro,A899P,A,6VSB,-0.9871627999999999,2,6,-2.2523465,1.5326498,-1.1266505,1.5096025,0.545487,1.7281876,1.3493241,-0.13170709,1.3560727,-2.5598207,-0.9557314,-0.5828524,-2.0703328,-5.4110503,-1.2814913,-4.0949492,-5.004075,-6.147082,-6.0873594,-8.193579
hexapro,A942P,A,6VSB,-1.8962366000000002,1,4,1.5994917,3.1977372,-2.359202,2.83424,1.3015006,1.0439106,-0.6244376,1.0431614,-2.8551116,-2.1711075,-0.28448454,-3.736292,-1.1510037,-0.8278864,0.2636923,-3.3092084,-4.784184,-1.8946365,-4.9211297,-6.630706
