label,mutation,chain,pdb,delta_logit,perc_bucket,rank_wt,rank_mt,logit_G,logit_A,logit_C,logit_S,logit_P,logit_T,logit_V,logit_D,logit_I,logit_L,logit_N,logit_M,logit_Q,logit_K,logit_E,logit_H,logit_F,logit_R,logit_Y,logit_W
hexapro,F817P,A,6VSB,-1.2397438,90th - 95th,5,20,-2.2225487,-1.481973,-1.2958158,-1.7950041,-2.407147,-1.578141,-1.269141,-2.0118396,-1.062842,-1.0915297,-1.8542191,-1.1980844,-1.5304887,-1.6004326,-1.5920427,-1.427324,-1.1674032,-1.5299246,-1.0789596,-1.035842
hexapro,A892P,A,6VSB,0.7054317299999999,≥ 99th,3,1,-1.7076046,-1.3739076,-1.2396934,-1.6407897,-0.66847587,-1.7186699,-1.5320656,-1.8949311,-1.5750536,-1.5452892,-1.7194891,-1.519984,-1.6467383,-1.6035932,-1.8026352,-1.5624691,-1.578862,-1.663031,-1.5821569,-1.5739275
hexapro,A899P,A,6VSB,-0.6096558000000001,85th - 90th,4,12,-2.1540096,-1.2736577,-1.4282327,-1.7159859,-1.8833135,-1.6159817,-1.24419,-2.1239324,-1.0938268,-1.2768033,-2.2257247,-1.330134,-1.9589125,-2.2874417,-1.9083605,-1.970109,-1.4771774,-2.2009315,-1.511594,-1.2412043
hexapro,A942P,A,6VSB,-0.0166115,95th - 97.5th,2,4,-1.5269865,-1.2855976,-1.240538,-1.355853,-1.3022091,-1.2915516,-1.3514831,-1.3929032,-1.3602525,-1.373998,-1.4434257,-1.3874327,-1.3938506,-1.39452,-1.31647,-1.3193464,-1.3777608,-1.4480144,-1.3693244,-1.393298
