label,mutation,chain,pdb,delta_logit,rank_wt,rank_mt,logit_G,logit_A,logit_C,logit_S,logit_P,logit_T,logit_V,logit_D,logit_I,logit_L,logit_N,logit_M,logit_Q,logit_K,logit_E,logit_H,logit_F,logit_R,logit_Y,logit_W
hexapro,F817P,A,6VSB,-1.0650934000000003,2,19,-3.1697934,-2.4251435,-2.2819602,-2.6999516,-3.033412,-2.570026,-2.3498955,-2.886228,-2.2266135,-2.1856797,-2.9484305,-2.282696,-2.6522653,-2.6551685,-2.66621,-2.5370107,-1.9683186,-2.6163259,-2.0226681,-1.8536665
hexapro,A892P,A,6VSB,0.6381401000000002,5,1,-2.7922149,-2.4589126,-2.341593,-2.707085,-1.8207725,-2.701216,-2.4821923,-3.0583513,-2.4727411,-2.3675015,-2.727443,-2.4447513,-2.6039934,-2.5347714,-2.9360642,-2.6363614,-2.5505967,-2.6085048,-2.6859844,-2.8039925
hexapro,A899P,A,6VSB,-0.8871533,5,17,-3.1864505,-2.269426,-2.4998975,-2.8502488,-3.1565793,-2.743957,-2.1358275,-3.2262769,-1.8998314,-2.200379,-3.2774072,-2.2548404,-3.048636,-3.1493068,-3.1253963,-3.0948215,-2.3874753,-3.012981,-2.469842,-2.399984
hexapro,A942P,A,6VSB,0.21206159999999974,2,1,-2.576077,-2.2162032,-2.2954822,-2.2648923,-2.0041416,-2.3330498,-2.4095812,-2.4420211,-2.4497118,-2.469439,-2.4961936,-2.400705,-2.3243866,-2.2352529,-2.3974576,-2.3470075,-2.4368937,-2.3595493,-2.5045686,-2.5019872
