label,mutation,chain,pdb,delta_logit,perc_bucket,rank_wt,rank_mt,logit_G,logit_A,logit_C,logit_S,logit_P,logit_T,logit_V,logit_D,logit_I,logit_L,logit_N,logit_M,logit_Q,logit_K,logit_E,logit_H,logit_F,logit_R,logit_Y,logit_W
hexapro,F817P,A,6VSB,-0.7960000999999999,95th - 97.5th,8,19,0.9721615,1.756163,1.8348715,1.4154599,1.0115057,1.4842781,1.9304988,1.1205409,2.1257102,2.094627,1.1502168,1.9029818,1.7082641,1.4726226,1.6585722,1.5520855,1.8075058,1.5134945,1.841532,1.8527969
hexapro,A892P,A,6VSB,0.5127294000000002,≥ 99th,6,1,1.3034906,1.6788614,1.9142628,1.4946554,2.1915908,1.5537026,1.764535,1.1601534,1.7984898,1.7329111,1.4209688,1.6354191,1.5075762,1.5717802,1.4027574,1.4975278,1.5681454,1.5133083,1.4986124,1.4644219
hexapro,A899P,A,6VSB,-0.24759609999999999,90th - 95th,8,10,1.0122374,1.7868096,1.7900301,1.3732438,1.5392135,1.5028801,2.0761561,0.99945146,2.2643085,2.2040534,0.97334015,1.9550254,1.2946227,1.0403732,1.3087403,1.2613336,1.807545,1.1037762,1.6221001,1.8581486
hexapro,A942P,A,6VSB,0.24842010000000014,≥ 99th,6,1,1.539329,1.6587229,1.8953978,1.6496083,1.907143,1.6139377,1.5984932,1.481326,1.617295,1.6596171,1.5560881,1.6660162,1.6465172,1.6663278,1.5900195,1.6475561,1.603686,1.6263231,1.5411036,1.6456436
