label,mutation,chain,pdb,delta_logit,rank_wt,rank_mt,logit_G,logit_A,logit_C,logit_S,logit_P,logit_T,logit_V,logit_D,logit_I,logit_L,logit_N,logit_M,logit_Q,logit_K,logit_E,logit_H,logit_F,logit_R,logit_Y,logit_W
hexapro,F817P,A,6VSB,-0.8616226,6,20,-2.0302405,-1.4293468,-1.3433163,-1.7774389,-2.1163802,-1.5803559,-1.2188337,-1.7346979,-1.1245055,-1.196629,-1.9299599,-1.3307176,-1.5673301,-1.8040559,-1.4530314,-1.6075504,-1.2547576,-1.7510183,-1.2178514,-1.1732279
hexapro,A892P,A,6VSB,0.2634124,9,1,-1.7371432,-1.4330212,-1.2343283,-1.5860779,-1.1696088,-1.5193946,-1.371138,-1.940402,-1.4005282,-1.3793423,-1.546281,-1.4236829,-1.6330811,-1.4266107,-1.9189793,-1.5025079,-1.459547,-1.4300069,-1.5704494,-1.6234162
hexapro,A899P,A,6VSB,-0.4725462,5,12,-1.9042494,-1.2845411,-1.2832271,-1.5479529,-1.7570873,-1.6509778,-1.2768173,-1.9928856,-1.1923679,-1.3331211,-1.9136546,-1.418527,-1.9009206,-2.0723755,-1.8364826,-1.7863462,-1.3020039,-1.9928684,-1.4006522,-1.0894438
hexapro,A942P,A,6VSB,0.0705678999999999,10,2,-1.4368727,-1.3849888,-1.0942397,-1.4171709,-1.3144209,-1.3845553,-1.3733433,-1.4201771,-1.3532968,-1.3260763,-1.4257791,-1.4176667,-1.4226907,-1.4252138,-1.3350788,-1.3741107,-1.4002092,-1.4936445,-1.3964305,-1.380502
