label,mutation,chain,pdb,delta_logit,rank_wt,rank_mt,logit_G,logit_A,logit_C,logit_S,logit_P,logit_T,logit_V,logit_D,logit_I,logit_L,logit_N,logit_M,logit_Q,logit_K,logit_E,logit_H,logit_F,logit_R,logit_Y,logit_W
hexapro,F817P,A,6VSB,-1.1096697,2,18,-3.633165,-2.9151158,-2.739859,-3.1208181,-3.265759,-2.878678,-2.5897179,-3.3423386,-2.4158368,-2.2997212,-3.2381644,-2.552971,-2.959909,-3.058742,-2.9981225,-2.7845845,-2.1560893,-2.9532156,-2.1649442,-2.0526087
hexapro,A892P,A,6VSB,0.5521913,4,1,-3.1201305,-2.597585,-2.5831926,-2.8116748,-2.0453937,-2.8569107,-2.7130585,-2.9838996,-2.6825998,-2.5938346,-2.913767,-2.7433755,-2.8126845,-2.7722821,-2.8414392,-2.8050647,-2.7278821,-2.8283353,-2.7560794,-2.7886658
hexapro,A899P,A,6VSB,-0.7081257999999999,8,15,-3.6271958,-2.8642848,-2.7644408,-3.3536441,-3.5724106,-3.0630674,-2.2386985,-3.5376167,-1.8532236,-2.2491415,-3.7371593,-2.4535964,-3.4572263,-3.9534104,-3.3930917,-3.6442165,-2.6942654,-3.8104713,-2.969509,-2.6629329
hexapro,A942P,A,6VSB,0.1695101000000001,2,1,-2.8957021,-2.4688034,-2.5675044,-2.5709605,-2.2992933,-2.5878253,-2.5971417,-2.7246654,-2.5788636,-2.5501542,-2.7443833,-2.6069179,-2.6327207,-2.5865674,-2.6216426,-2.627034,-2.6199145,-2.667905,-2.6325045,-2.5677323
