label,mutation,chain,pdb,delta_logit,rank_wt,rank_mt,logit_G,logit_A,logit_C,logit_S,logit_P,logit_T,logit_V,logit_D,logit_I,logit_L,logit_N,logit_M,logit_Q,logit_K,logit_E,logit_H,logit_F,logit_R,logit_Y,logit_W
hexapro,F817P,A,6VSB,-1.0693612000000003,1,19,4.7858887,5.563756,5.9045205,5.27417,4.9224744,5.4654007,5.776226,4.978904,5.887237,5.856301,5.023551,5.6916456,5.346934,5.209114,5.43218,5.358037,5.9918356,5.2718606,5.868247,5.9140444
hexapro,A892P,A,6VSB,0.5818037,7,1,5.1835737,5.5806503,5.807559,5.273248,6.162454,5.3401003,5.631401,4.998403,5.6336427,5.7136025,5.1969514,5.547414,5.302844,5.4443994,5.0888577,5.276923,5.595863,5.468869,5.4064,5.376441
hexapro,A899P,A,6VSB,-0.8967077000000003,7,19,4.962157,5.7072487,5.709233,5.1772637,4.810541,5.353293,6.0532556,4.8595552,6.2131214,6.002558,4.724296,5.756888,5.062588,4.948111,5.1859007,4.9533815,5.6632776,4.9873695,5.5515985,5.889233
hexapro,A942P,A,6VSB,0.3632536000000002,4,1,5.1571016,5.6100197,5.643675,5.537389,5.9732733,5.506236,5.5162516,5.331235,5.509687,5.556861,5.3766165,5.509509,5.5202727,5.644398,5.4289904,5.4998403,5.405701,5.5110445,5.313848,5.381152
