label,mutation,chain,pdb,rank_wt,rank_mt,ddG_pred_A,ddG_pred_C,ddG_pred_D,ddG_pred_E,ddG_pred_F,ddG_pred_G,ddG_pred_H,ddG_pred_I,ddG_pred_K,ddG_pred_L,ddG_pred_M,ddG_pred_N,ddG_pred_P,ddG_pred_Q,ddG_pred_R,ddG_pred_S,ddG_pred_T,ddG_pred_V,ddG_pred_W,ddG_pred_Y
hexapro,F817P,A,6VSB,1,12,0.6493709087371826,0.2862780690193176,1.2207812070846558,0.9174951314926147,0.0,0.990727424621582,0.4939427375793457,0.3047472834587097,0.3378078937530517,0.2847080826759338,0.4058816432952881,0.838836669921875,0.5748974084854126,0.7271866798400879,0.2685139775276184,0.8000144958496094,0.6932682991027832,0.3805190920829773,0.318913996219635,0.2100412845611572
hexapro,A892P,A,6VSB,2,4,0.0,-0.0038685202598571,0.0548021793365478,0.1227034926414489,0.3561788201332092,0.3043830990791321,0.2278977036476135,0.326185941696167,0.1741722822189331,0.2130724191665649,0.3286811709403991,0.1949924826622009,0.0962861180305481,0.1737744808197021,0.2527843117713928,0.1181885600090026,0.2652084231376648,0.2203152179718017,0.3841164112091064,0.432816207408905
hexapro,A899P,A,6VSB,7,18,0.0,-0.1859910488128662,0.9898561239242554,0.465664803981781,0.1542996764183044,0.909743309020996,0.3790090680122375,-0.3854717016220093,0.2760737538337707,-0.2285572290420532,-0.1569396257400512,0.6778987646102905,0.9052854776382446,0.285999596118927,0.2263864278793335,0.3258641362190246,-0.0505130290985107,-0.4429144859313965,0.0270864367485046,0.1223773956298828
hexapro,A942P,A,6VSB,2,8,0.0,-0.1158260107040405,0.070792019367218,0.0954436659812927,0.0484706163406372,0.1173135638236999,0.0813570022583007,0.1149876117706298,0.0805888772010803,0.0904303789138794,0.1757410168647766,0.1188089847564697,0.0770501494407653,0.0980132222175598,0.1250270009040832,0.0452281236648559,0.0709736347198486,0.0511708855628967,0.1698444485664367,0.1784417033195495
