{
    "myoglobin": {
        "pearson": [
            -0.6992657432487387,
            2.2422667760889768e-70
        ],
        "spearman": [
            -0.6322309251796393,
            6.145316284870976e-54
        ],
        "precision": 0.6812227074235808,
        "recall": 0.7358490566037735,
        "auroc": 0.8074597508559773,
        "accuracy": 0.7261146496815286,
        "count": 471,
        "num_stabilizing": 212,
        "num_destabilizing": 259
    },
    "p53": {
        "pearson": [
            -0.5046236177357158,
            7.314725288826631e-05
        ],
        "spearman": [
            -0.42983850451717154,
            0.0009457453862578796
        ],
        "precision": 0.5384615384615384,
        "recall": 0.7368421052631579,
        "auroc": 0.7482219061166429,
        "accuracy": 0.6964285714285714,
        "count": 56,
        "num_stabilizing": 19,
        "num_destabilizing": 37
    },
    "s669": {
        "pearson": [
            -0.1428230375426835,
            4.757259129800442e-07
        ],
        "spearman": [
            -0.2503417250924559,
            4.494043853991243e-19
        ],
        "precision": 0.4899665551839465,
        "recall": 0.6181434599156118,
        "auroc": 0.6237554410366738,
        "accuracy": 0.6058394160583942,
        "count": 1233,
        "num_stabilizing": 474,
        "num_destabilizing": 759
    },
    "ssym": {
        "pearson": [
            -0.4074395194630653,
            5.398902556883981e-75
        ],
        "spearman": [
            -0.4073794394943745,
            5.700973316943423e-75
        ],
        "precision": 0.5871559633027523,
        "recall": 0.6472819216182049,
        "auroc": 0.7010947857077322,
        "accuracy": 0.6549676025917927,
        "count": 1852,
        "num_stabilizing": 791,
        "num_destabilizing": 1061
    },
    "t2226": {
        "pearson": [
            -0.4198920656936125,
            2.385531211028186e-292
        ],
        "spearman": [
            -0.3506910475521702,
            1.740265399081782e-198
        ],
        "precision": 0.5327459618208517,
        "recall": 0.6103633916554508,
        "auroc": 0.6512361005828774,
        "accuracy": 0.6008421664004646,
        "count": 6887,
        "num_stabilizing": 2972,
        "num_destabilizing": 3915
    },
    "overall": {
        "pearson": [
            -0.4068595519622334,
            0.0
        ],
        "spearman": [
            -0.36169861171561457,
            0.0
        ],
        "precision": 0.5436647173489279,
        "recall": 0.6242166517457476,
        "auroc": 0.6644451852536886,
        "accuracy": 0.6171063910848652,
        "count": 10499,
        "num_stabilizing": 4468,
        "num_destabilizing": 6031
    }
}