{
    "myoglobin": {
        "pearson": [
            -0.7294401332119042,
            2.2747548157078988e-79
        ],
        "spearman": [
            -0.7812077430869819,
            5.0446182398770004e-98
        ],
        "precision": 0.844559585492228,
        "recall": 0.7688679245283019,
        "auroc": 0.9070809353828222,
        "accuracy": 0.832271762208068,
        "count": 471,
        "num_stabilizing": 212,
        "num_destabilizing": 259
    },
    "p53": {
        "pearson": [
            -0.7710007197559708,
            3.6221001064514604e-12
        ],
        "spearman": [
            -0.7141416756823936,
            6.428591817932587e-10
        ],
        "precision": 0.8333333333333334,
        "recall": 0.5263157894736842,
        "auroc": 0.8378378378378377,
        "accuracy": 0.8035714285714286,
        "count": 56,
        "num_stabilizing": 19,
        "num_destabilizing": 37
    },
    "s669": {
        "pearson": [
            -0.47585880466402736,
            1.1105957708152047e-70
        ],
        "spearman": [
            -0.4896489939026126,
            2.467471894629685e-75
        ],
        "precision": 0.6155606407322655,
        "recall": 0.5675105485232067,
        "auroc": 0.7370262893102737,
        "accuracy": 0.6974858069748581,
        "count": 1233,
        "num_stabilizing": 474,
        "num_destabilizing": 759
    },
    "ssym": {
        "pearson": [
            -0.7050125675322214,
            2.1683413758506427e-278
        ],
        "spearman": [
            -0.7043980651443501,
            1.065789912904074e-277
        ],
        "precision": 0.727390180878553,
        "recall": 0.7117572692793932,
        "auroc": 0.8423224994667865,
        "accuracy": 0.7629589632829373,
        "count": 1852,
        "num_stabilizing": 791,
        "num_destabilizing": 1061
    },
    "t2226": {
        "pearson": [
            -0.7046813138041151,
            0.0
        ],
        "spearman": [
            -0.7066820744192533,
            0.0
        ],
        "precision": 0.7489795918367347,
        "recall": 0.7409152086137282,
        "auroc": 0.8470533837313435,
        "accuracy": 0.7810367358791926,
        "count": 6887,
        "num_stabilizing": 2972,
        "num_destabilizing": 3915
    },
    "overall": {
        "pearson": [
            -0.6862726939090603,
            0.0
        ],
        "spearman": [
            -0.6890640615392226,
            0.0
        ],
        "precision": 0.7362258953168044,
        "recall": 0.7177708146821844,
        "auroc": 0.838484118238994,
        "accuracy": 0.7704543289837127,
        "count": 10499,
        "num_stabilizing": 4468,
        "num_destabilizing": 6031
    }
}