{
    "Overall": {
        "all_types_of_mutations": {
            "Pr": -0.19353332000793821,
            "Pr_pval": 0.00017282913492881554,
            "Sr": -0.17878728867578794,
            "Sr_pval": 0.0005308722066549323,
            "num": 372.0,
            "num_struc": 39.0
        },
        "single_point_mutations": {
            "Pr": -0.1200450332149809,
            "Pr_pval": 0.05273450869983704,
            "Sr": -0.10771121539955049,
            "Sr_pval": 0.08241684744439318,
            "num": 261.0,
            "num_struc": 36.0
        },
        "multi_point_mutations": {
            "Pr": -0.4495787646837947,
            "Pr_pval": 7.425161828567176e-07,
            "Sr": -0.42311852153444174,
            "Sr_pval": 3.7172115334209156e-06,
            "num": 111.0,
            "num_struc": 16.0
        }
    },
    "Per-Structure": {
        "all_types_of_mutations": {
            "Pr": -0.0799625368414145,
            "Pr_std": 0.1809114665771076,
            "Pr_pval": 0.04074767889053787,
            "Sr": -0.09535546394907748,
            "Sr_std": 0.2984512049429373,
            "Sr_pval": 0.0005610977006959826,
            "num": 266.0,
            "num_struc": 8.0
        },
        "single_point_mutations": {
            "Pr": -0.10013570443842189,
            "Pr_std": 0.16010507115031714,
            "Pr_pval": 0.3964259189178307,
            "Sr": -0.17304157537543544,
            "Sr_std": 0.19658215866122564,
            "Sr_pval": 0.1678804266125487,
            "num": 180.0,
            "num_struc": 7.0
        },
        "multi_point_mutations": {
            "Pr": 0.015251258346362595,
            "Pr_std": 0.6067449575252337,
            "Pr_pval": 5.255332928271646e-08,
            "Sr": 0.017730806733727678,
            "Sr_std": 0.6216138641718503,
            "Sr_pval": 1.9528773350630714e-08,
            "num": 79.0,
            "num_struc": 2.0
        }
    }
}