{
    "Overall": {
        "all_types_of_mutations": {
            "Pr": -0.12438528835141803,
            "Pr_pval": 0.016381134539187665,
            "Sr": -0.115296762597796,
            "Sr_pval": 0.02616862494177827,
            "num": 372.0,
            "num_struc": 39.0
        },
        "single_point_mutations": {
            "Pr": -0.15765943288157963,
            "Pr_pval": 0.010747191129907213,
            "Sr": -0.1741297003734378,
            "Sr_pval": 0.004783934835876065,
            "num": 261.0,
            "num_struc": 36.0
        },
        "multi_point_mutations": {
            "Pr": -0.12154182119661505,
            "Pr_pval": 0.2038197965838786,
            "Sr": -0.0785564635870403,
            "Sr_pval": 0.4124770882592973,
            "num": 111.0,
            "num_struc": 16.0
        }
    },
    "Per-Structure": {
        "all_types_of_mutations": {
            "Pr": -0.28146233754886224,
            "Pr_std": 0.19506857964490695,
            "Pr_pval": 0.007260257866982049,
            "Sr": -0.31265413059443625,
            "Sr_std": 0.21348036271995185,
            "Sr_pval": 0.004691249421826892,
            "num": 266.0,
            "num_struc": 8.0
        },
        "single_point_mutations": {
            "Pr": -0.3349609977319374,
            "Pr_std": 0.20844659189060583,
            "Pr_pval": 0.002038744292496557,
            "Sr": -0.3925904355237451,
            "Sr_std": 0.18937046336307412,
            "Sr_pval": 0.000530574302033106,
            "num": 180.0,
            "num_struc": 7.0
        },
        "multi_point_mutations": {
            "Pr": 0.040081292703989926,
            "Pr_std": 0.1666256050940369,
            "Pr_pval": 0.38281095077781074,
            "Sr": -0.0034195410399748966,
            "Sr_std": 0.0650363130370642,
            "Sr_pval": 0.8332581672404353,
            "num": 79.0,
            "num_struc": 2.0
        }
    }
}