{
    "selection_coefficient": {
        "pearson": [
            0.28810753105259623,
            1.1127526531626212e-25
        ],
        "spearman": [
            0.24261080092119613,
            1.8629527099882195e-18
        ],
        "count": 1269
    }
}