{
    "selection_coefficient": {
        "pearson": [
            0.3035865574271929,
            1.8294556367310553e-28
        ],
        "spearman": [
            0.2688098783566936,
            1.9127255178999892e-22
        ],
        "count": 1269
    }
}