{
    "selection_coefficient": {
        "pearson": [
            0.35013783636877094,
            6.616159947738913e-38
        ],
        "spearman": [
            0.27176428843922645,
            6.352942247025219e-23
        ],
        "count": 1269
    }
}