{
    "Overall": {
        "all_types_of_mutations": {
            "Pr": -0.24337548368459944,
            "Pr_pval": 5.53492482149086e-78,
            "Sr": -0.2081940612101932,
            "Sr_pval": 4.2174191840401604e-57,
            "precision": 0.2703684483653347,
            "recall": 0.4158020750199521,
            "f1": 0.32767295597484275,
            "auroc": 0.5507358240067344,
            "accuracy": 0.6266154383513797,
            "num": 5726.0,
            "num_struc": 333.0
        },
        "single_point_mutations": {
            "Pr": -0.28048090395356196,
            "Pr_pval": 2.585251032969328e-75,
            "Sr": -0.20708042245215091,
            "Sr_pval": 4.0077301182597974e-41,
            "precision": 0.27171052631578946,
            "recall": 0.4671945701357466,
            "f1": 0.34359400998336104,
            "auroc": 0.5624470067747379,
            "accuracy": 0.6168042739193783,
            "num": 4118.0,
            "num_struc": 310.0
        },
        "multi_point_mutations": {
            "Pr": -0.14195373119367383,
            "Pr_pval": 1.085021892906405e-08,
            "Sr": -0.12494271636403564,
            "Sr_pval": 5.008234163292683e-07,
            "precision": 0.26535626535626533,
            "recall": 0.2926829268292683,
            "f1": 0.27835051546391754,
            "auroc": 0.5256796393629796,
            "accuracy": 0.6517412935323383,
            "num": 1608.0,
            "num_struc": 143.0
        }
    },
    "Per-Structure": {
        "all_types_of_mutations": {
            "Pr": -0.21097597336236018,
            "Pr_std": 0.27361165356309614,
            "Pr_pval": 3.942187274726981e-75,
            "Sr": -0.23436841027054803,
            "Sr_std": 0.26811110307905744,
            "Sr_pval": 0.2571359403444389,
            "precision": 0.44130305856173346,
            "recall": 0.2773313368915415,
            "f1": 0.6020124386542728,
            "auroc": 0.6228732834835128,
            "accuracy": 3.745591696605715e-54,
            "num": 5025.0,
            "num_struc": 116.0
        },
        "single_point_mutations": {
            "Pr": -0.20251486056230264,
            "Pr_std": 0.2403111521513677,
            "Pr_pval": 7.451976049722283e-27,
            "Sr": -0.22465996719663203,
            "Sr_std": 0.22912849372288574,
            "Sr_pval": 0.25934853695387217,
            "precision": 0.4764679719192165,
            "recall": 0.298861106266109,
            "f1": 0.606189445375231,
            "auroc": 0.6092056860507606,
            "accuracy": 4.903329105357238e-16,
            "num": 3485.0,
            "num_struc": 93.0
        },
        "multi_point_mutations": {
            "Pr": -0.1145608797229404,
            "Pr_std": 0.31381313437623043,
            "Pr_pval": 1.009047638623326e-11,
            "Sr": -0.12462471231515758,
            "Sr_std": 0.2919824509892585,
            "Sr_pval": 0.22988040516857758,
            "precision": 0.25647260936895083,
            "recall": 0.20312217461855245,
            "f1": 0.5186476601447282,
            "auroc": 0.6641367672792313,
            "accuracy": 2.8847824943722374e-09,
            "num": 1304.0,
            "num_struc": 41.0
        }
    }
}