{
    "fitness_min": {
        "pearson": [
            0.5287714122930652,
            4.188594814922634e-103
        ],
        "spearman": [
            0.2837608580673561,
            1.0496735977943199e-27
        ],
        "count": 1420
    },
    "fitness_rich": {
        "pearson": [
            0.4669822428934945,
            8.141569129894043e-78
        ],
        "spearman": [
            0.2847947283543449,
            6.646484757754826e-28
        ],
        "count": 1420
    }
}