{
    "fitness_min": {
        "pearson": [
            0.549630606891755,
            2.241578934882693e-114
        ],
        "spearman": [
            0.26657426412200624,
            7.797894972571637e-25
        ],
        "count": 1439
    },
    "fitness_rich": {
        "pearson": [
            0.50666240230196,
            1.1120566053023675e-94
        ],
        "spearman": [
            0.3082248546181342,
            4.8146047143781826e-33
        ],
        "count": 1439
    }
}