{
    "SelectionOne": {
        "pearson": [
            0.07709615996017927,
            6.273110939265765e-12
        ],
        "spearman": [
            0.0766575227107268,
            8.253068543815043e-12
        ],
        "count": 7927
    }
}