{
    "SelectionOne": {
        "pearson": [
            0.08889427663348848,
            1.256657301881753e-15
        ],
        "spearman": [
            0.09199157261745226,
            1.2459327673363016e-16
        ],
        "count": 8067
    }
}