{
    "acetamide_normalized_fitness": {
        "pearson": [
            0.26841916453790726,
            1.8416789643562613e-109
        ],
        "spearman": [
            0.3674149458503342,
            2.177264642838214e-210
        ],
        "count": 6610
    },
    "isobutyramide_normalized_fitness": {
        "pearson": [
            0.48469200734919043,
            0.0
        ],
        "spearman": [
            0.4864983517953418,
            0.0
        ],
        "count": 6548
    },
    "propionamide_normalized_fitness": {
        "pearson": [
            0.3233390196959031,
            1.0121801983619417e-160
        ],
        "spearman": [
            0.3762292616278743,
            2.397831231596713e-221
        ],
        "count": 6611
    }
}