{
    "acetamide_normalized_fitness": {
        "pearson": [
            0.26804452965494735,
            1.854904730293158e-109
        ],
        "spearman": [
            0.37041123291117256,
            1.1296205741900286e-214
        ],
        "count": 6629
    },
    "isobutyramide_normalized_fitness": {
        "pearson": [
            0.4866891390187044,
            0.0
        ],
        "spearman": [
            0.4918571377845898,
            0.0
        ],
        "count": 6568
    },
    "propionamide_normalized_fitness": {
        "pearson": [
            0.3241335514523651,
            4.974504773304439e-162
        ],
        "spearman": [
            0.3803709865223029,
            2.8017417260191514e-227
        ],
        "count": 6631
    }
}