{
    "screenscore": {
        "pearson": [
            0.22425271359057078,
            6.4591236320061584e-37
        ],
        "spearman": [
            0.22816705173546292,
            3.44367810427251e-38
        ],
        "count": 3125
    }
}