{
    "screenscore": {
        "pearson": [
            0.23110328079796116,
            9.611121212021555e-43
        ],
        "spearman": [
            0.22955968141592742,
            3.4965811094382767e-42
        ],
        "count": 3424
    }
}