{
    "function_score": {
        "pearson": [
            0.3985234028786788,
            1.9929137127748613e-29
        ],
        "spearman": [
            0.3499286304383008,
            1.263577542213436e-22
        ],
        "count": 736
    }
}