{
    "2LZM": {
        "pearson": [
            -0.8307932880655486,
            2.182310589492252e-09
        ],
        "spearman": [
            -0.7966884696063616,
            2.917565060846429e-08
        ],
        "count": 33
    }
}