{
    "2LZM": {
        "pearson": [
            -0.8441085952787389,
            6.755029059778609e-10
        ],
        "spearman": [
            -0.7751111417501323,
            1.1844751023697206e-07
        ],
        "count": 33
    }
}