{
    "1PGA": {
        "pearson": [
            -0.3858630329180995,
            1.4217679699835226e-33
        ],
        "spearman": [
            -0.47291999219574804,
            9.937248385293611e-52
        ],
        "count": 907
    },
    "overall": {
        "pearson": [
            -0.3858630329180995,
            1.4217679699835226e-33
        ],
        "spearman": [
            -0.47291999219574804,
            9.937248385293611e-52
        ],
        "count": 907
    }
}