{
    "1A7V": {
        "pearson": [
            -0.005151931121954826,
            0.9866730031124744
        ],
        "spearman": [
            -0.2699734762121152,
            0.37236493819146343
        ],
        "count": 13
    },
    "1BA3": {
        "pearson": [
            -0.9626791252650294,
            0.03732087473497048
        ],
        "spearman": [
            -0.7999999999999999,
            0.20000000000000007
        ],
        "count": 4
    },
    "1BFM": {
        "pearson": [
            1.0,
            1.0
        ],
        "spearman": [
            0.9999999999999999,
            NaN
        ],
        "count": 2
    },
    "1D5G": {
        "pearson": [
            1.0,
            1.0
        ],
        "spearman": [
            0.9999999999999999,
            NaN
        ],
        "count": 2
    },
    "1DIV": {
        "pearson": [
            -0.833232793455365,
            6.059297796628242e-14
        ],
        "spearman": [
            -0.842845825415284,
            1.6345307338954062e-14
        ],
        "count": 50
    },
    "1EKG": {
        "pearson": [
            0.051581208703157,
            0.9484187912968429
        ],
        "spearman": [
            0.19999999999999998,
            0.8
        ],
        "count": 4
    },
    "1FT8": {
        "pearson": [
            -0.832088650873137,
            0.00041828330044696937
        ],
        "spearman": [
            -0.8296703296703297,
            0.0004502862955462125
        ],
        "count": 13
    },
    "1FXA": {
        "pearson": [
            -0.5287743353988088,
            0.0944515512560169
        ],
        "spearman": [
            -0.6000000000000001,
            0.05100326070695074
        ],
        "count": 11
    },
    "1G3P": {
        "pearson": [
            -0.4514028011557985,
            0.01810565080103032
        ],
        "spearman": [
            -0.4810630097338716,
            0.011076922667755893
        ],
        "count": 27
    },
    "1GUA": {
        "pearson": [
            -0.7982911349585418,
            6.408480412648572e-12
        ],
        "spearman": [
            -0.8117346938775509,
            1.485985083712064e-12
        ],
        "count": 49
    },
    "1H0X": {
        "pearson": [
            1.0,
            1.0
        ],
        "spearman": [
            0.9999999999999999,
            NaN
        ],
        "count": 2
    },
    "1HCQ": {
        "pearson": [
            1.0,
            1.0
        ],
        "spearman": [
            0.9999999999999999,
            NaN
        ],
        "count": 2
    },
    "1ITM": {
        "pearson": [
            0.9762823897712866,
            0.13892893628818265
        ],
        "spearman": [
            1.0,
            0.0
        ],
        "count": 3
    },
    "1IV7": {
        "pearson": [
            -0.9994217961686093,
            0.021649931743909244
        ],
        "spearman": [
            -1.0,
            0.0
        ],
        "count": 3
    },
    "1J8I": {
        "pearson": [
            0.16362116747295968,
            0.75675847244837
        ],
        "spearman": [
            -0.29424494316824984,
            0.5713704615752551
        ],
        "count": 6
    },
    "1JLV": {
        "pearson": [
            -0.18048636348987526,
            0.884465662478739
        ],
        "spearman": [
            0.5,
            0.6666666666666667
        ],
        "count": 3
    },
    "1L6H": {
        "pearson": [
            -0.9996046831241631,
            0.01790119840765403
        ],
        "spearman": [
            -1.0,
            0.0
        ],
        "count": 3
    },
    "1LVM": {
        "pearson": [
            -0.11494976890230871,
            0.853964367420467
        ],
        "spearman": [
            -0.20519567041703085,
            0.7405819415910722
        ],
        "count": 5
    },
    "1N18": {
        "pearson": [
            -0.23888947412683056,
            0.7611105258731694
        ],
        "spearman": [
            0.0,
            1.0
        ],
        "count": 4
    },
    "1N88": {
        "pearson": [
            -0.32085273649618623,
            0.20923653300661008
        ],
        "spearman": [
            -0.352364010670393,
            0.1653978466164473
        ],
        "count": 17
    },
    "1NM1": {
        "pearson": [
            1.0,
            1.0
        ],
        "spearman": [
            0.9999999999999999,
            NaN
        ],
        "count": 2
    },
    "1O1U": {
        "pearson": [
            -0.22040989263678765,
            0.6747389747286341
        ],
        "spearman": [
            -0.33394720739540396,
            0.5177002083054396
        ],
        "count": 6
    },
    "1O6X": {
        "pearson": [
            -0.3625160690175551,
            0.11622557986982864
        ],
        "spearman": [
            -0.32580897108860485,
            0.1609629959798991
        ],
        "count": 20
    },
    "1OSI": {
        "pearson": [
            -0.9038381415942195,
            0.09616185840578062
        ],
        "spearman": [
            -0.7999999999999999,
            0.20000000000000007
        ],
        "count": 4
    },
    "1PFL": {
        "pearson": [
            -0.4425254834936618,
            0.4555307372352134
        ],
        "spearman": [
            -0.09999999999999999,
            0.8728885715695383
        ],
        "count": 5
    },
    "1PRG": {
        "pearson": [
            -0.554876507235431,
            0.19605771434909708
        ],
        "spearman": [
            -0.6785714285714287,
            0.0937502539598313
        ],
        "count": 7
    },
    "1R6R": {
        "pearson": [
            -0.43814148578658574,
            0.5618585142134143
        ],
        "spearman": [
            -0.39999999999999997,
            0.6
        ],
        "count": 4
    },
    "1SPD": {
        "pearson": [
            -1.0,
            1.0
        ],
        "spearman": [
            -0.9999999999999999,
            NaN
        ],
        "count": 2
    },
    "1X0J": {
        "pearson": [
            -0.23202417228581837,
            0.616620104432208
        ],
        "spearman": [
            -0.28571428571428575,
            0.5345092286010406
        ],
        "count": 7
    },
    "1XWS": {
        "pearson": [
            0.30151724869681906,
            0.6984827513031808
        ],
        "spearman": [
            0.19999999999999998,
            0.8
        ],
        "count": 4
    },
    "1XXN": {
        "pearson": [
            -0.1471536307339338,
            0.8133165865132332
        ],
        "spearman": [
            0.10259783520851543,
            0.8695979205185651
        ],
        "count": 5
    },
    "1XZO": {
        "pearson": [
            -0.8267877455885819,
            0.17321225441141808
        ],
        "spearman": [
            -0.7999999999999999,
            0.20000000000000007
        ],
        "count": 4
    },
    "2BJD": {
        "pearson": [
            -0.9628255345396877,
            0.1741294146624644
        ],
        "spearman": [
            -1.0,
            0.0
        ],
        "count": 3
    },
    "2C9Q": {
        "pearson": [
            -1.0,
            1.0
        ],
        "spearman": [
            -0.9999999999999999,
            NaN
        ],
        "count": 2
    },
    "2CLR": {
        "pearson": [
            -0.8473730484152595,
            0.1526269515847405
        ],
        "spearman": [
            -1.0,
            0.0
        ],
        "count": 4
    },
    "2DVV": {
        "pearson": [
            1.0,
            1.0
        ],
        "spearman": [
            0.9999999999999999,
            NaN
        ],
        "count": 2
    },
    "2HBB": {
        "pearson": [
            -0.7558034616336532,
            1.2625433289316028e-09
        ],