{
    "attenuated": {
        "pearson": [
            0.11343337168977484,
            1.9116851205780841e-10
        ],
        "spearman": [
            0.09386022596953496,
            1.4093597951866198e-07
        ],
        "count": 3134
    },
    "regulated": {
        "pearson": [
            0.3913841215224158,
            3.021844925801904e-115
        ],
        "spearman": [
            0.37187166177261766,
            2.287885329719565e-103
        ],
        "count": 3134
    },
    "unregulated": {
        "pearson": [
            0.39613141320473994,
            2.923184490881883e-118
        ],
        "spearman": [
            0.3774719798265318,
            1.0783167243730055e-106
        ],
        "count": 3134
    }
}