{
    "attenuated": {
        "pearson": [
            0.12668680614354536,
            1.0945250322430808e-12
        ],
        "spearman": [
            0.10385788285720736,
            5.621933008454162e-09
        ],
        "count": 3134
    },
    "regulated": {
        "pearson": [
            0.376255063285227,
            5.770506890368946e-106
        ],
        "spearman": [
            0.3564710523749992,
            1.491209182625259e-94
        ],
        "count": 3134
    },
    "unregulated": {
        "pearson": [
            0.3962754979848718,
            2.3636855793991593e-118
        ],
        "spearman": [
            0.3819041532105793,
            2.254659282839517e-109
        ],
        "count": 3134
    }
}