{
    "attenuated": {
        "pearson": [
            0.12205924412556314,
            7.078540233996301e-12
        ],
        "spearman": [
            0.09826056459679834,
            3.548091092230097e-08
        ],
        "count": 3134
    },
    "regulated": {
        "pearson": [
            0.3644615268662655,
            4.581011222553755e-99
        ],
        "spearman": [
            0.3368770917665981,
            5.022965035241292e-84
        ],
        "count": 3134
    },
    "unregulated": {
        "pearson": [
            0.36689281586405514,
            1.8285012034689239e-100
        ],
        "spearman": [
            0.3435130344599015,
            1.659192924063766e-87
        ],
        "count": 3134
    }
}