{
    "myoglobin": {
        "pearson": [
            -0.6780516303788515,
            1.5902379935844647e-16
        ],
        "spearman": [
            -0.7081227092180687,
            1.769599179215036e-18
        ],
        "precision": 0.8666666666666667,
        "recall": 0.40625,
        "auroc": 0.8611111111111112,
        "accuracy": 0.8141592920353983,
        "count": 113,
        "num_stabilizing": 32,
        "num_destabilizing": 81
    },
    "p53": {
        "pearson": [
            -0.6838953093585952,
            5.957092045780278e-07
        ],
        "spearman": [
            -0.6418962743929306,
            4.6142619326847275e-06
        ],
        "precision": 0.5555555555555556,
        "recall": 0.45454545454545453,
        "auroc": 0.8035190615835777,
        "accuracy": 0.7619047619047619,
        "count": 42,
        "num_stabilizing": 11,
        "num_destabilizing": 31
    },
    "s669": {
        "pearson": [
            -0.3823191897664066,
            6.0026517449097616e-24
        ],
        "spearman": [
            -0.3824385369533392,
            5.7974580684549266e-24
        ],
        "precision": 0.4304635761589404,
        "recall": 0.39634146341463417,
        "auroc": 0.678255819825279,
        "accuracy": 0.714064914992272,
        "count": 647,
        "num_stabilizing": 164,
        "num_destabilizing": 483
    },
    "ssym": {
        "pearson": [
            -0.6741603632714768,
            2.8739455233651632e-46
        ],
        "spearman": [
            -0.6754583807133783,
            1.668291135267941e-46
        ],
        "precision": 0.6222222222222222,
        "recall": 0.6511627906976745,
        "auroc": 0.8504458130342862,
        "accuracy": 0.8112094395280236,
        "count": 339,
        "num_stabilizing": 86,
        "num_destabilizing": 253
    },
    "t2226": {
        "pearson": [
            -0.5764445273225662,
            1.3449022266734483e-150
        ],
        "spearman": [
            -0.6026142786901301,
            5.322294207274492e-168
        ],
        "precision": 0.42207792207792205,
        "recall": 0.44982698961937717,
        "auroc": 0.7919368542895492,
        "accuracy": 0.8010625737898465,
        "count": 1694,
        "num_stabilizing": 289,
        "num_destabilizing": 1405
    },
    "overall": {
        "pearson": [
            -0.5539942731456416,
            8.142341623126212e-228
        ],
        "spearman": [
            -0.5620105791165972,
            8.170834205752356e-236
        ],
        "precision": 0.4694589877835951,
        "recall": 0.46219931271477666,
        "auroc": 0.7739508833582714,
        "accuracy": 0.7823633156966491,
        "count": 2835,
        "num_stabilizing": 582,
        "num_destabilizing": 2253
    }
}