{
    "score": {
        "pearson": [
            0.5411403933299601,
            8.51745905565514e-267
        ],
        "spearman": [
            0.49179906169091525,
            1.2302756760218786e-213
        ],
        "count": 3517
    }
}