{
    "score": {
        "pearson": [
            0.5544531308586087,
            3.467354091668255e-304
        ],
        "spearman": [
            0.4861646448839048,
            7.167730660209837e-224
        ],
        "count": 3786
    }
}