{
    "score": {
        "pearson": [
            0.5483440574644317,
            2.5484213918757946e-275
        ],
        "spearman": [
            0.4964244145017443,
            2.952247028225783e-218
        ],
        "count": 3517
    }
}