{
    "acetamide_normalized_fitness": {
        "pearson": [
            0.2535654574987083,
            1.6953612237107212e-97
        ],
        "spearman": [
            0.33977356461860647,
            2.737347267035536e-178
        ],
        "count": 6610
    },
    "isobutyramide_normalized_fitness": {
        "pearson": [
            0.5027375230141095,
            0.0
        ],
        "spearman": [
            0.4851909387515613,
            0.0
        ],
        "count": 6548
    },
    "propionamide_normalized_fitness": {
        "pearson": [
            0.3303689474131896,
            4.090857173357393e-168
        ],
        "spearman": [
            0.353167619900678,
            1.8034863229286612e-193
        ],
        "count": 6611
    }
}