{
    "function_score": {
        "pearson": [
            0.4915965246478893,
            2.2867763223172182e-91
        ],
        "spearman": [
            0.40767468900196496,
            1.1313532399563983e-60
        ],
        "count": 1488
    }
}