{
    "function_score": {
        "pearson": [
            0.45332246868027193,
            1.3520718347710118e-74
        ],
        "spearman": [
            0.37734428413337745,
            2.0476671026046883e-50
        ],
        "count": 1454
    }
}