{
    "Caffeine": {
        "pearson": [
            0.2522663107762532,
            3.791513897319196e-20
        ],
        "spearman": [
            0.2514457846608355,
            5.051597698362634e-20
        ],
        "count": 1288
    },
    "DMSO": {
        "pearson": [
            0.1801601992510234,
            4.0192691021279856e-11
        ],
        "spearman": [
            0.1799435565397985,
            4.244175518497498e-11
        ],
        "count": 1324
    },
    "DTT": {
        "pearson": [
            0.23145683593997277,
            4.463946194183642e-17
        ],
        "spearman": [
            0.22410288811115558,
            4.4363530937854115e-16
        ],
        "count": 1284
    },
    "HU": {
        "pearson": [
            0.18453846776596017,
            3.250219491444865e-11
        ],
        "spearman": [
            0.13037846866890976,
            3.054001364513139e-06
        ],
        "count": 1273
    },
    "MG132": {
        "pearson": [
            0.19630649852310955,
            2.9079674450626683e-12
        ],
        "spearman": [
            0.18529414692314394,
            4.601699121735e-11
        ],
        "count": 1243
    }
}