{
    "Caffeine": {
        "pearson": [
            0.26791989778627995,
            1.3007518401872302e-22
        ],
        "spearman": [
            0.2762988757792506,
            5.3192269016684885e-24
        ],
        "count": 1288
    },
    "DMSO": {
        "pearson": [
            0.20429024264448897,
            6.108179456810406e-14
        ],
        "spearman": [
            0.20219151394428014,
            1.1109490195996165e-13
        ],
        "count": 1324
    },
    "DTT": {
        "pearson": [
            0.2736310761534545,
            1.7435777135091368e-23
        ],
        "spearman": [
            0.2707394583091493,
            5.238792575048229e-23
        ],
        "count": 1284
    },
    "HU": {
        "pearson": [
            0.22179863148589238,
            1.1876531505106937e-15
        ],
        "spearman": [
            0.18464439950033273,
            3.165916562242931e-11
        ],
        "count": 1273
    },
    "MG132": {
        "pearson": [
            0.2385080554680752,
            1.5449229414127578e-17
        ],
        "spearman": [
            0.22023838811223417,
            4.04320182252114e-15
        ],
        "count": 1243
    }
}