{
    "Caffeine": {
        "pearson": [
            0.2714088726241333,
            3.483462715806003e-23
        ],
        "spearman": [
            0.27866455008136426,
            2.113562024240518e-24
        ],
        "count": 1288
    },
    "DMSO": {
        "pearson": [
            0.19388652070645712,
            1.1120403368118608e-12
        ],
        "spearman": [
            0.19197365424640353,
            1.8635615134068984e-12
        ],
        "count": 1324
    },
    "DTT": {
        "pearson": [
            0.23775839761578027,
            5.851812459813676e-18
        ],
        "spearman": [
            0.23987008802343673,
            2.9227305172814688e-18
        ],
        "count": 1284
    },
    "HU": {
        "pearson": [
            0.1936870303951055,
            3.1717144548885116e-12
        ],
        "spearman": [
            0.14438370580438042,
            2.2968261642665316e-07
        ],
        "count": 1273
    },
    "MG132": {
        "pearson": [
            0.21064665635161212,
            6.214775597558511e-14
        ],
        "spearman": [
            0.19904874715242626,
            1.4247877010426265e-12
        ],
        "count": 1243
    }
}