{
    "log2_ratio": {
        "pearson": [
            0.25217201359081687,
            1.6567283148869797e-14
        ],
        "spearman": [
            0.22717366381010554,
            5.4914982823437684e-12
        ],
        "count": 899
    }
}