{
    "log2_ratio": {
        "pearson": [
            0.23839739713893007,
            4.3990970694264767e-13
        ],
        "spearman": [
            0.2291165065090778,
            3.580814066911477e-12
        ],
        "count": 899
    }
}