{
    "1AMQ": {
        "pearson": [
            -0.5018767390134723,
            0.4981232609865276
        ],
        "spearman": [
            -0.39999999999999997,
            0.6
        ],
        "count": 4
    },
    "1BNI": {
        "pearson": [
            -0.4722076369104552,
            0.10324667666568603
        ],
        "spearman": [
            -0.4710761676762419,
            0.1041901070638822
        ],
        "count": 13
    },
    "1CEY": {
        "pearson": [
            0.9439180814554496,
            0.21421872065182537
        ],
        "spearman": [
            0.5,
            0.6666666666666667
        ],
        "count": 3
    },
    "1EY0": {
        "pearson": [
            0.013450176809660042,
            0.9458416213943506
        ],
        "spearman": [
            0.026838291926209287,
            0.8921657752965491
        ],
        "count": 28
    },
    "1IHB": {
        "pearson": [
            -0.5453664567465978,
            0.6327810048889417
        ],
        "spearman": [
            -0.5,
            0.6666666666666667
        ],
        "count": 3
    },
    "1L63": {
        "pearson": [
            -0.6128658370746439,
            1.6298760374636337e-13
        ],
        "spearman": [
            -0.6091170204636961,
            2.505160359732142e-13
        ],
        "count": 118
    },
    "1LZ1": {
        "pearson": [
            -0.6111923961720794,
            1.3191006599490335e-07
        ],
        "spearman": [
            -0.6035975360031143,
            2.0690645028988787e-07
        ],
        "count": 62
    },
    "1OH0": {
        "pearson": [
            -1.0,
            1.0
        ],
        "spearman": [
            -0.9999999999999999,
            NaN
        ],
        "count": 2
    },
    "1VQB": {
        "pearson": [
            0.3376685319901725,
            0.5783829955828436
        ],
        "spearman": [
            0.49999999999999994,
            0.39100221895577053
        ],
        "count": 5
    },
    "2LZM": {
        "pearson": [
            -0.6597387444784569,
            1.693898454464944e-09
        ],
        "spearman": [
            -0.6529645838599151,
            2.8197131236028553e-09
        ],
        "count": 66
    },
    "2RN2": {
        "pearson": [
            -0.31997151746109753,
            0.1955213672955323
        ],
        "spearman": [
            -0.18944190734522262,
            0.45151558471452
        ],
        "count": 18
    },
    "3ZCF": {
        "pearson": [
            1.0,
            1.0
        ],
        "spearman": [
            0.9999999999999999,
            NaN
        ],
        "count": 2
    },
    "4BVM": {
        "pearson": [
            0.30782266184752505,
            0.6143486823270802
        ],
        "spearman": [
            0.09999999999999999,
            0.8728885715695383
        ],
        "count": 5
    },
    "4LYZ": {
        "pearson": [
            -0.018079872198261984,
            0.9510838746776131
        ],
        "spearman": [
            0.10386898858064801,
            0.7238143623890954
        ],
        "count": 14
    },
    "5PTI": {
        "pearson": [
            -0.10667420138393119,
            0.8644362246687594
        ],
        "spearman": [
            -0.6,
            0.28475697986529375
        ],
        "count": 5
    },
    "overall": {
        "pearson": [
            -0.5245659818789931,
            2.8053541530887185e-26
        ],
        "spearman": [
            -0.5303881637146156,
            6.259152724579632e-27
        ],
        "count": 352
    }
}