{
    "myoglobin": {
        "pearson": [
            -0.7704209792167186,
            1.9451983794159868e-23
        ],
        "spearman": [
            -0.7880917679919967,
            3.874786061316453e-25
        ],
        "precision": 0.6956521739130435,
        "recall": 0.5,
        "auroc": 0.894675925925926,
        "accuracy": 0.7964601769911505,
        "count": 113,
        "num_stabilizing": 32,
        "num_destabilizing": 81
    },
    "p53": {
        "pearson": [
            -0.7409399756351723,
            2.0135586185292884e-08
        ],
        "spearman": [
            -0.6606158854754667,
            1.927371595097821e-06
        ],
        "precision": 0.5,
        "recall": 0.5454545454545454,
        "auroc": 0.7888563049853372,
        "accuracy": 0.7380952380952381,
        "count": 42,
        "num_stabilizing": 11,
        "num_destabilizing": 31
    },
    "s669": {
        "pearson": [
            -0.45733227843852786,
            9.31350267440387e-35
        ],
        "spearman": [
            -0.47163705575986803,
            3.823686318913333e-37
        ],
        "precision": 0.5,
        "recall": 0.4695121951219512,
        "auroc": 0.718893601979498,
        "accuracy": 0.7465224111282844,
        "count": 647,
        "num_stabilizing": 164,
        "num_destabilizing": 483
    },
    "ssym": {
        "pearson": [
            -0.6819066522530339,
            1.073204060470334e-47
        ],
        "spearman": [
            -0.6954492840064369,
            2.662664304113863e-50
        ],
        "precision": 0.6145833333333334,
        "recall": 0.686046511627907,
        "auroc": 0.8589943928669913,
        "accuracy": 0.8112094395280236,
        "count": 339,
        "num_stabilizing": 86,
        "num_destabilizing": 253
    },
    "t2226": {
        "pearson": [
            -0.5858009494940125,
            1.2266251895974196e-156
        ],
        "spearman": [
            -0.6165810975557764,
            5.735193442599127e-178
        ],
        "precision": 0.46380697050938335,
        "recall": 0.5986159169550173,
        "auroc": 0.8272900786858599,
        "accuracy": 0.8134592680047226,
        "count": 1694,
        "num_stabilizing": 289,
        "num_destabilizing": 1405
    },
    "overall": {
        "pearson": [
            -0.5755077538616566,
            8.692362744716589e-250
        ],
        "spearman": [
            -0.5986372958616333,
            2.632160050613213e-275
        ],
        "precision": 0.5030395136778115,
        "recall": 0.5687285223367697,
        "auroc": 0.8065016022927809,
        "accuracy": 0.7961199294532628,
        "count": 2835,
        "num_stabilizing": 582,
        "num_destabilizing": 2253
    }
}