{
    "selection_coefficient": {
        "pearson": [
            0.32561447007078836,
            9.991120828271099e-33
        ],
        "spearman": [
            0.31264746781000957,
            3.567539860141566e-30
        ],
        "count": 1269
    }
}