{
    "selection_coefficient": {
        "pearson": [
            0.3517865212756591,
            2.854135853718585e-38
        ],
        "spearman": [
            0.3125440549599655,
            3.734429762918513e-30
        ],
        "count": 1269
    }
}