{
    "selection_coefficient": {
        "pearson": [
            0.32555960560036196,
            1.0248990318222842e-32
        ],
        "spearman": [
            0.3114811557725649,
            5.9682365561419576e-30
        ],
        "count": 1269
    }
}