{
    "function_score": {
        "pearson": [
            0.37188051908837716,
            1.4843187204891653e-25
        ],
        "spearman": [
            0.34362044943017334,
            7.979552559821675e-22
        ],
        "count": 736
    }
}