{
    "Overall": {
        "all_types_of_mutations": {
            "Pr": -0.2801903752644385,
            "Pr_pval": 8.941887745729588e-104,
            "Sr": -0.2763372311541012,
            "Sr_pval": 7.022496502072268e-101,
            "precision": 0.36475409836065575,
            "recall": 0.2841181165203512,
            "f1": 0.31942575145805296,
            "auroc": 0.5727543410681345,
            "accuracy": 0.7350681103737339,
            "num": 5726.0,
            "num_struc": 333.0
        },
        "single_point_mutations": {
            "Pr": -0.33435359848023805,
            "Pr_pval": 4.0974878827143225e-108,
            "Sr": -0.2893310456640724,
            "Sr_pval": 3.115624913574711e-80,
            "precision": 0.35058214747736094,
            "recall": 0.3065610859728507,
            "f1": 0.32709716354858176,
            "auroc": 0.5756676796592762,
            "accuracy": 0.7292374939290918,
            "num": 4118.0,
            "num_struc": 310.0
        },
        "multi_point_mutations": {
            "Pr": -0.29689064654093084,
            "Pr_pval": 4.409791881246644e-34,
            "Sr": -0.32490784351815455,
            "Sr_pval": 7.561593682193314e-41,
            "precision": 0.4187192118226601,
            "recall": 0.23035230352303523,
            "f1": 0.2972027972027972,
            "auroc": 0.5675571041424701,
            "accuracy": 0.75,
            "num": 1608.0,
            "num_struc": 143.0
        }
    },
    "Per-Structure": {
        "all_types_of_mutations": {
            "Pr": -0.23711985187939566,
            "Pr_std": 0.2669208783074757,
            "Pr_pval": 1.4616168810286437e-59,
            "Sr": -0.23062254856791153,
            "Sr_std": 0.2901176774727257,
            "Sr_pval": 0.24591742299161085,
            "precision": 0.21153422612726722,
            "recall": 0.204703479189186,
            "f1": 0.557606376366899,
            "auroc": 0.741419103261251,
            "accuracy": 3.2697608469348782e-68,
            "num": 5025.0,
            "num_struc": 116.0
        },
        "single_point_mutations": {
            "Pr": -0.2701855640462591,
            "Pr_std": 0.24380143596349363,
            "Pr_pval": 1.0067308198136098e-47,
            "Sr": -0.2549343242631973,
            "Sr_std": 0.26658456576021944,
            "Sr_pval": 0.26922694918564516,
            "precision": 0.2347078795439258,
            "recall": 0.22978052099829083,
            "f1": 0.5621528859704165,
            "auroc": 0.7395007114319144,
            "accuracy": 6.980261235966959e-47,
            "num": 3485.0,
            "num_struc": 93.0
        },
        "multi_point_mutations": {
            "Pr": -0.3003921299217608,
            "Pr_std": 0.3024211595389838,
            "Pr_pval": 1.0863885632381252e-32,
            "Sr": -0.23953554212454242,
            "Sr_std": 0.3152161086241175,
            "Sr_pval": 0.2423054587688734,
            "precision": 0.13360169640657446,
            "recall": 0.1558570097276354,
            "f1": 0.5668090486436195,
            "auroc": 0.7414016854079006,
            "accuracy": 1.1589635910777715e-26,
            "num": 1304.0,
            "num_struc": 41.0
        }
    }
}