{
    "linear": {
        "pearson": [
            0.15220761813429282,
            1.0619676413861931e-29
        ],
        "spearman": [
            0.13775400191800713,
            1.4131977898195586e-24
        ],
        "count": 5468
    }
}