{
    "overall": {
        "pearson": [
            -0.46746506282176953,
            1.8619555538573684e-20
        ],
        "spearman": [
            -0.4252362301849393,
            7.591080939029321e-17
        ],
        "count": 351
    }
}