{
    "overall": {
        "pearson": [
            -0.17358467390851023,
            0.0010754301180886398
        ],
        "spearman": [
            -0.2139543679784499,
            5.1918341038377565e-05
        ],
        "count": 352
    }
}