{
    "fitness": {
        "pearson": [
            0.42327068500588244,
            4.459763509443243e-67
        ],
        "spearman": [
            0.39448788424218617,
            9.830165500669992e-58
        ],
        "count": 1519
    }
}