{
    "fitness": {
        "pearson": [
            0.42125136841289235,
            2.1629238472611837e-66
        ],
        "spearman": [
            0.3863446818097456,
            2.970586135169494e-55
        ],
        "count": 1519
    }
}