{
    "2LZM": {
        "pearson": [
            -0.8868813787152421,
            6.3856720033659136e-12
        ],
        "spearman": [
            -0.8671075008270794,
            6.726981394690537e-11
        ],
        "count": 33
    }
}