{
    "2LZM": {
        "pearson": [
            -0.877233010052014,
            2.1187420869049196e-11
        ],
        "spearman": [
            -0.8592459937786857,
            1.5486375361141793e-10
        ],
        "count": 33
    }
}