{
    "ETP_AVERAGE": {
        "pearson": [
            0.115559117469813,
            9.856809269534813e-21
        ],
        "spearman": [
            0.10879795674831191,
            1.5241028631711043e-18
        ],
        "count": 6488
    },
    "DOX_Average": {
        "pearson": [
            -0.07412481477250381,
            2.263258201367278e-09
        ],
        "spearman": [
            -0.09266363747469213,
            7.515387744484505e-14
        ],
        "count": 6488
    },
    "SCH_Average": {
        "pearson": [
            0.13195844341913054,
            1.3519274008104617e-26
        ],
        "spearman": [
            0.12633469741601483,
            1.698565497599196e-24
        ],
        "count": 6488
    },
    "VRT_AVERAGE": {
        "pearson": [
            0.14116061584044803,
            3.126362605119047e-30
        ],
        "spearman": [
            0.14169143546337185,
            1.8951913303836483e-30
        ],
        "count": 6488
    }
}