{
    "ETP_AVERAGE": {
        "pearson": [
            0.10407265902732503,
            7.33548608798496e-18
        ],
        "spearman": [
            0.09590923523015092,
            2.1748454276076616e-15
        ],
        "count": 6809
    },
    "DOX_Average": {
        "pearson": [
            -0.08176251506422046,
            1.4102776906763995e-11
        ],
        "spearman": [
            -0.09792513146393458,
            5.566785602313113e-16
        ],
        "count": 6809
    },
    "SCH_Average": {
        "pearson": [
            0.11089103483397986,
            4.432988943892141e-20
        ],
        "spearman": [
            0.10102820097866635,
            6.467956529317121e-17
        ],
        "count": 6809
    },
    "VRT_AVERAGE": {
        "pearson": [
            0.12335922778060043,
            1.675056188604652e-24
        ],
        "spearman": [
            0.12028067860877646,
            2.291801776117789e-23
        ],
        "count": 6809
    }
}