{
    "Overall": {
        "all_types_of_mutations": {
            "Pr": -0.15480157061656832,
            "Pr_pval": 0.0027559647523144946,
            "Sr": -0.23931725856865368,
            "Sr_pval": 3.037635516998551e-06,
            "num": 372.0,
            "num_struc": 39.0
        },
        "single_point_mutations": {
            "Pr": -0.20174762673790542,
            "Pr_pval": 0.0010474788511402704,
            "Sr": -0.2533844327748874,
            "Sr_pval": 3.4475368015508385e-05,
            "num": 261.0,
            "num_struc": 36.0
        },
        "multi_point_mutations": {
            "Pr": -0.1535652115902226,
            "Pr_pval": 0.10758240364669401,
            "Sr": -0.12240662539942193,
            "Sr_pval": 0.20059651191832073,
            "num": 111.0,
            "num_struc": 16.0
        }
    },
    "Per-Structure": {
        "all_types_of_mutations": {
            "Pr": -0.2359459220054206,
            "Pr_std": 0.23415260472492985,
            "Pr_pval": 0.0014896901436060813,
            "Sr": -0.272245821946126,
            "Sr_std": 0.25475920853341916,
            "Sr_pval": 1.940065972172348e-06,
            "num": 266.0,
            "num_struc": 8.0
        },
        "single_point_mutations": {
            "Pr": -0.27050776417013705,
            "Pr_std": 0.25951594397889793,
            "Pr_pval": 0.0017340015798635684,
            "Sr": -0.3245151200056017,
            "Sr_std": 0.2657877127561051,
            "Sr_pval": 1.383175815325438e-05,
            "num": 180.0,
            "num_struc": 7.0
        },
        "multi_point_mutations": {
            "Pr": -0.17821686731664577,
            "Pr_std": 0.1448731758297801,
            "Pr_pval": 0.06755846144636148,
            "Sr": -0.21762690260365702,
            "Sr_std": 0.1413125519650602,
            "Sr_pval": 0.02878304431696372,
            "num": 79.0,
            "num_struc": 2.0
        }
    }
}