{
    "Overall": {
        "all_types_of_mutations": {
            "Pr": -0.1752776110859054,
            "Pr_pval": 0.0006848376578653152,
            "Sr": -0.23920396484377407,
            "Sr_pval": 3.0714644545703947e-06,
            "num": 372.0,
            "num_struc": 39.0
        },
        "single_point_mutations": {
            "Pr": -0.2031184533191539,
            "Pr_pval": 0.0009661679841483619,
            "Sr": -0.2350048461245847,
            "Sr_pval": 0.00012700113626300645,
            "num": 261.0,
            "num_struc": 36.0
        },
        "multi_point_mutations": {
            "Pr": -0.25414525382187386,
            "Pr_pval": 0.007110572907416381,
            "Sr": -0.1758701256679701,
            "Sr_pval": 0.06484130792309244,
            "num": 111.0,
            "num_struc": 16.0
        }
    },
    "Per-Structure": {
        "all_types_of_mutations": {
            "Pr": -0.20230106120452257,
            "Pr_std": 0.1599180000184435,
            "Pr_pval": 0.007594003284677221,
            "Sr": -0.24764599504768875,
            "Sr_std": 0.21528329094743498,
            "Sr_pval": 8.42517798554765e-06,
            "num": 266.0,
            "num_struc": 8.0
        },
        "single_point_mutations": {
            "Pr": -0.23175054330336284,
            "Pr_std": 0.1726016917109969,
            "Pr_pval": 0.017801441950934273,
            "Sr": -0.29657651789094636,
            "Sr_std": 0.14102002092155286,
            "Sr_pval": 0.0015347216076535544,
            "num": 180.0,
            "num_struc": 7.0
        },
        "multi_point_mutations": {
            "Pr": -0.10222800650191616,
            "Pr_std": 0.32856226906500186,
            "Pr_pval": 0.002372188129276292,
            "Sr": -0.11611706758329489,
            "Sr_std": 0.34732128544393276,
            "Sr_pval": 0.0008819638010523045,
            "num": 79.0,
            "num_struc": 2.0
        }
    }
}