{
    "score": {
        "pearson": [
            0.28617566149183293,
            2.7925878446017673e-72
        ],
        "spearman": [
            0.2354235446581643,
            7.711991237111674e-49
        ],
        "count": 3786
    }
}