{
    "score": {
        "pearson": [
            0.2748015608373168,
            5.710932616924027e-62
        ],
        "spearman": [
            0.22906902998028617,
            4.234582639487844e-43
        ],
        "count": 3517
    }
}