{
    "score": {
        "pearson": [
            0.2869650337292967,
            1.1901189921786113e-67
        ],
        "spearman": [
            0.23726156701435505,
            3.3726349102227757e-46
        ],
        "count": 3517
    }
}