{
    "fitness": {
        "pearson": [
            0.41925536956279036,
            1.0192182968793682e-65
        ],
        "spearman": [
            0.43148659478896517,
            6.46623794597019e-70
        ],
        "count": 1519
    }
}