{
    "fitness": {
        "pearson": [
            0.4306591656164087,
            1.2592267613689548e-69
        ],
        "spearman": [
            0.43938080460270085,
            1.0192288464194019e-72
        ],
        "count": 1519
    }
}