{
    "selection_coefficient": {
        "pearson": [
            0.20796901610630972,
            7.25625753759869e-14
        ],
        "spearman": [
            0.2790125729779179,
            4.011119836429764e-24
        ],
        "count": 1269
    }
}