{
    "selection_coefficient": {
        "pearson": [
            0.18582605716359385,
            2.5346010703536665e-11
        ],
        "spearman": [
            0.2574563906360369,
            1.1646771421681806e-20
        ],
        "count": 1269
    }
}