{
    "selection_coefficient": {
        "pearson": [
            0.20439720952000012,
            1.9552530115993016e-13
        ],
        "spearman": [
            0.2447511701778983,
            9.148958768862948e-19
        ],
        "count": 1269
    }
}