{
    "ETP_AVERAGE": {
        "pearson": [
            0.08620539416129659,
            1.0382228559498215e-12
        ],
        "spearman": [
            0.07906268011720098,
            6.445694790580955e-11
        ],
        "count": 6809
    },
    "DOX_Average": {
        "pearson": [
            0.002608849608016577,
            0.8295845627341054
        ],
        "spearman": [
            -0.014075734714471159,
            0.24550895619070132
        ],
        "count": 6809
    },
    "SCH_Average": {
        "pearson": [
            0.08842868100818761,
            2.6749428839407986e-13
        ],
        "spearman": [
            0.09229371041105182,
            2.3355226608770182e-14
        ],
        "count": 6809
    },
    "VRT_AVERAGE": {
        "pearson": [
            0.08571138996459564,
            1.3968945234123115e-12
        ],
        "spearman": [
            0.08638028154390152,
            9.34314784965956e-13
        ],
        "count": 6809
    }
}