{
    "ETP_AVERAGE": {
        "pearson": [
            0.09184867208301076,
            1.3453418006856664e-13
        ],
        "spearman": [
            0.08570261748730089,
            5.040074738742278e-12
        ],
        "count": 6469
    },
    "DOX_Average": {
        "pearson": [
            0.004913487206300701,
            0.6927556189541431
        ],
        "spearman": [
            -0.020405354204546797,
            0.10078532509131795
        ],
        "count": 6469
    },
    "SCH_Average": {
        "pearson": [
            0.08396882708374631,
            1.3398893592785786e-11
        ],
        "spearman": [
            0.08605597463441979,
            4.119604070786797e-12
        ],
        "count": 6469
    },
    "VRT_AVERAGE": {
        "pearson": [
            0.07751905691784901,
            4.2910394840543045e-10
        ],
        "spearman": [
            0.08587458602474943,
            4.5693834216108686e-12
        ],
        "count": 6469
    }
}