{
    "screenscore": {
        "pearson": [
            0.07782109484884013,
            5.141001227488979e-06
        ],
        "spearman": [
            0.05182265016165404,
            0.0024187010216216174
        ],
        "count": 3424
    }
}