{
    "screenscore": {
        "pearson": [
            0.07130542896412514,
            6.619072168946505e-05
        ],
        "spearman": [
            0.054018711463970005,
            0.0025216175096251323
        ],
        "count": 3125
    }
}