{
    "react_rel": {
        "pearson": [
            0.4352502139700975,
            2.1243912563795575e-67
        ],
        "spearman": [
            0.39323519957217057,
            2.851418650254796e-54
        ],
        "count": 1435
    }
}