{
    "react_rel": {
        "pearson": [
            0.448495823122756,
            6.13360992108435e-72
        ],
        "spearman": [
            0.404921542943318,
            9.772028641313433e-58
        ],
        "count": 1435
    }
}