{
    "react_rel": {
        "pearson": [
            0.5093132441682606,
            1.4880965390680999e-95
        ],
        "spearman": [
            0.4593773539390533,
            8.039949121096871e-76
        ],
        "count": 1435
    }
}