{
    "selection_coefficient": {
        "pearson": [
            0.30859609397231563,
            2.1103589240051724e-29
        ],
        "spearman": [
            0.2934300897141123,
            1.2833564090747115e-26
        ],
        "count": 1269
    }
}