{
    "selection_coefficient": {
        "pearson": [
            0.2988920486147676,
            1.3328835402582106e-27
        ],
        "spearman": [
            0.2728972093975872,
            4.147982572850029e-23
        ],
        "count": 1269
    }
}