{
    "selection_coefficient": {
        "pearson": [
            0.34022841071608445,
            9.3272571871311e-36
        ],
        "spearman": [
            0.2927133851210137,
            1.7211887336339066e-26
        ],
        "count": 1269
    }
}