{
    "linear": {
        "pearson": [
            0.5960967807395656,
            0.0
        ],
        "spearman": [
            0.6014884585982726,
            0.0
        ],
        "count": 5468
    }
}