{
    "NONSEL_24h": {
        "pearson": [
            -0.002641837212521159,
            0.9307668519315219
        ],
        "spearman": [
            -0.004988437151456135,
            0.8696905166513458
        ],
        "count": 1084
    },
    "SEL_A_24h": {
        "pearson": [
            0.16890594516403637,
            2.2073062324518348e-08
        ],
        "spearman": [
            0.08951294140933987,
            0.003181231489559653
        ],
        "count": 1084
    },
    "SEL_A_40h": {
        "pearson": [
            0.17380951682170662,
            8.420225858049973e-09
        ],
        "spearman": [
            0.0812028386891786,
            0.0074758547706177654
        ],
        "count": 1084
    },
    "SEL_B_40h": {
        "pearson": [
            0.13174790320068222,
            1.3510740477631939e-05
        ],
        "spearman": [
            0.0672196121277264,
            0.026890822213050676
        ],
        "count": 1084
    },
    "SEL_C_40h": {
        "pearson": [
            0.11909600107643556,
            8.473125052770854e-05
        ],
        "spearman": [
            0.07049923864621181,
            0.020268574256237522
        ],
        "count": 1084
    },
    "SEL_C_64h": {
        "pearson": [
            0.13066768800310904,
            1.591157949161826e-05
        ],
        "spearman": [
            0.07066232761372626,
            0.019980058484706294
        ],
        "count": 1084
    }
}