{
    "5BON": {
        "pearson": [
            0.46705159560137105,
            8.804239286321915e-152
        ],
        "spearman": [
            0.48964931828242125,
            7.61002408947959e-169
        ],
        "count": 2801
    },
    "1D5R": {
        "pearson": [
            0.45692395320373924,
            5.58021542859964e-166
        ],
        "spearman": [
            0.47625950851088106,
            3.9686244956847256e-182
        ],
        "count": 3222
    },
    "2H11": {
        "pearson": [
            0.3732347851281089,
            9.815120852281115e-114
        ],
        "spearman": [
            0.40243994544258366,
            1.324219680629361e-133
        ],
        "count": 3427
    },
    "overall": {
        "pearson": [
            0.40749605758273366,
            0.0
        ],
        "spearman": [
            0.42814763120489835,
            0.0
        ],
        "count": 9450
    }
}