{
    "myoglobin": {
        "pearson": [
            -0.5147907242467095,
            3.1263430674046436e-33
        ],
        "spearman": [
            -0.5401658981586387,
            4.965238573574e-37
        ],
        "precision": 0.7027027027027027,
        "recall": 0.6132075471698113,
        "auroc": 0.7751511619436148,
        "accuracy": 0.7091295116772823,
        "count": 471,
        "num_stabilizing": 212,
        "num_destabilizing": 259
    },
    "p53": {
        "pearson": [
            -0.7441826121886342,
            4.932892837612811e-11
        ],
        "spearman": [
            -0.7120225609177574,
            7.610673888064317e-10
        ],
        "precision": 0.7142857142857143,
        "recall": 0.5263157894736842,
        "auroc": 0.8378378378378378,
        "accuracy": 0.7678571428571429,
        "count": 56,
        "num_stabilizing": 19,
        "num_destabilizing": 37
    },
    "s669": {
        "pearson": [
            -0.5158858312677219,
            4.415164144221803e-80
        ],
        "spearman": [
            -0.4999749428180367,
            1.4153203642535292e-74
        ],
        "precision": 0.5612535612535613,
        "recall": 0.45813953488372094,
        "auroc": 0.7048002791966751,
        "accuracy": 0.6672398968185727,
        "count": 1163,
        "num_stabilizing": 430,
        "num_destabilizing": 733
    },
    "ssym": {
        "pearson": [
            -0.42505299484780396,
            3.8744883030624585e-82
        ],
        "spearman": [
            -0.4166830288336073,
            1.0873923780415478e-78
        ],
        "precision": 0.573490813648294,
        "recall": 0.5524652338811631,
        "auroc": 0.6951805836394594,
        "accuracy": 0.6333693304535637,
        "count": 1852,
        "num_stabilizing": 791,
        "num_destabilizing": 1061
    },
    "t2226": {
        "pearson": [
            -0.46315190341006024,
            0.0
        ],
        "spearman": [
            -0.486570266940301,
            0.0
        ],
        "precision": 0.6224156692056583,
        "recall": 0.5791427607154911,
        "auroc": 0.7460038302981956,
        "accuracy": 0.66525237746891,
        "count": 6835,
        "num_stabilizing": 2963,
        "num_destabilizing": 3872
    },
    "overall": {
        "pearson": [
            -0.4618928264378336,
            0.0
        ],
        "spearman": [
            -0.4804391427031943,
            0.0
        ],
        "precision": 0.6119439665765545,
        "recall": 0.5639864099660249,
        "auroc": 0.7355536366029778,
        "accuracy": 0.662330153223475,
        "count": 10377,
        "num_stabilizing": 4415,
        "num_destabilizing": 5962
    }
}