{
    "log2_ratio": {
        "pearson": [
            0.27201149686825854,
            1.0281673705892194e-16
        ],
        "spearman": [
            0.24632221191755482,
            6.834964223712435e-14
        ],
        "count": 899
    }
}