{
    "log2_ratio": {
        "pearson": [
            0.23877842384167092,
            4.028494694964408e-13
        ],
        "spearman": [
            0.22742909086391164,
            5.19244835380232e-12
        ],
        "count": 899
    }
}