{
    "1A7V": {
        "pearson": [
            -0.5992396893821271,
            0.03043562871214628
        ],
        "spearman": [
            -0.49586965018551776,
            0.0848284466838582
        ],
        "count": 13
    },
    "1BA3": {
        "pearson": [
            -0.9361705461693128,
            0.06382945383068717
        ],
        "spearman": [
            -0.39999999999999997,
            0.6
        ],
        "count": 4
    },
    "1BFM": {
        "pearson": [
            -1.0,
            1.0
        ],
        "spearman": [
            -0.9999999999999999,
            NaN
        ],
        "count": 2
    },
    "1D5G": {
        "pearson": [
            1.0,
            1.0
        ],
        "spearman": [
            0.9999999999999999,
            NaN
        ],
        "count": 2
    },
    "1DIV": {
        "pearson": [
            -0.8460088300144563,
            1.0418526241032193e-14
        ],
        "spearman": [
            -0.8566283307935637,
            2.126604820627812e-15
        ],
        "count": 50
    },
    "1EKG": {
        "pearson": [
            -0.42573965254227597,
            0.5742603474577241
        ],
        "spearman": [
            -0.19999999999999998,
            0.8
        ],
        "count": 4
    },
    "1FT8": {
        "pearson": [
            -0.8683008268180991,
            0.00011830574088358666
        ],
        "spearman": [
            -0.9120879120879121,
            1.3975552674444554e-05
        ],
        "count": 13
    },
    "1FXA": {
        "pearson": [
            -0.5706872592562301,
            0.06673169026661287
        ],
        "spearman": [
            -0.7090909090909092,
            0.014552051953727704
        ],
        "count": 11
    },
    "1G3P": {
        "pearson": [
            -0.6612096484680142,
            0.0001733519244490209
        ],
        "spearman": [
            -0.34300556186103986,
            0.07985025739259559
        ],
        "count": 27
    },
    "1GUA": {
        "pearson": [
            -0.8948838946139371,
            4.385862134574101e-18
        ],
        "spearman": [
            -0.8704081632653059,
            4.540934836822998e-16
        ],
        "count": 49
    },
    "1H0X": {
        "pearson": [
            1.0,
            1.0
        ],
        "spearman": [
            0.9999999999999999,
            NaN
        ],
        "count": 2
    },
    "1HCQ": {
        "pearson": [
            1.0,
            1.0
        ],
        "spearman": [
            0.9999999999999999,
            NaN
        ],
        "count": 2
    },
    "1ITM": {
        "pearson": [
            -0.25692089568254783,
            0.8345840321158298
        ],
        "spearman": [
            0.5,
            0.6666666666666667
        ],
        "count": 3
    },
    "1IV7": {
        "pearson": [
            -0.9742085161717304,
            0.14490092413880354
        ],
        "spearman": [
            -0.5,
            0.6666666666666667
        ],
        "count": 3
    },
    "1J8I": {
        "pearson": [
            -0.3405848897824119,
            0.5088762597836859
        ],
        "spearman": [
            -0.6473388749701496,
            0.16462459468137822
        ],
        "count": 6
    },
    "1JLV": {
        "pearson": [
            -0.7867119237675934,
            0.4235634593261123
        ],
        "spearman": [
            -1.0,
            0.0
        ],
        "count": 3
    },
    "1L6H": {
        "pearson": [
            -0.9882037883224734,
            0.09788006403524546
        ],
        "spearman": [
            -1.0,
            0.0
        ],
        "count": 3
    },
    "1LVM": {
        "pearson": [
            -0.5198007412115816,
            0.3693154455187711
        ],
        "spearman": [
            -0.6668859288553503,
            0.21889398131323154
        ],
        "count": 5
    },
    "1N18": {
        "pearson": [
            -0.5962422304357616,
            0.40375776956423826
        ],
        "spearman": [
            -0.6000000000000001,
            0.3999999999999999
        ],
        "count": 4
    },
    "1N88": {
        "pearson": [
            -0.44545783482518136,
            0.07313872933323494
        ],
        "spearman": [
            -0.3044817931925347,
            0.2347301132819426
        ],
        "count": 17
    },
    "1NM1": {
        "pearson": [
            1.0,
            1.0
        ],
        "spearman": [
            0.9999999999999999,
            NaN
        ],
        "count": 2
    },
    "1O1U": {
        "pearson": [
            -0.09814461617525841,
            0.8532557581535796
        ],
        "spearman": [
            -0.33394720739540396,
            0.5177002083054396
        ],
        "count": 6
    },
    "1O6X": {
        "pearson": [
            -0.4833894533162863,
            0.030833189689546344
        ],
        "spearman": [
            -0.44168560283836267,
            0.05121110320213363
        ],
        "count": 20
    },
    "1OSI": {
        "pearson": [
            -0.7493267063432927,
            0.2506732936567073
        ],
        "spearman": [
            -0.39999999999999997,
            0.6
        ],
        "count": 4
    },
    "1PFL": {
        "pearson": [
            -0.5700734036433455,
            0.31565669524211326
        ],
        "spearman": [
            -0.6,
            0.28475697986529375
        ],
        "count": 5
    },
    "1PRG": {
        "pearson": [
            -0.41462803956825445,
            0.35501713882626945
        ],
        "spearman": [
            -0.10714285714285716,
            0.8191508555699912
        ],
        "count": 7
    },
    "1R6R": {
        "pearson": [
            -0.9312334283733846,
            0.06876657162661548
        ],
        "spearman": [
            -0.7999999999999999,
            0.20000000000000007
        ],
        "count": 4
    },
    "1SPD": {
        "pearson": [
            -1.0,
            1.0
        ],
        "spearman": [
            -0.9999999999999999,
            NaN
        ],
        "count": 2
    },
    "1X0J": {
        "pearson": [
            0.017421057978641113,
            0.9704295811154007
        ],
        "spearman": [
            -0.03571428571428572,
            0.9394082054712856
        ],
        "count": 7
    },
    "1XWS": {
        "pearson": [
            0.3442261490217465,
            0.6557738509782536
        ],
        "spearman": [
            0.19999999999999998,
            0.8
        ],
        "count": 4
    },
    "1XXN": {
        "pearson": [
            -0.47564543713276797,
            0.4180703157187106
        ],
        "spearman": [
            -0.46169025843831935,
            0.43376615616902786
        ],
        "count": 5
    },
    "1XZO": {
        "pearson": [
            -0.7524655164834249,
            0.24753448351657514
        ],
        "spearman": [
            -0.39999999999999997,
            0.6
        ],
        "count": 4
    },
    "2BJD": {
        "pearson": [
            -0.7990287283596407,
            0.41069497129654287
        ],
        "spearman": [
            -0.5,
            0.6666666666666667
        ],
        "count": 3
    },
    "2C9Q": {
        "pearson": [
            -1.0,
            1.0
        ],
        "spearman": [
            -0.9999999999999999,
            NaN
        ],
        "count": 2
    },
    "2CLR": {
        "pearson": [
            -0.6007327466458082,
            0.3992672533541919
        ],
        "spearman": [
            -0.39999999999999997,
            0.6
        ],
        "count": 4
    },
    "2DVV": {
        "pearson": [
            -1.0,
            1.0
        ],
        "spearman": [
            -0.9999999999999999,
            NaN
        ],
        "count": 2
    },
    "2HBB": {
        "pearson": [
            -0.8425350971690109,
            2.1162538839380762e-13
        ],