{
    "Overall": {
        "all_types_of_mutations": {
            "Pr": -0.2711471856499516,
            "Pr_pval": 4.70563700659037e-97,
            "Sr": -0.2758565805016849,
            "Sr_pval": 1.600890065428623e-100,
            "precision": 0.3777315296566077,
            "recall": 0.2897047086991221,
            "f1": 0.32791327913279134,
            "auroc": 0.5780068367998182,
            "accuracy": 0.7401327279077891,
            "num": 5726.0,
            "num_struc": 333.0
        },
        "single_point_mutations": {
            "Pr": -0.32888523912996376,
            "Pr_pval": 1.827220186085862e-104,
            "Sr": -0.297731918267456,
            "Sr_pval": 4.5446993585702906e-85,
            "precision": 0.36423841059602646,
            "recall": 0.31108597285067874,
            "f1": 0.33557046979865773,
            "auroc": 0.5813314836424079,
            "accuracy": 0.7355512384652744,
            "num": 4118.0,
            "num_struc": 310.0
        },
        "multi_point_mutations": {
            "Pr": -0.27353518761666057,
            "Pr_pval": 5.467780743196984e-29,
            "Sr": -0.2994982908742632,
            "Sr_pval": 1.1101727705745577e-34,
            "precision": 0.42718446601941745,
            "recall": 0.23848238482384823,
            "f1": 0.3060869565217391,
            "auroc": 0.5716221447928764,
            "accuracy": 0.7518656716417911,
            "num": 1608.0,
            "num_struc": 143.0
        }
    },
    "Per-Structure": {
        "all_types_of_mutations": {
            "Pr": -0.24482463859402367,
            "Pr_std": 0.2715863961048022,
            "Pr_pval": 1.0174585718892099e-57,
            "Sr": -0.24222256341792203,
            "Sr_std": 0.2913119131468509,
            "Sr_pval": 0.2815482427358771,
            "precision": 0.24962310047306593,
            "recall": 0.23235496043965131,
            "f1": 0.5856644046491536,
            "auroc": 0.7551171006439309,
            "accuracy": 2.7680215943672353e-65,
            "num": 5025.0,
            "num_struc": 116.0
        },
        "single_point_mutations": {
            "Pr": -0.29785900771824914,
            "Pr_std": 0.24947886460964613,
            "Pr_pval": 2.2175829742100467e-51,
            "Sr": -0.289620870102753,
            "Sr_std": 0.26728082140510684,
            "Sr_pval": 0.29546797869802965,
            "precision": 0.26680391633499123,
            "recall": 0.25234347615713965,
            "f1": 0.5834482180191232,
            "auroc": 0.7493867565798357,
            "accuracy": 2.3042301958208915e-52,
            "num": 3485.0,
            "num_struc": 93.0
        },
        "multi_point_mutations": {
            "Pr": -0.28436518333521504,
            "Pr_std": 0.2889111248422626,
            "Pr_pval": 1.0694400567077294e-25,
            "Sr": -0.22357628970162657,
            "Sr_std": 0.3155446756524661,
            "Sr_pval": 0.2790316052511175,
            "precision": 0.1764012071938901,
            "recall": 0.19472302764985694,
            "f1": 0.5964894699031503,
            "auroc": 0.7487226406623045,
            "accuracy": 8.486880457687094e-22,
            "num": 1304.0,
            "num_struc": 41.0
        }
    }
}