{
    "selection_coefficient": {
        "pearson": [
            0.3274088955947497,
            4.047636009859007e-107
        ],
        "spearman": [
            0.23081718066246584,
            1.1004965654100782e-52
        ],
        "count": 4265
    }
}