{
    "SelectionTwo": {
        "pearson": [
            0.4581028883084445,
            0.0
        ],
        "spearman": [
            0.4773744796650067,
            0.0
        ],
        "count": 8329
    }
}