{
    "myoglobin": {
        "pearson": [
            -0.4624495653977259,
            2.46892942498139e-26
        ],
        "spearman": [
            -0.5226065360246521,
            2.2849254016914614e-34
        ],
        "precision": 0.7081081081081081,
        "recall": 0.6179245283018868,
        "auroc": 0.7709987615647992,
        "accuracy": 0.7133757961783439,
        "count": 471,
        "num_stabilizing": 212,
        "num_destabilizing": 259
    },
    "p53": {
        "pearson": [
            -0.5998499415012292,
            1.030321534893485e-06
        ],
        "spearman": [
            -0.5415021809053394,
            1.635556337584909e-05
        ],
        "precision": 0.6153846153846154,
        "recall": 0.42105263157894735,
        "auroc": 0.7382645803698435,
        "accuracy": 0.7142857142857143,
        "count": 56,
        "num_stabilizing": 19,
        "num_destabilizing": 37
    },
    "s669": {
        "pearson": [
            -0.3728509935972697,
            6.479173017883595e-44
        ],
        "spearman": [
            -0.38759646066777526,
            1.317797089335704e-47
        ],
        "precision": 0.5468354430379747,
        "recall": 0.44171779141104295,
        "auroc": 0.6705684257648363,
        "accuracy": 0.6504253673627224,
        "count": 1293,
        "num_stabilizing": 489,
        "num_destabilizing": 804
    },
    "ssym": {
        "pearson": [
            -0.5698869135765215,
            5.678313302692497e-160
        ],
        "spearman": [
            -0.5552719619742201,
            2.701186487706943e-150
        ],
        "precision": 0.6233766233766234,
        "recall": 0.606826801517067,
        "auroc": 0.7329821471764704,
        "accuracy": 0.6754859611231101,
        "count": 1852,
        "num_stabilizing": 791,
        "num_destabilizing": 1061
    },
    "t2226": {
        "pearson": [
            -0.5601192937697985,
            0.0
        ],
        "spearman": [
            -0.5949928455580732,
            0.0
        ],
        "precision": 0.6990990990990991,
        "recall": 0.6527590847913862,
        "auroc": 0.787018558912558,
        "accuracy": 0.7289095397125018,
        "count": 6887,
        "num_stabilizing": 2972,
        "num_destabilizing": 3915
    },
    "overall": {
        "pearson": [
            -0.543660743561425,
            0.0
        ],
        "spearman": [
            -0.565146774406673,
            0.0
        ],
        "precision": 0.6706138231029483,
        "recall": 0.6190051304929735,
        "auroc": 0.7657457908796556,
        "accuracy": 0.709158064210626,
        "count": 10559,
        "num_stabilizing": 4483,
        "num_destabilizing": 6076
    }
}