{
    "Overall": {
        "all_types_of_mutations": {
            "Pr": -0.131578131593227,
            "Pr_pval": 0.011075747364876048,
            "Sr": -0.1676845036375841,
            "Sr_pval": 0.0011691046144715483,
            "num": 372.0,
            "num_struc": 39.0
        },
        "single_point_mutations": {
            "Pr": -0.11033995728869357,
            "Pr_pval": 0.07516147838888494,
            "Sr": -0.07200738588886949,
            "Sr_pval": 0.24635975277594657,
            "num": 261.0,
            "num_struc": 36.0
        },
        "multi_point_mutations": {
            "Pr": -0.17498855260796675,
            "Pr_pval": 0.06621732816474105,
            "Sr": -0.20280151382130193,
            "Sr_pval": 0.032785943871560835,
            "num": 111.0,
            "num_struc": 16.0
        }
    },
    "Per-Structure": {
        "all_types_of_mutations": {
            "Pr": -0.007779458353607306,
            "Pr_std": 0.21890588018512933,
            "Pr_pval": 0.0685442235869102,
            "Sr": -0.02545063863465845,
            "Sr_std": 0.2419073452234054,
            "Sr_pval": 0.005489345587469367,
            "num": 266.0,
            "num_struc": 8.0
        },
        "single_point_mutations": {
            "Pr": -0.023443584659644825,
            "Pr_std": 0.2500163978769984,
            "Pr_pval": 0.10421249307271228,
            "Sr": 0.039952539561295755,
            "Sr_std": 0.22969884896991727,
            "Sr_pval": 0.1984175321647626,
            "num": 180.0,
            "num_struc": 7.0
        },
        "multi_point_mutations": {
            "Pr": -0.3619067406683668,
            "Pr_std": 0.025297549066890357,
            "Pr_pval": 0.0032718460409299124,
            "Sr": -0.40409562426821455,
            "Sr_std": 0.014785367014750361,
            "Sr_pval": 0.0014222286063959781,
            "num": 79.0,
            "num_struc": 2.0
        }
    }
}