{
    "Overall": {
        "all_types_of_mutations": {
            "Pr": -0.13742627639028607,
            "Pr_pval": 0.007948105402135497,
            "Sr": -0.16802276280143003,
            "Sr_pval": 0.0011421134330749586,
            "num": 372.0,
            "num_struc": 39.0
        },
        "single_point_mutations": {
            "Pr": -0.10898647183689938,
            "Pr_pval": 0.07882956912004795,
            "Sr": -0.07048091234439144,
            "Sr_pval": 0.25654288993419233,
            "num": 261.0,
            "num_struc": 36.0
        },
        "multi_point_mutations": {
            "Pr": -0.2283880671038793,
            "Pr_pval": 0.01591169539382858,
            "Sr": -0.19994954212047664,
            "Sr_pval": 0.035374177738961204,
            "num": 111.0,
            "num_struc": 16.0
        }
    },
    "Per-Structure": {
        "all_types_of_mutations": {
            "Pr": -0.014203795300992604,
            "Pr_std": 0.22143585652866385,
            "Pr_pval": 0.04749772979439697,
            "Sr": -0.020634516464604277,
            "Sr_std": 0.2634805731143276,
            "Sr_pval": 0.002606040351151096,
            "num": 266.0,
            "num_struc": 8.0
        },
        "single_point_mutations": {
            "Pr": -0.018862708856806513,
            "Pr_std": 0.24886277779607294,
            "Pr_pval": 0.11713341437721998,
            "Sr": 0.05554819800194523,
            "Sr_std": 0.22435253039376904,
            "Sr_pval": 0.2297295332807752,
            "num": 180.0,
            "num_struc": 7.0
        },
        "multi_point_mutations": {
            "Pr": -0.4292777923475045,
            "Pr_std": 0.0028244793107352617,
            "Pr_pval": 0.0004647570962343607,
            "Sr": -0.46903664194256023,
            "Sr_std": 0.07194731036215973,
            "Sr_pval": 0.00024458555678159166,
            "num": 79.0,
            "num_struc": 2.0
        }
    }
}