{
    "screenscore": {
        "pearson": [
            0.4978552848546453,
            2.028897273036048e-113
        ],
        "spearman": [
            0.46186994920842783,
            7.541313418187927e-96
        ],
        "count": 1801
    }
}