{
    "screenscore": {
        "pearson": [
            0.49193564000315776,
            8.532401070744358e-89
        ],
        "spearman": [
            0.504651210746665,
            4.4120324590629624e-94
        ],
        "count": 1443
    }
}