{
    "screenscore": {
        "pearson": [
            0.3727599437390316,
            4.884595651058116e-26
        ],
        "spearman": [
            0.40223631508870455,
            2.0249909782421856e-30
        ],
        "count": 747
    }
}