{
    "screenscore": {
        "pearson": [
            0.4744911616415219,
            8.967624363353738e-102
        ],
        "spearman": [
            0.48334700054620217,
            4.41202853131761e-106
        ],
        "count": 1801
    }
}