{
    "screenscore": {
        "pearson": [
            0.34840922241469,
            9.633078567553672e-23
        ],
        "spearman": [
            0.3402106889041827,
            1.0716942427334444e-21
        ],
        "count": 747
    }
}