{
    "screenscore": {
        "pearson": [
            0.5275548517557541,
            3.462354369674502e-104
        ],
        "spearman": [
            0.5389171551720634,
            1.704524414773266e-109
        ],
        "count": 1443
    }
}