{
    "1A7V": {
        "pearson": [
            -0.3214242107349177,
            0.2842201410276642
        ],
        "spearman": [
            -0.22314134258348303,
            0.46368086831364286
        ],
        "count": 13
    },
    "1BA3": {
        "pearson": [
            -0.909729469853481,
            0.09027053014651898
        ],
        "spearman": [
            -0.39999999999999997,
            0.6
        ],
        "count": 4
    },
    "1BFM": {
        "pearson": [
            -1.0,
            1.0
        ],
        "spearman": [
            -0.9999999999999999,
            NaN
        ],
        "count": 2
    },
    "1D5G": {
        "pearson": [
            1.0,
            1.0
        ],
        "spearman": [
            0.9999999999999999,
            NaN
        ],
        "count": 2
    },
    "1DIV": {
        "pearson": [
            -0.6949958598729309,
            2.1458420941398626e-08
        ],
        "spearman": [
            -0.6775037835427511,
            6.530489178818322e-08
        ],
        "count": 50
    },
    "1EKG": {
        "pearson": [
            -0.9098353199062557,
            0.09016468009374434
        ],
        "spearman": [
            -1.0,
            0.0
        ],
        "count": 4
    },
    "1FT8": {
        "pearson": [
            -0.8770624168021027,
            8.24483406950335e-05
        ],
        "spearman": [
            -0.8956043956043955,
            3.480972994482087e-05
        ],
        "count": 13
    },
    "1FXA": {
        "pearson": [
            -0.6494265230328055,
            0.0305818261139012
        ],
        "spearman": [
            -0.7181818181818183,
            0.01279959806885844
        ],
        "count": 11
    },
    "1G3P": {
        "pearson": [
            -0.17129854376933878,
            0.3929300529626867
        ],
        "spearman": [
            0.021991451873548413,
            0.9133003140088716
        ],
        "count": 27
    },
    "1GUA": {
        "pearson": [
            -0.6044357683819067,
            4.2426563037658944e-06
        ],
        "spearman": [
            -0.6098979591836734,
            3.287603328177344e-06
        ],
        "count": 49
    },
    "1H0X": {
        "pearson": [
            -1.0,
            1.0
        ],
        "spearman": [
            -0.9999999999999999,
            NaN
        ],
        "count": 2
    },
    "1HCQ": {
        "pearson": [
            1.0,
            1.0
        ],
        "spearman": [
            0.9999999999999999,
            NaN
        ],
        "count": 2
    },
    "1ITM": {
        "pearson": [
            0.6532325333122957,
            0.5468248139057226
        ],
        "spearman": [
            0.5,
            0.6666666666666667
        ],
        "count": 3
    },
    "1IV7": {
        "pearson": [
            -0.9789385399069435,
            0.13088942463339004
        ],
        "spearman": [
            -1.0,
            0.0
        ],
        "count": 3
    },
    "1J8I": {
        "pearson": [
            -0.5342920164594287,
            0.27482360099572856
        ],
        "spearman": [
            -0.29424494316824984,
            0.5713704615752551
        ],
        "count": 6
    },
    "1JLV": {
        "pearson": [
            -0.35569504141394664,
            0.7684883570038783
        ],
        "spearman": [
            0.5,
            0.6666666666666667
        ],
        "count": 3
    },
    "1L6H": {
        "pearson": [
            -0.8182047170444952,
            0.38993910276797844
        ],
        "spearman": [
            -0.5,
            0.6666666666666667
        ],
        "count": 3
    },
    "1LVM": {
        "pearson": [
            -0.07925027869383877,
            0.8992011346389748
        ],
        "spearman": [
            0.20519567041703085,
            0.7405819415910722
        ],
        "count": 5
    },
    "1N18": {
        "pearson": [
            -0.7837224800401636,
            0.21627751995983635
        ],
        "spearman": [
            -0.6000000000000001,
            0.3999999999999999
        ],
        "count": 4
    },
    "1N88": {
        "pearson": [
            -0.00838734452229535,
            0.974513448685186
        ],
        "spearman": [
            -0.003683247498296791,
            0.9888063707008949
        ],
        "count": 17
    },
    "1NM1": {
        "pearson": [
            -1.0,
            1.0
        ],
        "spearman": [
            -0.9999999999999999,
            NaN
        ],
        "count": 2
    },
    "1O1U": {
        "pearson": [
            -0.515136626608245,
            0.29564486719729177
        ],
        "spearman": [
            -0.5161002296110789,
            0.2945837414624608
        ],
        "count": 6
    },
    "1O6X": {
        "pearson": [
            -0.38556012186790917,
            0.09317361389503515
        ],
        "spearman": [
            -0.42588424396339575,
            0.06116894698337902
        ],
        "count": 20
    },
    "1OSI": {
        "pearson": [
            0.33801878350659087,
            0.6619812164934091
        ],
        "spearman": [
            0.39999999999999997,
            0.6
        ],
        "count": 4
    },
    "1PFL": {
        "pearson": [
            -0.48682911568694043,
            0.40558821568987363
        ],
        "spearman": [
            -0.19999999999999998,
            0.747060078104662
        ],
        "count": 5
    },
    "1PRG": {
        "pearson": [
            0.5795907415409797,
            0.17262345681304211
        ],
        "spearman": [
            0.5357142857142858,
            0.21521745567801273
        ],
        "count": 7
    },
    "1R6R": {
        "pearson": [
            -0.31615204314866296,
            0.6838479568513369
        ],
        "spearman": [
            -0.6000000000000001,
            0.3999999999999999
        ],
        "count": 4
    },
    "1SPD": {
        "pearson": [
            -1.0,
            1.0
        ],
        "spearman": [
            -0.9999999999999999,
            NaN
        ],
        "count": 2
    },
    "1X0J": {
        "pearson": [
            -0.029313919776164425,
            0.9502565230337029
        ],
        "spearman": [
            -0.21428571428571433,
            0.6445115810207203
        ],
        "count": 7
    },
    "1XWS": {
        "pearson": [
            0.5040713416939888,
            0.4959286583060112
        ],
        "spearman": [
            0.19999999999999998,
            0.8
        ],
        "count": 4
    },
    "1XXN": {
        "pearson": [
            -0.016252190751442155,
            0.9793079790329082
        ],
        "spearman": [
            0.10259783520851543,
            0.8695979205185651
        ],
        "count": 5
    },
    "1XZO": {
        "pearson": [
            -0.7620067744151464,
            0.23799322558485358
        ],
        "spearman": [
            -0.39999999999999997,
            0.6
        ],
        "count": 4
    },
    "2BJD": {
        "pearson": [
            -0.999236492680359,
            0.024878796021789235
        ],
        "spearman": [
            -0.5,
            0.6666666666666667
        ],
        "count": 3
    },
    "2C9Q": {
        "pearson": [
            -1.0,
            1.0
        ],
        "spearman": [
            -0.9999999999999999,
            NaN
        ],
        "count": 2
    },
    "2CLR": {
        "pearson": [
            -0.7109321331469223,
            0.2890678668530777
        ],
        "spearman": [
            -0.7999999999999999,
            0.20000000000000007
        ],
        "count": 4
    },
    "2DVV": {
        "pearson": [
            -1.0,
            1.0
        ],
        "spearman": [
            -0.9999999999999999,
            NaN
        ],
        "count": 2
    },