{
    "log2_ratio": {
        "pearson": [
            0.2254610109247366,
            7.979845173444364e-12
        ],
        "spearman": [
            0.14182720322238115,
            1.971204644327661e-05
        ],
        "count": 899
    }
}