{
    "log2_ratio": {
        "pearson": [
            0.19674788544615732,
            2.6947099191555277e-09
        ],
        "spearman": [
            0.1393372457002277,
            2.759590389684958e-05
        ],
        "count": 899
    }
}