{
    "myoglobin": {
        "pearson": [
            -0.35827884430066265,
            1.0338945059764567e-15
        ],
        "spearman": [
            -0.41802937816824387,
            2.3996591040616873e-21
        ],
        "precision": 0.6502732240437158,
        "recall": 0.5613207547169812,
        "auroc": 0.7325162089313033,
        "accuracy": 0.6666666666666666,
        "count": 471,
        "num_stabilizing": 212,
        "num_destabilizing": 259
    },
    "p53": {
        "pearson": [
            -0.5460339473892803,
            1.3438785573716384e-05
        ],
        "spearman": [
            -0.5752713000579289,
            3.5234040055437566e-06
        ],
        "precision": 0.6,
        "recall": 0.3157894736842105,
        "auroc": 0.7894736842105262,
        "accuracy": 0.6964285714285714,
        "count": 56,
        "num_stabilizing": 19,
        "num_destabilizing": 37
    },
    "s669": {
        "pearson": [
            -0.31675933371408704,
            3.883292612226895e-30
        ],
        "spearman": [
            -0.3160567986962445,
            5.274837354062109e-30
        ],
        "precision": 0.5067385444743935,
        "recall": 0.39662447257383965,
        "auroc": 0.6420117520832986,
        "accuracy": 0.6196269261962692,
        "count": 1233,
        "num_stabilizing": 474,
        "num_destabilizing": 759
    },
    "ssym": {
        "pearson": [
            -0.5353371453105571,
            7.588767004168971e-138
        ],
        "spearman": [
            -0.5389983253470303,
            4.531466806747658e-140
        ],
        "precision": 0.6243455497382199,
        "recall": 0.6030341340075853,
        "auroc": 0.7343726727760825,
        "accuracy": 0.6754859611231101,
        "count": 1852,
        "num_stabilizing": 791,
        "num_destabilizing": 1061
    },
    "t2226": {
        "pearson": [
            -0.5009852130239707,
            0.0
        ],
        "spearman": [
            -0.5358833934431886,
            0.0
        ],
        "precision": 0.6717078568793803,
        "recall": 0.6127187079407806,
        "auroc": 0.7596400805130559,
        "accuracy": 0.7036445476985626,
        "count": 6887,
        "num_stabilizing": 2972,
        "num_destabilizing": 3915
    },
    "overall": {
        "pearson": [
            -0.4861063995243259,
            0.0
        ],
        "spearman": [
            -0.5104580116598135,
            0.0
        ],
        "precision": 0.6464471403812825,
        "recall": 0.5843777976723367,
        "auroc": 0.7427649252363238,
        "accuracy": 0.687113058386513,
        "count": 10499,
        "num_stabilizing": 4468,
        "num_destabilizing": 6031
    }
}