{
    "screenscore": {
        "pearson": [
            0.018845528651252306,
            0.4166250274501115
        ],
        "spearman": [
            0.028607751534617334,
            0.21749742769927405
        ],
        "count": 1860
    }
}