{
    "screenscore": {
        "pearson": [
            0.17311666955083085,
            1.1488431655656227e-14
        ],
        "spearman": [
            0.14099523443402415,
            3.5486815352021993e-10
        ],
        "count": 1962
    }
}