{
    "2LZM": {
        "pearson": [
            -0.9217856372548731,
            2.6865526594740817e-14
        ],
        "spearman": [
            -0.9264869689585633,
            1.0624117082038044e-14
        ],
        "count": 33
    }
}