{
    "2LZM": {
        "pearson": [
            -0.8867760559682656,
            6.473562188347217e-12
        ],
        "spearman": [
            -0.8881830303610709,
            5.387038270270196e-12
        ],
        "count": 33
    }
}