{
    "Ami11_avg": {
        "pearson": [
            0.10298339097868843,
            7.638116626440413e-14
        ],
        "spearman": [
            0.10022028978217035,
            3.4697923839433877e-13
        ],
        "count": 5245
    },
    "Ami12_avg": {
        "pearson": [
            0.26842360064572407,
            5.201620528569323e-84
        ],
        "spearman": [
            0.33276762598622195,
            9.666241415177615e-131
        ],
        "count": 5046
    },
    "Ami14_avg": {
        "pearson": [
            0.2731008321833604,
            3.482150821211881e-86
        ],
        "spearman": [
            0.31651677441688375,
            1.1265086769944132e-116
        ],
        "count": 4997
    },
    "Ami18_avg": {
        "pearson": [
            0.002434868323310828,
            0.8598888776782205
        ],
        "spearman": [
            0.013401384840683653,
            0.3312621694889417
        ],
        "count": 5258
    },
    "G41811_avg": {
        "pearson": [
            0.23828949461166912,
            3.693086341321255e-66
        ],
        "spearman": [
            0.2733929076258159,
            2.6553863438650832e-87
        ],
        "count": 5052
    },
    "G41812_avg": {
        "pearson": [
            0.37226717618732513,
            8.120913943038592e-163
        ],
        "spearman": [
            0.42567758840906733,
            1.714912552640102e-217
        ],
        "count": 4959
    },
    "G41814_avg": {
        "pearson": [
            0.3815389178446935,
            1.07522862152917e-180
        ],
        "spearman": [
            0.3764522907514138,
            1.3922419041076454e-175
        ],
        "count": 5225
    },
    "Kan11_avg": {
        "pearson": [
            0.26765365905054017,
            6.598731100419501e-83
        ],
        "spearman": [
            0.2994965014926624,
            2.6062730185599377e-104
        ],
        "count": 5008
    },
    "Kan12_avg": {
        "pearson": [
            0.37133226640523437,
            3.0846232784076295e-158
        ],
        "spearman": [
            0.43064791828290255,
            5.583540420325167e-218
        ],
        "count": 4844
    },
    "Kan14_avg": {
        "pearson": [
            0.3946508888636765,
            6.581602333337239e-186
        ],
        "spearman": [
            0.4255215367974444,
            5.741896840102145e-219
        ],
        "count": 4997
    },
    "Kan18_avg": {
        "pearson": [
            0.4040189005800257,
            2.285498997786214e-204
        ],
        "spearman": [
            0.40312589534183485,
            2.169136198886786e-203
        ],
        "count": 5224
    },
    "Neo11_avg": {
        "pearson": [
            0.22954250200722934,
            1.0286279324532963e-61
        ],
        "spearman": [
            0.24557628790737837,
            1.2070064765448258e-70
        ],
        "count": 5079
    },
    "Neo12_avg": {
        "pearson": [
            0.38470052161568963,
            4.865543705022392e-175
        ],
        "spearman": [
            0.4423442096169608,
            3.225336332784747e-237
        ],
        "count": 4970
    },
    "Neo14_avg": {
        "pearson": [
            0.4184499680433123,
            9.666367531122048e-219
        ],
        "spearman": [
            0.4253783236654999,
            9.56869586809771e-227
        ],
        "count": 5180
    },
    "Neo18_avg": {
        "pearson": [
            0.3638125901175504,
            2.6605074852547487e-163
        ],
        "spearman": [
            0.3420648316536956,
            2.222369023744146e-143
        ],
        "count": 5226
    },
    "Paro11_avg": {
        "pearson": [
            0.14820938042732215,
            4.604584467358595e-27
        ],
        "spearman": [
            0.1519780236607795,
            2.183024585194936e-28
        ],
        "count": 5228
    },
    "Paro12_avg": {
        "pearson": [
            0.2827465618300809,
            2.2460832589449436e-92
        ],
        "spearman": [
            0.338044935933393,
            1.2232987514075491e-133
        ],
        "count": 4990
    },
    "Paro14_avg": {
        "pearson": [
            0.37404259619599406,
            1.9202046008211618e-164
        ],
        "spearman": [
            0.4209610383232497,
            3.2977553610106574e-212
        ],
        "count": 4958
    },
    "Paro18_avg": {
        "pearson": [
            0.40935770303038094,
            3.9484796669213635e-205
        ],
        "spearman": [
            0.4408797758112807,
            2.3513068984102436e-241
        ],
        "count": 5095
    },
    "Ribo11_avg": {
        "pearson": [
            0.2819964843792014,
            4.495099079745834e-92
        ],
        "spearman": [
            0.3389765177958341,
            1.0538205023451937e-134
        ],
        "count": 5001
    },
    "Ribo12_avg": {
        "pearson": [
            0.4049635694279163,
            9.249609913315546e-197
        ],
        "spearman": [
            0.4593519526645519,
            1.193079979722271e-259
        ],
        "count": 5002
    },
    "Ribo14_avg": {
        "pearson": [
            0.43621228482440133,
            7.91857825953968e-240
        ],
        "spearman": [
            0.4525116453526589,
            3.7152542913250146e-260
        ],
        "count": 5184
    },
    "Ribo18_avg": {
        "pearson": [
            0.4229771115935856,
            8.306032709131684e-225
        ],
        "spearman": [
            0.40660011598919016,
            2.8838345386644085e-206
        ],
        "count": 5200
    }
}