{
    "Ami11_avg": {
        "pearson": [
            0.09804454279306286,
            2.6541808716496394e-12
        ],
        "spearman": [
            0.09859833956732691,
            1.9980592436908855e-12
        ],
        "count": 5068
    },
    "Ami12_avg": {
        "pearson": [
            0.2586150884516418,
            8.462415995375547e-76
        ],
        "spearman": [
            0.32445294299814326,
            1.241271241120925e-120
        ],
        "count": 4906
    },
    "Ami14_avg": {
        "pearson": [
            0.26750530080357127,
            1.3411820615018163e-80
        ],
        "spearman": [
            0.31653231737878207,
            8.589361731887334e-114
        ],
        "count": 4871
    },
    "Ami18_avg": {
        "pearson": [
            -0.0007233349375643843,
            0.958893332568678
        ],
        "spearman": [
            0.01493727647112372,
            0.28713005628824256
        ],
        "count": 5080
    },
    "G41811_avg": {
        "pearson": [
            0.23208220728343215,
            5.366463071693813e-61
        ],
        "spearman": [
            0.26553677101155876,
            5.8569601019376176e-80
        ],
        "count": 4906
    },
    "G41812_avg": {
        "pearson": [
            0.3684784578259257,
            5.7862281063022265e-155
        ],
        "spearman": [
            0.42765768699329937,
            1.0557408840383198e-213
        ],
        "count": 4822
    },
    "G41814_avg": {
        "pearson": [
            0.3832593363636201,
            2.293725413830338e-176
        ],
        "spearman": [
            0.3830389486123377,
            3.7820096092147895e-176
        ],
        "count": 5049
    },
    "Kan11_avg": {
        "pearson": [
            0.25389398159826965,
            1.1002589807219494e-72
        ],
        "spearman": [
            0.2865515544213012,
            6.406248258586507e-93
        ],
        "count": 4882
    },
    "Kan12_avg": {
        "pearson": [
            0.36542565953869105,
            1.910667490045904e-149
        ],
        "spearman": [
            0.43058360603758,
            6.467251051019365e-213
        ],
        "count": 4732
    },
    "Kan14_avg": {
        "pearson": [
            0.3887509213008597,
            1.4504027376154914e-174
        ],
        "spearman": [
            0.42793798341513045,
            5.067101151227662e-215
        ],
        "count": 4845
    },
    "Kan18_avg": {
        "pearson": [
            0.4042482129115697,
            6.5733841550490675e-198
        ],
        "spearman": [
            0.4097334541322952,
            8.80775976680278e-204
        ],
        "count": 5051
    },
    "Neo11_avg": {
        "pearson": [
            0.22097594465940087,
            7.135285095952025e-56
        ],
        "spearman": [
            0.23745709140227061,
            1.750722119200242e-64
        ],
        "count": 4956
    },
    "Neo12_avg": {
        "pearson": [
            0.38714511377990785,
            2.252472916680986e-173
        ],
        "spearman": [
            0.4526560642027907,
            6.018378320301802e-244
        ],
        "count": 4855
    },
    "Neo14_avg": {
        "pearson": [
            0.42541905315853956,
            1.3706232812863494e-219
        ],
        "spearman": [
            0.43936556269761534,
            9.484795879092842e-236
        ],
        "count": 5014
    },
    "Neo18_avg": {
        "pearson": [
            0.3674300296151725,
            2.4045260373831076e-161
        ],
        "spearman": [
            0.34901756308051046,
            1.0166467760784313e-144
        ],
        "count": 5054
    },
    "Paro11_avg": {
        "pearson": [
            0.13812720344319795,
            5.43246534577035e-23
        ],
        "spearman": [
            0.14242382691191016,
            2.3475457560188928e-24
        ],
        "count": 5063
    },
    "Paro12_avg": {
        "pearson": [
            0.27855713579157493,
            1.340057918120119e-87
        ],
        "spearman": [
            0.3338789643275926,
            2.7632903839514592e-127
        ],
        "count": 4876
    },
    "Paro14_avg": {
        "pearson": [
            0.3667950194509047,
            7.143327069671664e-154
        ],
        "spearman": [
            0.4209314831763494,
            5.822369763596616e-207
        ],
        "count": 4835
    },
    "Paro18_avg": {
        "pearson": [
            0.4098393400443418,
            1.065656534944156e-199
        ],
        "spearman": [
            0.4461101663752821,
            1.4639408053943837e-240
        ],
        "count": 4946
    },
    "Ribo11_avg": {
        "pearson": [
            0.27718550203065906,
            5.752830923518323e-87
        ],
        "spearman": [
            0.33713727080954664,
            2.8991164674891558e-130
        ],
        "count": 4890
    },
    "Ribo12_avg": {
        "pearson": [
            0.4095594047788363,
            1.728181712398604e-196
        ],
        "spearman": [
            0.46907272125031957,
            3.4941075151137075e-265
        ],
        "count": 4873
    },
    "Ribo14_avg": {
        "pearson": [
            0.4426893521048233,
            4.2976692755387e-240
        ],
        "spearman": [
            0.4651231646372812,
            4.4134350554230854e-268
        ],
        "count": 5022
    },
    "Ribo18_avg": {
        "pearson": [
            0.43228195904977607,
            2.6637353352852993e-228
        ],
        "spearman": [
            0.42290894487532105,
            1.4177919068672527e-217
        ],
        "count": 5033
    }
}