{
    "Caffeine": {
        "pearson": [
            0.3201164852496285,
            4.447259672094556e-32
        ],
        "spearman": [
            0.2927039941140775,
            7.324367571359758e-27
        ],
        "count": 1288
    },
    "DMSO": {
        "pearson": [
            0.28360816639126346,
            6.505470560527695e-26
        ],
        "spearman": [
            0.23855704651579698,
            1.3745570681769746e-18
        ],
        "count": 1324
    },
    "DTT": {
        "pearson": [
            0.29553221226174636,
            2.7048171507963766e-27
        ],
        "spearman": [
            0.2842982009893694,
            2.6821273636266493e-25
        ],
        "count": 1284
    },
    "HU": {
        "pearson": [
            0.2787686307683062,
            3.7436216638025024e-24
        ],
        "spearman": [
            0.20695513131515045,
            8.811018243840682e-14
        ],
        "count": 1273
    },
    "MG132": {
        "pearson": [
            0.3270727471185614,
            2.2276655572403827e-32
        ],
        "spearman": [
            0.2390263924308837,
            1.309947148241144e-17
        ],
        "count": 1243
    }
}