{
    "Caffeine": {
        "pearson": [
            0.3603419874960464,
            8.881439671397318e-41
        ],
        "spearman": [
            0.3077414317601925,
            1.180312555902065e-29
        ],
        "count": 1288
    },
    "DMSO": {
        "pearson": [
            0.33558786554896713,
            3.2629619289661634e-36
        ],
        "spearman": [
            0.2743247770694425,
            2.753321354254812e-24
        ],
        "count": 1324
    },
    "DTT": {
        "pearson": [
            0.3344743623480262,
            6.214332814616605e-35
        ],
        "spearman": [
            0.29810655454802915,
            9.160074991353868e-28
        ],
        "count": 1284
    },
    "HU": {
        "pearson": [
            0.33306640512903884,
            2.3569796089740874e-34
        ],
        "spearman": [
            0.25843621641851666,
            7.159747386968834e-21
        ],
        "count": 1273
    },
    "MG132": {
        "pearson": [
            0.3727087157513917,
            3.009685136221622e-42
        ],
        "spearman": [
            0.26300149945986107,
            4.116747703836711e-21
        ],
        "count": 1243
    }
}