{
    "Caffeine": {
        "pearson": [
            0.3303488102418932,
            3.598020206862479e-34
        ],
        "spearman": [
            0.3010849816356168,
            2.131280311801924e-28
        ],
        "count": 1288
    },
    "DMSO": {
        "pearson": [
            0.2968782090179954,
            2.392760352818023e-28
        ],
        "spearman": [
            0.2554359848670358,
            3.629480294862013e-21
        ],
        "count": 1324
    },
    "DTT": {
        "pearson": [
            0.30440206533618347,
            6.189131673434804e-29
        ],
        "spearman": [
            0.28841903461538565,
            5.0891903929279734e-26
        ],
        "count": 1284
    },
    "HU": {
        "pearson": [
            0.2923318712439318,
            1.6798650336923259e-26
        ],
        "spearman": [
            0.2202151933619797,
            1.9089587165098656e-15
        ],
        "count": 1273
    },
    "MG132": {
        "pearson": [
            0.33180697057727615,
            2.5047951016816357e-33
        ],
        "spearman": [
            0.2411254064845158,
            6.6888419934096685e-18
        ],
        "count": 1243
    }
}