{
    "enrichment": {
        "pearson": [
            0.5172346811732187,
            1.5419794040392002e-212
        ],
        "spearman": [
            0.5583070942517985,
            1.399886099521491e-254
        ],
        "count": 3112
    }
}