{
    "enrichment": {
        "pearson": [
            0.5152948874750306,
            1.0810192564060899e-210
        ],
        "spearman": [
            0.5519840449704484,
            1.0099971445521419e-247
        ],
        "count": 3112
    }
}