{
    "enrichment": {
        "pearson": [
            0.5048937394266552,
            8.15974332364878e-226
        ],
        "spearman": [
            0.5339386695430821,
            3.0712302591119206e-257
        ],
        "count": 3500
    }
}