{
    "Ami11_avg": {
        "pearson": [
            0.11608639207203848,
            3.34691384652374e-17
        ],
        "spearman": [
            0.12519361337889248,
            8.993236836068363e-20
        ],
        "count": 5245
    },
    "Ami12_avg": {
        "pearson": [
            0.2892135373882122,
            8.19964538675578e-98
        ],
        "spearman": [
            0.36588462571403263,
            1.172711736305753e-159
        ],
        "count": 5046
    },
    "Ami14_avg": {
        "pearson": [
            0.296511454315655,
            5.795622049718712e-102
        ],
        "spearman": [
            0.3493223237567524,
            2.260104760660181e-143
        ],
        "count": 4997
    },
    "Ami18_avg": {
        "pearson": [
            0.014247906203733693,
            0.30162639469496116
        ],
        "spearman": [
            0.026167654702071365,
            0.05778248736528396
        ],
        "count": 5258
    },
    "G41811_avg": {
        "pearson": [
            0.25936968947147077,
            1.844307282340823e-78
        ],
        "spearman": [
            0.3082703614532476,
            1.1510412137452727e-111
        ],
        "count": 5052
    },
    "G41812_avg": {
        "pearson": [
            0.40174270801511003,
            9.64299899474204e-192
        ],
        "spearman": [
            0.4652653751453613,
            6.318314660393407e-265
        ],
        "count": 4959
    },
    "G41814_avg": {
        "pearson": [
            0.4086040398922604,
            1.7941249869913506e-209
        ],
        "spearman": [
            0.40907088454850044,
            5.4141455933222535e-210
        ],
        "count": 5225
    },
    "Kan11_avg": {
        "pearson": [
            0.2840337419855478,
            1.4477936024371634e-93
        ],
        "spearman": [
            0.3308899503011324,
            3.019619242859657e-128
        ],
        "count": 5008
    },
    "Kan12_avg": {
        "pearson": [
            0.3961296536009454,
            9.795772471226682e-182
        ],
        "spearman": [
            0.46618691441015536,
            5.5488629749751114e-260
        ],
        "count": 4844
    },
    "Kan14_avg": {
        "pearson": [
            0.41949026799502526,
            3.1223277690729833e-212
        ],
        "spearman": [
            0.4606527135371146,
            4.859437854111468e-261
        ],
        "count": 4997
    },
    "Kan18_avg": {
        "pearson": [
            0.42974980568174265,
            7.590465740162739e-234
        ],
        "spearman": [
            0.43545709976740604,
            9.68045369440926e-241
        ],
        "count": 5224
    },
    "Neo11_avg": {
        "pearson": [
            0.24848456908164732,
            2.452398040559092e-72
        ],
        "spearman": [
            0.271706274439552,
            1.1617176448463271e-86
        ],
        "count": 5079
    },
    "Neo12_avg": {
        "pearson": [
            0.40650618192458693,
            3.9265112969592924e-197
        ],
        "spearman": [
            0.47363820882404,
            2.144615443406534e-276
        ],
        "count": 4970
    },
    "Neo14_avg": {
        "pearson": [
            0.44219298902032667,
            5.720148100217679e-247
        ],
        "spearman": [
            0.45488099284107114,
            5.2842173643859876e-263
        ],
        "count": 5180
    },
    "Neo18_avg": {
        "pearson": [
            0.3879172960428233,
            2.853665931388526e-187
        ],
        "spearman": [
            0.3705920814778564,
            7.738918437377897e-170
        ],
        "count": 5226
    },
    "Paro11_avg": {
        "pearson": [
            0.1601033496601391,
            2.3297146920374184e-31
        ],
        "spearman": [
            0.17350245660234542,
            1.3025885938267768e-36
        ],
        "count": 5228
    },
    "Paro12_avg": {
        "pearson": [
            0.30487646514971717,
            7.955636876326954e-108
        ],
        "spearman": [
            0.3724303544680301,
            5.637264560547017e-164
        ],
        "count": 4990
    },
    "Paro14_avg": {
        "pearson": [
            0.40011223051782974,
            5.02032592830584e-190
        ],
        "spearman": [
            0.4572040218251055,
            1.0639319032419094e-254
        ],
        "count": 4958
    },
    "Paro18_avg": {
        "pearson": [
            0.43715937475896083,
            7.083643785509198e-237
        ],
        "spearman": [
            0.47556739016576444,
            6.530388209469837e-286
        ],
        "count": 5095
    },
    "Ribo11_avg": {
        "pearson": [
            0.2926944845379674,
            2.3011241741758682e-99
        ],
        "spearman": [
            0.3652303025080748,
            1.1904208323234954e-157
        ],
        "count": 5001
    },
    "Ribo12_avg": {
        "pearson": [
            0.4220889289445968,
            2.489167867885168e-215
        ],
        "spearman": [
            0.489742169452079,
            4.113059386033495e-300
        ],
        "count": 5002
    },
    "Ribo14_avg": {
        "pearson": [
            0.4593678968047056,
            4.8062651915135486e-269
        ],
        "spearman": [
            0.4833184057910884,
            9.754959704874015e-302
        ],
        "count": 5184
    },
    "Ribo18_avg": {
        "pearson": [
            0.44754861574812155,
            1.2609109671152274e-254
        ],
        "spearman": [
            0.43577730334082476,
            4.939658737512176e-240
        ],
        "count": 5200
    }
}