{
    "Ami11_avg": {
        "pearson": [
            0.11144282878042489,
            1.7706047768953631e-15
        ],
        "spearman": [
            0.12283276551173473,
            1.7008244780579678e-18
        ],
        "count": 5068
    },
    "Ami12_avg": {
        "pearson": [
            0.27659506944968837,
            7.2350596070895055e-87
        ],
        "spearman": [
            0.3544604475597099,
            3.375520985417436e-145
        ],
        "count": 4906
    },
    "Ami14_avg": {
        "pearson": [
            0.2893358931342005,
            1.4420023250497005e-94
        ],
        "spearman": [
            0.346549641365766,
            1.7567671451436968e-137
        ],
        "count": 4871
    },
    "Ami18_avg": {
        "pearson": [
            0.013904759371091308,
            0.32175713118977245
        ],
        "spearman": [
            0.029956573733915606,
            0.03275430496047593
        ],
        "count": 5080
    },
    "G41811_avg": {
        "pearson": [
            0.25065454562629336,
            3.610197874626296e-71
        ],
        "spearman": [
            0.2959888999071072,
            8.866325188204551e-100
        ],
        "count": 4906
    },
    "G41812_avg": {
        "pearson": [
            0.3915049543565224,
            2.113036963589379e-176
        ],
        "spearman": [
            0.4626678713683757,
            1.9105314575911767e-254
        ],
        "count": 4822
    },
    "G41814_avg": {
        "pearson": [
            0.4109893607617274,
            4.624312023477251e-205
        ],
        "spearman": [
            0.4154719827042613,
            5.808699922400375e-210
        ],
        "count": 5049
    },
    "Kan11_avg": {
        "pearson": [
            0.2696711024859088,
            4.144422381763285e-82
        ],
        "spearman": [
            0.3156833977284805,
            2.0621750620398632e-113
        ],
        "count": 4882
    },
    "Kan12_avg": {
        "pearson": [
            0.38620836088769234,
            3.725361737307435e-168
        ],
        "spearman": [
            0.46208126992514725,
            5.034735077940161e-249
        ],
        "count": 4732
    },
    "Kan14_avg": {
        "pearson": [
            0.40988240148390676,
            1.0480065706333115e-195
        ],
        "spearman": [
            0.46008738422864703,
            1.8233260496419622e-252
        ],
        "count": 4845
    },
    "Kan18_avg": {
        "pearson": [
            0.42978896293059654,
            3.255487885163608e-226
        ],
        "spearman": [
            0.44222104474485874,
            6.665116424864526e-241
        ],
        "count": 5051
    },
    "Neo11_avg": {
        "pearson": [
            0.2397308826377208,
            1.0033088889818781e-65
        ],
        "spearman": [
            0.2628108941427455,
            4.3812548402998614e-79
        ],
        "count": 4956
    },
    "Neo12_avg": {
        "pearson": [
            0.4059128178592647,
            5.230331318990302e-192
        ],
        "spearman": [
            0.482724287100991,
            6.304196637921542e-282
        ],
        "count": 4855
    },
    "Neo14_avg": {
        "pearson": [
            0.4522472852482562,
            2.3053203309753804e-251
        ],
        "spearman": [
            0.4715540963348304,
            4.620180015249568e-276
        ],
        "count": 5014
    },
    "Neo18_avg": {
        "pearson": [
            0.39617745705165575,
            1.4086277233599483e-189
        ],
        "spearman": [
            0.38094309175363306,
            2.912579454916178e-174
        ],
        "count": 5054
    },
    "Paro11_avg": {
        "pearson": [
            0.15119684360672359,
            2.8299661824757762e-27
        ],
        "spearman": [
            0.16200657456524645,
            4.053532557098017e-31
        ],
        "count": 5063
    },
    "Paro12_avg": {
        "pearson": [
            0.2978350102580931,
            1.8673949352349689e-100
        ],
        "spearman": [
            0.3628985116086951,
            1.1005309368238329e-151
        ],
        "count": 4876
    },
    "Paro14_avg": {
        "pearson": [
            0.3888742098579104,
            2.5064051562364517e-174
        ],
        "spearman": [
            0.4556768414832779,
            1.3973434690241899e-246
        ],
        "count": 4835
    },
    "Paro18_avg": {
        "pearson": [
            0.43550956690732506,
            4.262307033046174e-228
        ],
        "spearman": [
            0.48100189990680003,
            7.511061253352158e-285
        ],
        "count": 4946
    },
    "Ribo11_avg": {
        "pearson": [
            0.28591102537761276,
            1.2086671041811634e-92
        ],
        "spearman": [
            0.36382019520817593,
            6.187320024193402e-153
        ],
        "count": 4890
    },
    "Ribo12_avg": {
        "pearson": [
            0.4252046301021795,
            3.101957369508342e-213
        ],
        "spearman": [
            0.4995777210711753,
            4.635170028030749e-306
        ],
        "count": 4873
    },
    "Ribo14_avg": {
        "pearson": [
            0.4671539777707063,
            1.0142154786483384e-270
        ],
        "spearman": [
            0.4972376546986573,
            0.0
        ],
        "count": 5022
    },
    "Ribo18_avg": {
        "pearson": [
            0.46020393656039377,
            2.4766259867264532e-262
        ],
        "spearman": [
            0.45569800878640576,
            1.2683436437012998e-256
        ],
        "count": 5033
    }
}