{
    "enrichment": {
        "pearson": [
            0.42173541299870954,
            5.544385366093903e-151
        ],
        "spearman": [
            0.5554395182691189,
            1.46984323165926e-282
        ],
        "count": 3500
    }
}