{
    "enrichment": {
        "pearson": [
            0.42408091777756857,
            2.383439024929087e-136
        ],
        "spearman": [
            0.564102005594073,
            1.698490937883456e-261
        ],
        "count": 3118
    }
}