{
    "enrichment": {
        "pearson": [
            0.4312889426751228,
            1.8370234695174524e-141
        ],
        "spearman": [
            0.5669499912444137,
            1.0554924565151982e-264
        ],
        "count": 3118
    }
}