{
    "myoglobin": {
        "pearson": [
            -0.7768435672269767,
            4.884602347363986e-24
        ],
        "spearman": [
            -0.7990418190477848,
            2.823166186976546e-26
        ],
        "precision": 0.7391304347826086,
        "recall": 0.53125,
        "auroc": 0.8977623456790123,
        "accuracy": 0.8141592920353983,
        "count": 113,
        "num_stabilizing": 32,
        "num_destabilizing": 81
    },
    "p53": {
        "pearson": [
            -0.7435978646762333,
            1.6834799899377645e-08
        ],
        "spearman": [
            -0.6738249616938794,
            1.0027209970795216e-06
        ],
        "precision": 0.5454545454545454,
        "recall": 0.5454545454545454,
        "auroc": 0.8093841642228738,
        "accuracy": 0.7619047619047619,
        "count": 42,
        "num_stabilizing": 11,
        "num_destabilizing": 31
    },
    "s669": {
        "pearson": [
            -0.46028062231071415,
            1.115720436542365e-33
        ],
        "spearman": [
            -0.4728221170660267,
            1.0921107932529443e-35
        ],
        "precision": 0.547945205479452,
        "recall": 0.4878048780487805,
        "auroc": 0.7273461476336617,
        "accuracy": 0.7568881685575365,
        "count": 617,
        "num_stabilizing": 164,
        "num_destabilizing": 453
    },
    "ssym": {
        "pearson": [
            -0.6917818341981933,
            1.3966420320857556e-49
        ],
        "spearman": [
            -0.7043384426473773,
            4.3134300997364635e-52
        ],
        "precision": 0.6276595744680851,
        "recall": 0.686046511627907,
        "auroc": 0.8634525232098539,
        "accuracy": 0.8171091445427728,
        "count": 339,
        "num_stabilizing": 86,
        "num_destabilizing": 253
    },
    "t2226": {
        "pearson": [
            -0.5874227365175353,
            1.0511202907775449e-157
        ],
        "spearman": [
            -0.6125432550320616,
            4.9156793850499944e-175
        ],
        "precision": 0.4767123287671233,
        "recall": 0.6020761245674741,
        "auroc": 0.8230787228016598,
        "accuracy": 0.8193624557260921,
        "count": 1694,
        "num_stabilizing": 289,
        "num_destabilizing": 1405
    },
    "overall": {
        "pearson": [
            -0.5781572150259009,
            5.914721542804149e-250
        ],
        "spearman": [
            -0.5996923927149803,
            1.2941466605179393e-273
        ],
        "precision": 0.5258215962441315,
        "recall": 0.5773195876288659,
        "auroc": 0.8083686173756712,
        "accuracy": 0.8042780748663102,
        "count": 2805,
        "num_stabilizing": 582,
        "num_destabilizing": 2223
    }
}