{
    "Overall": {
        "all_types_of_mutations": {
            "Pr": -0.19543090926717868,
            "Pr_pval": 0.00014866486727357754,
            "Sr": -0.29564288900665,
            "Sr_pval": 6.1208455273345765e-09,
            "num": 372.0,
            "num_struc": 39.0
        },
        "single_point_mutations": {
            "Pr": -0.1927439478926844,
            "Pr_pval": 0.00175813037321108,
            "Sr": -0.2544796008587713,
            "Sr_pval": 3.1796304347629427e-05,
            "num": 261.0,
            "num_struc": 36.0
        },
        "multi_point_mutations": {
            "Pr": -0.31158171544633606,
            "Pr_pval": 0.000872122358988233,
            "Sr": -0.22341030009634263,
            "Sr_pval": 0.018423140485437417,
            "num": 111.0,
            "num_struc": 16.0
        }
    },
    "Per-Structure": {
        "all_types_of_mutations": {
            "Pr": -0.18586905823380076,
            "Pr_std": 0.14364144029888692,
            "Pr_pval": 0.0026344173584969717,
            "Sr": -0.20297942726799034,
            "Sr_std": 0.266309842854869,
            "Sr_pval": 2.590540744851927e-07,
            "num": 266.0,
            "num_struc": 8.0
        },
        "single_point_mutations": {
            "Pr": -0.2240020762582098,
            "Pr_std": 0.16327492906768531,
            "Pr_pval": 0.014098958529141177,
            "Sr": -0.29706484915561765,
            "Sr_std": 0.19023817634609455,
            "Sr_pval": 0.00014420404733687202,
            "num": 180.0,
            "num_struc": 7.0
        },
        "multi_point_mutations": {
            "Pr": -0.0402709957730811,
            "Pr_std": 0.5112351731180753,
            "Pr_pval": 3.827246899856027e-06,
            "Sr": -0.04315253031607694,
            "Sr_std": 0.4620335215990419,
            "Sr_pval": 4.377043674248774e-05,
            "num": 79.0,
            "num_struc": 2.0
        }
    }
}