{
    "Overall": {
        "all_types_of_mutations": {
            "Pr": -0.18421509969050062,
            "Pr_pval": 0.0003547142300646683,
            "Sr": -0.2970754951511927,
            "Sr_pval": 5.129010911758055e-09,
            "num": 372.0,
            "num_struc": 39.0
        },
        "single_point_mutations": {
            "Pr": -0.20181081720888258,
            "Pr_pval": 0.0010435964135571698,
            "Sr": -0.25973708264944717,
            "Sr_pval": 2.1454192580216593e-05,
            "num": 261.0,
            "num_struc": 36.0
        },
        "multi_point_mutations": {
            "Pr": -0.23906770682535752,
            "Pr_pval": 0.011504882989174986,
            "Sr": -0.20894422210000257,
            "Sr_pval": 0.027750431873010534,
            "num": 111.0,
            "num_struc": 16.0
        }
    },
    "Per-Structure": {
        "all_types_of_mutations": {
            "Pr": -0.2526305145853883,
            "Pr_std": 0.20694341276215855,
            "Pr_pval": 0.0004994708558255517,
            "Sr": -0.22855906285939553,
            "Sr_std": 0.294168973845179,
            "Sr_pval": 2.1939799942448864e-07,
            "num": 266.0,
            "num_struc": 8.0
        },
        "single_point_mutations": {
            "Pr": -0.29248799111044793,
            "Pr_std": 0.2278054123857924,
            "Pr_pval": 0.0013626807472182055,
            "Sr": -0.31763604421826275,
            "Sr_std": 0.24088319605608488,
            "Sr_pval": 3.5211306417890666e-05,
            "num": 180.0,
            "num_struc": 7.0
        },
        "multi_point_mutations": {
            "Pr": -0.06798267149049608,
            "Pr_std": 0.39636637859304835,
            "Pr_pval": 0.0004166183778917488,
            "Sr": -0.04202567202946794,
            "Sr_std": 0.4179445103603339,
            "Sr_pval": 0.0003106974258945533,
            "num": 79.0,
            "num_struc": 2.0
        }
    }
}