{
    "fitness": {
        "pearson": [
            0.37247416068548067,
            3.4595465650639193e-51
        ],
        "spearman": [
            0.3453766527130582,
            8.484581832753944e-44
        ],
        "count": 1519
    }
}