{
    "fitness": {
        "pearson": [
            0.35802270989031354,
            3.708447048854663e-47
        ],
        "spearman": [
            0.3318480524125603,
            2.2641190704405513e-40
        ],
        "count": 1519
    }
}