{
    "overall": {
        "pearson": [
            -0.4487817424702899,
            8.4994340097740985e-19
        ],
        "spearman": [
            -0.40855523461107734,
            1.489578275238864e-15
        ],
        "count": 351
    }
}