{
    "myoglobin": {
        "pearson": [
            -0.5029163579740443,
            1.3734712360337596e-08
        ],
        "spearman": [
            -0.4530775967614317,
            4.6798967955449323e-07
        ],
        "precision": 0.38636363636363635,
        "recall": 0.53125,
        "auroc": 0.7145061728395061,
        "accuracy": 0.6283185840707964,
        "count": 113,
        "num_stabilizing": 32,
        "num_destabilizing": 81
    },
    "p53": {
        "pearson": [
            0.003126298858474697,
            0.9843231209100077
        ],
        "spearman": [
            0.20599675918530863,
            0.19059817415845942
        ],
        "precision": 0.23529411764705882,
        "recall": 0.36363636363636365,
        "auroc": 0.4340175953079179,
        "accuracy": 0.5238095238095238,
        "count": 42,
        "num_stabilizing": 11,
        "num_destabilizing": 31
    },
    "s669": {
        "pearson": [
            -0.2491343298563683,
            3.4957559857886663e-10
        ],
        "spearman": [
            -0.2795723884539961,
            1.528865899109059e-12
        ],
        "precision": 0.34576271186440677,
        "recall": 0.6219512195121951,
        "auroc": 0.6294957734345555,
        "accuracy": 0.586709886547812,
        "count": 617,
        "num_stabilizing": 164,
        "num_destabilizing": 453
    },
    "ssym": {
        "pearson": [
            -0.4209311258974228,
            5.45042117170156e-16
        ],
        "spearman": [
            -0.40154084863423656,
            1.448876410119401e-14
        ],
        "precision": 0.41721854304635764,
        "recall": 0.7325581395348837,
        "auroc": 0.7125195330453167,
        "accuracy": 0.672566371681416,
        "count": 339,
        "num_stabilizing": 86,
        "num_destabilizing": 253
    },
    "t2226": {
        "pearson": [
            -0.3479146286329122,
            2.1893292320201596e-49
        ],
        "spearman": [
            -0.31523093688980747,
            2.1517608023900733e-40
        ],
        "precision": 0.23484848484848486,
        "recall": 0.643598615916955,
        "auroc": 0.6446440665443485,
        "accuracy": 0.5814639905548996,
        "count": 1694,
        "num_stabilizing": 289,
        "num_destabilizing": 1405
    },
    "overall": {
        "pearson": [
            -0.3261419092000347,
            1.6291298881007095e-70
        ],
        "spearman": [
            -0.3068051898225623,
            3.295818003828909e-62
        ],
        "precision": 0.2863741339491917,
        "recall": 0.6391752577319587,
        "auroc": 0.6475680676711605,
        "accuracy": 0.5946524064171123,
        "count": 2805,
        "num_stabilizing": 582,
        "num_destabilizing": 2223
    }
}