{
    "1AMQ": {
        "pearson": [
            -0.7749077050465311,
            0.22509229495346883
        ],
        "spearman": [
            -0.7999999999999999,
            0.20000000000000007
        ],
        "count": 4
    },
    "1BNI": {
        "pearson": [
            -0.6102193493131794,
            0.02677297902344584
        ],
        "spearman": [
            -0.5922887488327018,
            0.032936397467739034
        ],
        "count": 13
    },
    "1CEY": {
        "pearson": [
            0.9911803876169557,
            0.08461348442217864
        ],
        "spearman": [
            1.0,
            0.0
        ],
        "count": 3
    },
    "1EY0": {
        "pearson": [
            -0.7552700862071877,
            3.392734241738584e-06
        ],
        "spearman": [
            -0.5603178089900429,
            0.0019283772417423707
        ],
        "count": 28
    },
    "1IHB": {
        "pearson": [
            -0.9422699401254079,
            0.21737416010072302
        ],
        "spearman": [
            -1.0,
            0.0
        ],
        "count": 3
    },
    "1L63": {
        "pearson": [
            -0.722632380424547,
            2.5290479510046062e-20
        ],
        "spearman": [
            -0.741051939555303,
            8.499030444492061e-22
        ],
        "count": 118
    },
    "1LZ1": {
        "pearson": [
            -0.5786760396291184,
            8.37378949250486e-07
        ],
        "spearman": [
            -0.548125947841195,
            3.9979966532980685e-06
        ],
        "count": 62
    },
    "1OH0": {
        "pearson": [
            -1.0,
            1.0
        ],
        "spearman": [
            -0.9999999999999999,
            NaN
        ],
        "count": 2
    },
    "1VQB": {
        "pearson": [
            -0.05163489569540103,
            0.9342856344558288
        ],
        "spearman": [
            -0.09999999999999999,
            0.8728885715695383
        ],
        "count": 5
    },
    "2LZM": {
        "pearson": [
            -0.7241973032027029,
            6.3306975099470515e-12
        ],
        "spearman": [
            -0.7577154679665487,
            1.7769242451338787e-13
        ],
        "count": 66
    },
    "2RN2": {
        "pearson": [
            -0.5878016470292279,
            0.010305479673247308
        ],
        "spearman": [
            -0.4616999490490125,
            0.053755633010027455
        ],
        "count": 18
    },
    "3ZCF": {
        "pearson": [
            1.0,
            1.0
        ],
        "spearman": [
            0.9999999999999999,
            NaN
        ],
        "count": 2
    },
    "4BVM": {
        "pearson": [
            -0.02102760106918719,
            0.9732287999230814
        ],
        "spearman": [
            -0.09999999999999999,
            0.8728885715695383
        ],
        "count": 5
    },
    "4LYZ": {
        "pearson": [
            -0.39644011545578794,
            0.16051398476774262
        ],
        "spearman": [
            -0.36243647079204844,
            0.20283337037048169
        ],
        "count": 14
    },
    "5PTI": {
        "pearson": [
            0.06883957376925677,
            0.9124200083875643
        ],
        "spearman": [
            0.3,
            0.6238376647810728
        ],
        "count": 5
    },
    "overall": {
        "pearson": [
            -0.66828867999618,
            6.817541543708623e-47
        ],
        "spearman": [
            -0.6944136255156159,
            5.801113350453263e-52
        ],
        "count": 352
    }
}