{
    "log2_ratio": {
        "pearson": [
            0.11272759671561007,
            0.0007090796779584314
        ],
        "spearman": [
            0.07395422671275159,
            0.026599477269582214
        ],
        "count": 899
    }
}