{
    "log2_ratio": {
        "pearson": [
            0.02105753868450405,
            0.5283239606052927
        ],
        "spearman": [
            -0.054426681914616956,
            0.1029258793452442
        ],
        "count": 899
    }
}