{
    "1AMQ": {
        "pearson": [
            -0.053061756994131654,
            0.9469382430058684
        ],
        "spearman": [
            0.0,
            1.0
        ],
        "count": 4
    },
    "1BNI": {
        "pearson": [
            -0.19323565448788327,
            0.5270435635740592
        ],
        "spearman": [
            -0.2176316798036439,
            0.4750727787911655
        ],
        "count": 13
    },
    "1CEY": {
        "pearson": [
            -0.9370709686121717,
            0.2270517546548385
        ],
        "spearman": [
            -1.0,
            0.0
        ],
        "count": 3
    },
    "1EY0": {
        "pearson": [
            -0.7642307318324081,
            2.208748459590043e-06
        ],
        "spearman": [
            -0.5460770826618502,
            0.0026461631280148396
        ],
        "count": 28
    },
    "1IHB": {
        "pearson": [
            0.665097530503081,
            0.5367799099794459
        ],
        "spearman": [
            0.5,
            0.6666666666666667
        ],
        "count": 3
    },
    "1L63": {
        "pearson": [
            -0.4681960186320967,
            8.977542618391934e-08
        ],
        "spearman": [
            -0.5049326818506613,
            5.51937723787214e-09
        ],
        "count": 118
    },
    "1LZ1": {
        "pearson": [
            -0.45931229098022014,
            0.000173228766103934
        ],
        "spearman": [
            -0.41332266645908894,
            0.0008410425657397441
        ],
        "count": 62
    },
    "1OH0": {
        "pearson": [
            1.0,
            1.0
        ],
        "spearman": [
            0.9999999999999999,
            NaN
        ],
        "count": 2
    },
    "1VQB": {
        "pearson": [
            -0.4680719117304336,
            0.4265721888277977
        ],
        "spearman": [
            -0.49999999999999994,
            0.39100221895577053
        ],
        "count": 5
    },
    "2LZM": {
        "pearson": [
            -0.10797248583148226,
            0.39193243160070257
        ],
        "spearman": [
            -0.1938312908081461,
            0.12183697931885383
        ],
        "count": 65
    },
    "2RN2": {
        "pearson": [
            0.17393144367353963,
            0.5043689692997372
        ],
        "spearman": [
            -0.12300206743612435,
            0.6381308291823966
        ],
        "count": 17
    },
    "3ZCF": {
        "pearson": [
            -1.0,
            1.0
        ],
        "spearman": [
            -0.9999999999999999,
            NaN
        ],
        "count": 2
    },
    "4BVM": {
        "pearson": [
            -0.2882741887037381,
            0.8138370845170703
        ],
        "spearman": [
            0.5,
            0.6666666666666667
        ],
        "count": 3
    },
    "4LYZ": {
        "pearson": [
            -0.27867025759795727,
            0.3346587905094544
        ],
        "spearman": [
            -0.41326597584215274,
            0.14190250398696208
        ],
        "count": 14
    },
    "5PTI": {
        "pearson": [
            -0.3182362231958627,
            0.6017561440087404
        ],
        "spearman": [
            -0.19999999999999998,
            0.747060078104662
        ],
        "count": 5
    },
    "overall": {
        "pearson": [
            -0.422802271603282,
            1.7657824818000924e-16
        ],
        "spearman": [
            -0.4185525168446518,
            3.7727219738435315e-16
        ],
        "count": 347
    }
}