{
    "CRIPT": {
        "pearson": [
            0.4704871610744884,
            3.908951414767762e-92
        ],
        "spearman": [
            0.3727184921339141,
            8.0011586672162205e-56
        ],
        "count": 1659
    },
    "Tm2F": {
        "pearson": [
            0.41529893993614636,
            3.5895849692702516e-70
        ],
        "spearman": [
            0.2771252870009072,
            1.243443403120613e-30
        ],
        "count": 1659
    }
}