{
    "myoglobin": {
        "pearson": [
            -0.7637782623462871,
            7.753947914398148e-23
        ],
        "spearman": [
            -0.8104202237909055,
            1.5553087693077662e-27
        ],
        "precision": 0.7368421052631579,
        "recall": 0.4375,
        "auroc": 0.9039351851851852,
        "accuracy": 0.7964601769911505,
        "count": 113,
        "num_stabilizing": 32,
        "num_destabilizing": 81
    },
    "p53": {
        "pearson": [
            -0.7862385821430554,
            6.820859080144082e-10
        ],
        "spearman": [
            -0.7536466799462511,
            8.384664573997453e-09
        ],
        "precision": 0.5714285714285714,
        "recall": 0.36363636363636365,
        "auroc": 0.8504398826979471,
        "accuracy": 0.7619047619047619,
        "count": 42,
        "num_stabilizing": 11,
        "num_destabilizing": 31
    },
    "s669": {
        "pearson": [
            -0.5334692757876518,
            3.459600229133049e-44
        ],
        "spearman": [
            -0.5672717414386227,
            5.946618766899218e-51
        ],
        "precision": 0.5315315315315315,
        "recall": 0.427536231884058,
        "auroc": 0.790555284155675,
        "accuracy": 0.7753001715265866,
        "count": 583,
        "num_stabilizing": 138,
        "num_destabilizing": 445
    },
    "ssym": {
        "pearson": [
            -0.7074696315146256,
            9.729955159218625e-53
        ],
        "spearman": [
            -0.7180595564401914,
            5.443830029022423e-55
        ],
        "precision": 0.6404494382022472,
        "recall": 0.6627906976744186,
        "auroc": 0.8719551429359316,
        "accuracy": 0.8200589970501475,
        "count": 339,
        "num_stabilizing": 86,
        "num_destabilizing": 253
    },
    "t2226": {
        "pearson": [
            -0.5736077232429144,
            1.2216477774095172e-144
        ],
        "spearman": [
            -0.6046818383594662,
            1.0761892843809955e-164
        ],
        "precision": 0.4935064935064935,
        "recall": 0.5390070921985816,
        "auroc": 0.8258303695846592,
        "accuracy": 0.8262454434993924,
        "count": 1646,
        "num_stabilizing": 282,
        "num_destabilizing": 1364
    },
    "overall": {
        "pearson": [
            -0.5832950263159393,
            5.0021550100488415e-248
        ],
        "spearman": [
            -0.6178437758345388,
            1.951708276289832e-286
        ],
        "precision": 0.5355805243445693,
        "recall": 0.5209471766848816,
        "auroc": 0.8283137526957938,
        "accuracy": 0.8123393316195373,
        "count": 2723,
        "num_stabilizing": 549,
        "num_destabilizing": 2174
    }
}