{
    "fitness": {
        "pearson": [
            0.09044547005595253,
            0.0004165232508537564
        ],
        "spearman": [
            0.1056335656164232,
            3.7048304952941176e-05
        ],
        "count": 1519
    }
}