{
    "fitness_min": {
        "pearson": [
            0.5274772346983452,
            7.223449567361188e-104
        ],
        "spearman": [
            0.2386091426019298,
            4.4562463184478644e-20
        ],
        "count": 1439
    },
    "fitness_rich": {
        "pearson": [
            0.496378498349056,
            2.2678103252961993e-90
        ],
        "spearman": [
            0.31417966542927506,
            2.4763931415936655e-34
        ],
        "count": 1439
    }
}