{
    "fitness_min": {
        "pearson": [
            0.5315813451581403,
            2.206105260167729e-104
        ],
        "spearman": [
            0.26519022219118266,
            2.7862427608080274e-24
        ],
        "count": 1420
    },
    "fitness_rich": {
        "pearson": [
            0.48629211814640094,
            3.612539403352429e-85
        ],
        "spearman": [
            0.2856086141371096,
            4.632005862510209e-28
        ],
        "count": 1420
    }
}