{
    "1AMQ": {
        "pearson": [
            -0.32898907493360197,
            0.671010925066398
        ],
        "spearman": [
            -0.39999999999999997,
            0.6
        ],
        "count": 4
    },
    "1BNI": {
        "pearson": [
            -0.4668438981099723,
            0.10777085579234105
        ],
        "spearman": [
            -0.4490375165568855,
            0.12374623528809837
        ],
        "count": 13
    },
    "1CEY": {
        "pearson": [
            -0.7390300150897542,
            0.470568298173463
        ],
        "spearman": [
            -0.5,
            0.6666666666666667
        ],
        "count": 3
    },
    "1EY0": {
        "pearson": [
            -0.6322985467497831,
            0.00030638801730356125
        ],
        "spearman": [
            -0.6537041104883834,
            0.000161732884399161
        ],
        "count": 28
    },
    "1IHB": {
        "pearson": [
            0.21447652567680606,
            0.8623909106884052
        ],
        "spearman": [
            0.5,
            0.6666666666666667
        ],
        "count": 3
    },
    "1L63": {
        "pearson": [
            -0.3866201125070792,
            1.529101138278276e-05
        ],
        "spearman": [
            -0.41294836801945006,
            3.365541412051222e-06
        ],
        "count": 118
    },
    "1LZ1": {
        "pearson": [
            -0.5541082980809371,
            2.9796580993455807e-06
        ],
        "spearman": [
            -0.289931837443477,
            0.022265738815003433
        ],
        "count": 62
    },
    "1OH0": {
        "pearson": [
            -1.0,
            1.0
        ],
        "spearman": [
            -0.9999999999999999,
            NaN
        ],
        "count": 2
    },
    "1VQB": {
        "pearson": [
            -0.40080783343898707,
            0.5036890610994488
        ],
        "spearman": [
            -0.49999999999999994,
            0.39100221895577053
        ],
        "count": 5
    },
    "2LZM": {
        "pearson": [
            -0.42947491857155,
            0.0003200568199640023
        ],
        "spearman": [
            -0.4998799917128527,
            1.925437371069391e-05
        ],
        "count": 66
    },
    "2RN2": {
        "pearson": [
            0.016137588167101376,
            0.9493250450672668
        ],
        "spearman": [
            -0.16149146199920617,
            0.5220515657291438
        ],
        "count": 18
    },
    "3ZCF": {
        "pearson": [
            -1.0,
            1.0
        ],
        "spearman": [
            -0.9999999999999999,
            NaN
        ],
        "count": 2
    },
    "4BVM": {
        "pearson": [
            -0.6096040030988779,
            0.2750188321646085
        ],
        "spearman": [
            -0.3,
            0.6238376647810728
        ],
        "count": 5
    },
    "4LYZ": {
        "pearson": [
            -0.43104415549121466,
            0.12386306576323014
        ],
        "spearman": [
            -0.6143740175621308,
            0.0194040487389069
        ],
        "count": 14
    },
    "5PTI": {
        "pearson": [
            0.11228539822294177,
            0.8573347813299876
        ],
        "spearman": [
            0.3,
            0.6238376647810728
        ],
        "count": 5
    },
    "overall": {
        "pearson": [
            -0.4762049713286337,
            2.5211458955713016e-21
        ],
        "spearman": [
            -0.4472193761111571,
            1.0340197505118161e-18
        ],
        "count": 352
    }
}