{
    "screenscore": {
        "pearson": [
            0.17612762607709612,
            3.902780463890835e-15
        ],
        "spearman": [
            0.13146803974911458,
            5.066248183033241e-09
        ],
        "count": 1962
    }
}