{
    "screenscore": {
        "pearson": [
            0.023379132591828694,
            0.31357520012942525
        ],
        "spearman": [
            0.025168381800776317,
            0.2779672754676897
        ],
        "count": 1860
    }
}