{
    "function_score": {
        "pearson": [
            0.4301431349186447,
            1.671441619561234e-34
        ],
        "spearman": [
            0.40894692141519545,
            4.848824893039768e-31
        ],
        "count": 736
    }
}