{
    "selection_coefficient": {
        "pearson": [
            0.138327543417913,
            7.552587664908119e-07
        ],
        "spearman": [
            0.20010265353575446,
            6.286638479712813e-13
        ],
        "count": 1269
    }
}