{
    "selection_coefficient": {
        "pearson": [
            0.14692279482283327,
            1.4624104159701588e-07
        ],
        "spearman": [
            0.23728956597315082,
            1.0594783336109178e-17
        ],
        "count": 1269
    }
}