{
    "selection_coefficient": {
        "pearson": [
            0.14741560313499597,
            1.3271336054237985e-07
        ],
        "spearman": [
            0.25079671758591787,
            1.1826983086658636e-19
        ],
        "count": 1269
    }
}