{
    "linear": {
        "pearson": [
            0.02689808629519652,
            0.6099860853420526
        ],
        "spearman": [
            0.06526030445997166,
            0.21546089774308683
        ],
        "count": 362
    }
}