{
    "react_rel": {
        "pearson": [
            0.31281036226323256,
            6.064970674529217e-34
        ],
        "spearman": [
            0.37106925067760993,
            4.512231218480293e-48
        ],
        "count": 1435
    }
}