{
    "react_rel": {
        "pearson": [
            0.30153140578469356,
            1.511588826059524e-31
        ],
        "spearman": [
            0.3379212110746913,
            1.1531131748795949e-39
        ],
        "count": 1435
    }
}