{
    "react_rel": {
        "pearson": [
            0.32665759149327545,
            4.953764642040905e-37
        ],
        "spearman": [
            0.40538787021891454,
            7.06016675925933e-58
        ],
        "count": 1435
    }
}