{
    "overall": {
        "pearson": [
            -0.4773920321111484,
            2.2180473995995897e-21
        ],
        "spearman": [
            -0.46598688240222486,
            2.5409778508076223e-20
        ],
        "count": 351
    }
}