{
    "1AMQ": {
        "pearson": [
            -0.6137134580396109,
            0.38628654196038914
        ],
        "spearman": [
            -0.7999999999999999,
            0.20000000000000007
        ],
        "count": 4
    },
    "1BNI": {
        "pearson": [
            -0.6872628767801067,
            0.009443810924878612
        ],
        "spearman": [
            -0.7493141380581158,
            0.003194060415061704
        ],
        "count": 13
    },
    "1CEY": {
        "pearson": [
            0.8723424639192754,
            0.3251999937624305
        ],
        "spearman": [
            0.5,
            0.6666666666666667
        ],
        "count": 3
    },
    "1EY0": {
        "pearson": [
            -0.10007630584387091,
            0.6123754159711714
        ],
        "spearman": [
            -0.02273039010076909,
            0.9085967163548977
        ],
        "count": 28
    },
    "1IHB": {
        "pearson": [
            -0.342921728361229,
            0.7771668682228318
        ],
        "spearman": [
            -0.5,
            0.6666666666666667
        ],
        "count": 3
    },
    "1L63": {
        "pearson": [
            -0.6391644542226146,
            6.761331707400126e-15
        ],
        "spearman": [
            -0.6300350024570898,
            2.1121475123407345e-14
        ],
        "count": 118
    },
    "1LZ1": {
        "pearson": [
            -0.5600230814502097,
            2.2155168056165088e-06
        ],
        "spearman": [
            -0.5397433500852745,
            5.979362267977714e-06
        ],
        "count": 62
    },
    "1OH0": {
        "pearson": [
            -1.0,
            1.0
        ],
        "spearman": [
            -0.9999999999999999,
            NaN
        ],
        "count": 2
    },
    "1VQB": {
        "pearson": [
            -0.04955807102829951,
            0.9369265423999834
        ],
        "spearman": [
            0.09999999999999999,
            0.8728885715695383
        ],
        "count": 5
    },
    "2LZM": {
        "pearson": [
            -0.6231111003501215,
            2.3053211291970704e-08
        ],
        "spearman": [
            -0.6756693118806351,
            4.847802274240035e-10
        ],
        "count": 66
    },
    "2RN2": {
        "pearson": [
            -0.24531673468839388,
            0.32650713812683907
        ],
        "spearman": [
            -0.2184275543707212,
            0.38388291939590546
        ],
        "count": 18
    },
    "3ZCF": {
        "pearson": [
            1.0,
            1.0
        ],
        "spearman": [
            0.9999999999999999,
            NaN
        ],
        "count": 2
    },
    "4BVM": {
        "pearson": [
            0.6948592446725088,
            0.19281117645963614
        ],
        "spearman": [
            0.49999999999999994,
            0.39100221895577053
        ],
        "count": 5
    },
    "4LYZ": {
        "pearson": [
            -0.22721557788241076,
            0.4346844887208886
        ],
        "spearman": [
            -0.32928679358545854,
            0.25029496842655863
        ],
        "count": 14
    },
    "5PTI": {
        "pearson": [
            0.22765122302191168,
            0.7126689150097444
        ],
        "spearman": [
            -0.3,
            0.6238376647810728
        ],
        "count": 5
    },
    "overall": {
        "pearson": [
            -0.5451938350796051,
            1.207269239145545e-28
        ],
        "spearman": [
            -0.585194237864549,
            9.936410370504722e-34
        ],
        "count": 352
    }
}