{
    "acetamide_normalized_fitness": {
        "pearson": [
            0.06734827827813632,
            4.0511957691774033e-08
        ],
        "spearman": [
            0.06922816417403051,
            1.679183843347674e-08
        ],
        "count": 6629
    },
    "isobutyramide_normalized_fitness": {
        "pearson": [
            0.1107927172240505,
            2.156239166243864e-19
        ],
        "spearman": [
            0.10336817748149016,
            4.533842606289177e-17
        ],
        "count": 6568
    },
    "propionamide_normalized_fitness": {
        "pearson": [
            0.05366840608449472,
            1.2277735072036859e-05
        ],
        "spearman": [
            0.0579740609575506,
            2.3128882632162194e-06
        ],
        "count": 6631
    }
}