{
    "acetamide_normalized_fitness": {
        "pearson": [
            0.07238538994790655,
            3.822734095741119e-09
        ],
        "spearman": [
            0.07846290625941973,
            1.6825975696761687e-10
        ],
        "count": 6610
    },
    "isobutyramide_normalized_fitness": {
        "pearson": [
            0.12081354461785344,
            1.0168345437464922e-22
        ],
        "spearman": [
            0.10923618630782922,
            7.704881724791326e-19
        ],
        "count": 6548
    },
    "propionamide_normalized_fitness": {
        "pearson": [
            0.06187684142357574,
            4.779506462592403e-07
        ],
        "spearman": [
            0.06381102432800696,
            2.073088501914583e-07
        ],
        "count": 6611
    }
}