{
    "Overall": {
        "all_types_of_mutations": {
            "Pr": -0.21255774376176753,
            "Pr_pval": 3.7560758704667796e-05,
            "Sr": -0.3028497915293578,
            "Sr_pval": 2.7489565425734183e-09,
            "num": 370.0,
            "num_struc": 38.0
        },
        "single_point_mutations": {
            "Pr": -0.24911409467273388,
            "Pr_pval": 5.038991450422644e-05,
            "Sr": -0.27766515789726215,
            "Sr_pval": 5.719476592344621e-06,
            "num": 259.0,
            "num_struc": 35.0
        },
        "multi_point_mutations": {
            "Pr": -0.30103180927916934,
            "Pr_pval": 0.001325150379603959,
            "Sr": -0.19966873259916462,
            "Sr_pval": 0.03563807044264271,
            "num": 111.0,
            "num_struc": 16.0
        }
    },
    "Per-Structure": {
        "all_types_of_mutations": {
            "Pr": -0.2360166628469787,
            "Pr_std": 0.15970631779995936,
            "Pr_pval": 0.0004598377406812586,
            "Sr": -0.28372377844796115,
            "Sr_std": 0.20731704321692845,
            "Sr_pval": 1.1494792762044079e-07,
            "num": 266.0,
            "num_struc": 8.0
        },
        "single_point_mutations": {
            "Pr": -0.263315653969419,
            "Pr_std": 0.19028620266080654,
            "Pr_pval": 0.0018629469285577447,
            "Sr": -0.3117314327999318,
            "Sr_std": 0.20895760101683,
            "Sr_pval": 1.4294993913556677e-05,
            "num": 180.0,
            "num_struc": 7.0
        },
        "multi_point_mutations": {
            "Pr": -0.28032290134315796,
            "Pr_std": 0.21874650323147707,
            "Pr_pval": 0.0006527155257483201,
            "Sr": -0.26899883047853657,
            "Sr_std": 0.17233398633631386,
            "Sr_pval": 0.003483988512818575,
            "num": 79.0,
            "num_struc": 2.0
        }
    }
}