{
    "Overall": {
        "all_types_of_mutations": {
            "Pr": -0.20707861741032785,
            "Pr_pval": 5.986452295803695e-05,
            "Sr": -0.3081367567984306,
            "Sr_pval": 1.4038976804156362e-09,
            "num": 370.0,
            "num_struc": 38.0
        },
        "single_point_mutations": {
            "Pr": -0.25419221685659693,
            "Pr_pval": 3.484586446846466e-05,
            "Sr": -0.2799321900438444,
            "Sr_pval": 4.760191466686701e-06,
            "num": 259.0,
            "num_struc": 35.0
        },
        "multi_point_mutations": {
            "Pr": -0.2617906286217117,
            "Pr_pval": 0.005511836963547323,
            "Sr": -0.22538304265593856,
            "Sr_pval": 0.017389616803365742,
            "num": 111.0,
            "num_struc": 16.0
        }
    },
    "Per-Structure": {
        "all_types_of_mutations": {
            "Pr": -0.268794098483339,
            "Pr_std": 0.20702888006813158,
            "Pr_pval": 0.0001358307935304665,
            "Sr": -0.3215462881540775,
            "Sr_std": 0.23056518064768405,
            "Sr_pval": 1.558978172088362e-08,
            "num": 266.0,
            "num_struc": 8.0
        },
        "single_point_mutations": {
            "Pr": -0.2942340748426374,
            "Pr_std": 0.2343546844062099,
            "Pr_pval": 0.0005164117768307329,
            "Sr": -0.35204536200793235,
            "Sr_std": 0.24910320710891506,
            "Sr_pval": 1.1056465252435374e-06,
            "num": 180.0,
            "num_struc": 7.0
        },
        "multi_point_mutations": {
            "Pr": -0.31819517471569353,
            "Pr_std": 0.13171529437172586,
            "Pr_pval": 0.0017412438843483773,
            "Sr": -0.3423655375412763,
            "Sr_std": 0.0874190772597416,
            "Sr_pval": 0.0020220215056339606,
            "num": 79.0,
            "num_struc": 2.0
        }
    }
}