{
    "1AMQ": {
        "pearson": [
            -0.6347035546067006,
            0.3652964453932994
        ],
        "spearman": [
            -0.7999999999999999,
            0.20000000000000007
        ],
        "count": 4
    },
    "1BNI": {
        "pearson": [
            -0.6899852288424267,
            0.009053494190872237
        ],
        "spearman": [
            -0.6666691963605295,
            0.012825366520641729
        ],
        "count": 13
    },
    "1CEY": {
        "pearson": [
            0.7387157873635544,
            0.47086516710704096
        ],
        "spearman": [
            0.5,
            0.6666666666666667
        ],
        "count": 3
    },
    "1EY0": {
        "pearson": [
            -0.48123477372768686,
            0.009525291481549552
        ],
        "spearman": [
            -0.31083123812497493,
            0.10740992503204148
        ],
        "count": 28
    },
    "1IHB": {
        "pearson": [
            -0.3455849830573418,
            0.7753610067787071
        ],
        "spearman": [
            -0.5,
            0.6666666666666667
        ],
        "count": 3
    },
    "1L63": {
        "pearson": [
            -0.7108678918951645,
            1.9213046469765894e-19
        ],
        "spearman": [
            -0.7441540123434937,
            4.665242146120763e-22
        ],
        "count": 118
    },
    "1LZ1": {
        "pearson": [
            -0.6377800393546433,
            2.4747444486013383e-08
        ],
        "spearman": [
            -0.6069303760747453,
            1.7006458102622872e-07
        ],
        "count": 62
    },
    "1OH0": {
        "pearson": [
            -1.0,
            1.0
        ],
        "spearman": [
            -0.9999999999999999,
            NaN
        ],
        "count": 2
    },
    "1VQB": {
        "pearson": [
            -0.051962976968328,
            0.933868469190156
        ],
        "spearman": [
            -0.09999999999999999,
            0.8728885715695383
        ],
        "count": 5
    },
    "2LZM": {
        "pearson": [
            -0.8066910601024312,
            2.9331104234545183e-16
        ],
        "spearman": [
            -0.8037306619220649,
            4.5423359120859e-16
        ],
        "count": 66
    },
    "2RN2": {
        "pearson": [
            -0.35957246114708075,
            0.14276780364137065
        ],
        "spearman": [
            -0.3333349407932332,
            0.17646098224431994
        ],
        "count": 18
    },
    "3ZCF": {
        "pearson": [
            -1.0,
            1.0
        ],
        "spearman": [
            -0.9999999999999999,
            NaN
        ],
        "count": 2
    },
    "4BVM": {
        "pearson": [
            -0.14843709405878536,
            0.811700376734494
        ],
        "spearman": [
            0.09999999999999999,
            0.8728885715695383
        ],
        "count": 5
    },
    "4LYZ": {
        "pearson": [
            -0.45116493628052984,
            0.1053978993359237
        ],
        "spearman": [
            -0.5856442973164196,
            0.027769763896815597
        ],
        "count": 14
    },
    "5PTI": {
        "pearson": [
            0.08154905614164328,
            0.8962837161540912
        ],
        "spearman": [
            -0.49999999999999994,
            0.39100221895577053
        ],
        "count": 5
    },
    "overall": {
        "pearson": [
            -0.6852540944121679,
            3.997794601968849e-50
        ],
        "spearman": [
            -0.7071867412756057,
            1.2061360608113054e-54
        ],
        "count": 352
    }
}