{
    "Ami11_avg": {
        "pearson": [
            0.007700490703515164,
            0.5836438651283071
        ],
        "spearman": [
            0.00581451094838284,
            0.6789943870238486
        ],
        "count": 5068
    },
    "Ami12_avg": {
        "pearson": [
            0.04578324763120528,
            0.0013382254423707583
        ],
        "spearman": [
            0.054174417692523014,
            0.0001468414043969125
        ],
        "count": 4906
    },
    "Ami14_avg": {
        "pearson": [
            0.06395380947191054,
            7.935121439141113e-06
        ],
        "spearman": [
            0.0807582701301379,
            1.660482204308601e-08
        ],
        "count": 4871
    },
    "Ami18_avg": {
        "pearson": [
            -0.03080010381088168,
            0.02814704581523775
        ],
        "spearman": [
            -0.02729532598407413,
            0.051734796485366205
        ],
        "count": 5080
    },
    "G41811_avg": {
        "pearson": [
            0.050841812784662245,
            0.00036733757307363615
        ],
        "spearman": [
            0.057973374399931395,
            4.844549942765165e-05
        ],
        "count": 4906
    },
    "G41812_avg": {
        "pearson": [
            0.10613096795396715,
            1.4819855316888044e-13
        ],
        "spearman": [
            0.12870029050419698,
            2.910576355408982e-19
        ],
        "count": 4822
    },
    "G41814_avg": {
        "pearson": [
            0.1512708544278187,
            3.143113153971812e-27
        ],
        "spearman": [
            0.14813796340721896,
            3.613060130723431e-26
        ],
        "count": 5049
    },
    "Kan11_avg": {
        "pearson": [
            0.042712660444296814,
            0.002835899033739599
        ],
        "spearman": [
            0.06101339338964574,
            1.9903674981482378e-05
        ],
        "count": 4882
    },
    "Kan12_avg": {
        "pearson": [
            0.09695117521453224,
            2.3376015979559535e-11
        ],
        "spearman": [
            0.1143616014366761,
            3.0049074303720377e-15
        ],
        "count": 4732
    },
    "Kan14_avg": {
        "pearson": [
            0.13187222527663223,
            3.0549543214130204e-20
        ],
        "spearman": [
            0.14408571938538645,
            6.822270895999606e-24
        ],
        "count": 4845
    },
    "Kan18_avg": {
        "pearson": [
            0.16400854741477505,
            8.65525925020796e-32
        ],
        "spearman": [
            0.1566045495847095,
            4.249400747876672e-29
        ],
        "count": 5051
    },
    "Neo11_avg": {
        "pearson": [
            0.048679693588320534,
            0.0006076804016662479
        ],
        "spearman": [
            0.05744913039531065,
            5.195017830637469e-05
        ],
        "count": 4956
    },
    "Neo12_avg": {
        "pearson": [
            0.11954914975383786,
            6.391562107509948e-17
        ],
        "spearman": [
            0.13242346821286988,
            1.9428552633758768e-20
        ],
        "count": 4855
    },
    "Neo14_avg": {
        "pearson": [
            0.17826427870077408,
            4.480146933134519e-37
        ],
        "spearman": [
            0.1702942054751778,
            6.153460092734243e-34
        ],
        "count": 5014
    },
    "Neo18_avg": {
        "pearson": [
            0.16444264830425098,
            5.72146768815759e-32
        ],
        "spearman": [
            0.14563521686750416,
            2.3185061703327355e-25
        ],
        "count": 5054
    },
    "Paro11_avg": {
        "pearson": [
            0.020969142359938166,
            0.135738495294386
        ],
        "spearman": [
            0.03333867710682627,
            0.01767872306271978
        ],
        "count": 5063
    },
    "Paro12_avg": {
        "pearson": [
            0.061023339463007614,
            2.0076229679727445e-05
        ],
        "spearman": [
            0.07497719273453389,
            1.592153025987434e-07
        ],
        "count": 4876
    },
    "Paro14_avg": {
        "pearson": [
            0.10974817408234451,
            1.972641492392038e-14
        ],
        "spearman": [
            0.12336413456288008,
            7.389082467780728e-18
        ],
        "count": 4835
    },
    "Paro18_avg": {
        "pearson": [
            0.14669936442054066,
            3.374445709306841e-25
        ],
        "spearman": [
            0.15451638130868278,
            8.307681569803513e-28
        ],
        "count": 4946
    },
    "Ribo11_avg": {
        "pearson": [
            0.06538104688687664,
            4.7456655008056486e-06
        ],
        "spearman": [
            0.08466862874492202,
            3.031386061661457e-09
        ],
        "count": 4890
    },
    "Ribo12_avg": {
        "pearson": [
            0.1272532396373715,
            4.784649789149252e-19
        ],
        "spearman": [
            0.1439062807824232,
            5.774207513379409e-24
        ],
        "count": 4873
    },
    "Ribo14_avg": {
        "pearson": [
            0.1642027185866634,
            1.0922532246915517e-31
        ],
        "spearman": [
            0.16366412391498739,
            1.7279848780372713e-31
        ],
        "count": 5022
    },
    "Ribo18_avg": {
        "pearson": [
            0.19212394814992712,
            4.7585997448500595e-43
        ],
        "spearman": [
            0.177790230665839,
            5.114625106504465e-37
        ],
        "count": 5033
    }
}