{
    "Ami11_avg": {
        "pearson": [
            0.002773395841998027,
            0.8408483800067493
        ],
        "spearman": [
            -0.00464193887794222,
            0.7367940197424114
        ],
        "count": 5245
    },
    "Ami12_avg": {
        "pearson": [
            0.056182146989349736,
            6.522182486405025e-05
        ],
        "spearman": [
            0.05184850715937874,
            0.00022903057707338004
        ],
        "count": 5046
    },
    "Ami14_avg": {
        "pearson": [
            0.0641411683114154,
            5.688643248503924e-06
        ],
        "spearman": [
            0.07183962754894302,
            3.703412864586917e-07
        ],
        "count": 4997
    },
    "Ami18_avg": {
        "pearson": [
            -0.029420681420903972,
            0.032899387564371683
        ],
        "spearman": [
            -0.019637008631658383,
            0.15452788262325728
        ],
        "count": 5258
    },
    "G41811_avg": {
        "pearson": [
            0.06620355759404702,
            2.4822662942952256e-06
        ],
        "spearman": [
            0.06756208817389552,
            1.5363917943506012e-06
        ],
        "count": 5052
    },
    "G41812_avg": {
        "pearson": [
            0.11981387638323952,
            2.546253587531268e-17
        ],
        "spearman": [
            0.1293575269051328,
            5.933805060626228e-20
        ],
        "count": 4959
    },
    "G41814_avg": {
        "pearson": [
            0.1673607631420355,
            3.941736661997877e-34
        ],
        "spearman": [
            0.1534705140891612,
            6.619716467863914e-29
        ],
        "count": 5225
    },
    "Kan11_avg": {
        "pearson": [
            0.058754180411369095,
            3.176538230932898e-05
        ],
        "spearman": [
            0.07514104577870279,
            1.016646715289128e-07
        ],
        "count": 5008
    },
    "Kan12_avg": {
        "pearson": [
            0.11364095088455735,
            2.140041332747082e-15
        ],
        "spearman": [
            0.12418829135114005,
            4.145294050327458e-18
        ],
        "count": 4844
    },
    "Kan14_avg": {
        "pearson": [
            0.14880914774920767,
            3.869537771167622e-26
        ],
        "spearman": [
            0.14938649911009685,
            2.4832669029708602e-26
        ],
        "count": 4997
    },
    "Kan18_avg": {
        "pearson": [
            0.1850947337855744,
            1.7508828449646787e-41
        ],
        "spearman": [
            0.16655759730854383,
            8.256456999410047e-34
        ],
        "count": 5224
    },
    "Neo11_avg": {
        "pearson": [
            0.05611778389895836,
            6.293664737542739e-05
        ],
        "spearman": [
            0.05851678206673123,
            3.0078539098572348e-05
        ],
        "count": 5079
    },
    "Neo12_avg": {
        "pearson": [
            0.13037856310968013,
            2.742932136202197e-20
        ],
        "spearman": [
            0.13663701747563153,
            3.8263737353804377e-22
        ],
        "count": 4970
    },
    "Neo14_avg": {
        "pearson": [
            0.1948659642986365,
            1.6792728103931835e-45
        ],
        "spearman": [
            0.17883125019108043,
            1.7527031241215733e-38
        ],
        "count": 5180
    },
    "Neo18_avg": {
        "pearson": [
            0.17265346944479357,
            2.9780752292317493e-36
        ],
        "spearman": [
            0.14810540843556777,
            5.116237204086076e-27
        ],
        "count": 5226
    },
    "Paro11_avg": {
        "pearson": [
            0.028080771005037197,
            0.042326821991516994
        ],
        "spearman": [
            0.03844316471763048,
            0.005436015914097609
        ],
        "count": 5228
    },
    "Paro12_avg": {
        "pearson": [
            0.07201247131964351,
            3.5375760053250086e-07
        ],
        "spearman": [
            0.08157617358524002,
            7.893771670489863e-09
        ],
        "count": 4990
    },
    "Paro14_avg": {
        "pearson": [
            0.1193851806184245,
            3.330862680591702e-17
        ],
        "spearman": [
            0.12376172579010225,
            2.212706711967651e-18
        ],
        "count": 4958
    },
    "Paro18_avg": {
        "pearson": [
            0.16256360615891932,
            1.640009115877551e-31
        ],
        "spearman": [
            0.16061647965782774,
            8.601914012487015e-31
        ],
        "count": 5095
    },
    "Ribo11_avg": {
        "pearson": [
            0.07077632469028056,
            5.438061242590495e-07
        ],
        "spearman": [
            0.08503826689074945,
            1.7108247770005115e-09
        ],
        "count": 5001
    },
    "Ribo12_avg": {
        "pearson": [
            0.13792430640432032,
            1.1359550689627e-22
        ],
        "spearman": [
            0.14792715423731348,
            7.181642720781425e-26
        ],
        "count": 5002
    },
    "Ribo14_avg": {
        "pearson": [
            0.18641233173911181,
            9.422442062698747e-42
        ],
        "spearman": [
            0.17732961558485244,
            6.92554514354933e-38
        ],
        "count": 5184
    },
    "Ribo18_avg": {
        "pearson": [
            0.21339402074160324,
            1.2792941611172965e-54
        ],
        "spearman": [
            0.18767596089852057,
            1.9715752011015628e-42
        ],
        "count": 5200
    }
}