{
    "1A7V": {
        "pearson": [
            0.14364037230822782,
            0.6396707767764527
        ],
        "spearman": [
            -0.030303145289114975,
            0.9217166854694425
        ],
        "count": 13
    },
    "1BA3": {
        "pearson": [
            -0.9703340006150004,
            0.029665999384999697
        ],
        "spearman": [
            -0.7999999999999999,
            0.20000000000000007
        ],
        "count": 4
    },
    "1BFM": {
        "pearson": [
            1.0,
            1.0
        ],
        "spearman": [
            0.9999999999999999,
            NaN
        ],
        "count": 2
    },
    "1D5G": {
        "pearson": [
            1.0,
            1.0
        ],
        "spearman": [
            0.9999999999999999,
            NaN
        ],
        "count": 2
    },
    "1DIV": {
        "pearson": [
            -0.8289250274298772,
            1.0613214300621587e-13
        ],
        "spearman": [
            -0.8380915813997798,
            3.158170024450272e-14
        ],
        "count": 50
    },
    "1EKG": {
        "pearson": [
            0.032797654395902695,
            0.9672023456040972
        ],
        "spearman": [
            0.19999999999999998,
            0.8
        ],
        "count": 4
    },
    "1FT8": {
        "pearson": [
            -0.8272148820276322,
            0.00048473425548232097
        ],
        "spearman": [
            -0.8516483516483516,
            0.00022021941625366222
        ],
        "count": 13
    },
    "1FXA": {
        "pearson": [
            -0.6277622380393078,
            0.038647558998083614
        ],
        "spearman": [
            -0.8000000000000002,
            0.0031104283103858483
        ],
        "count": 11
    },
    "1G3P": {
        "pearson": [
            -0.4789364626262226,
            0.011490261336613166
        ],
        "spearman": [
            -0.49938921962849525,
            0.008001391009850204
        ],
        "count": 27
    },
    "1GUA": {
        "pearson": [
            -0.8169957990206569,
            8.122701249247382e-13
        ],
        "spearman": [
            -0.8189795918367345,
            6.4358749594824e-13
        ],
        "count": 49
    },
    "1H0X": {
        "pearson": [
            -1.0,
            1.0
        ],
        "spearman": [
            -0.9999999999999999,
            NaN
        ],
        "count": 2
    },
    "1HCQ": {
        "pearson": [
            1.0,
            1.0
        ],
        "spearman": [
            0.9999999999999999,
            NaN
        ],
        "count": 2
    },
    "1ITM": {
        "pearson": [
            0.9682474484279514,
            0.16085714185030636
        ],
        "spearman": [
            1.0,
            0.0
        ],
        "count": 3
    },
    "1IV7": {
        "pearson": [
            -0.999934403265996,
            0.007291864725373821
        ],
        "spearman": [
            -1.0,
            0.0
        ],
        "count": 3
    },
    "1J8I": {
        "pearson": [
            0.08131772573182827,
            0.8782922710814659
        ],
        "spearman": [
            -0.29424494316824984,
            0.5713704615752551
        ],
        "count": 6
    },
    "1JLV": {
        "pearson": [
            0.6707461726223408,
            0.5319479898630541
        ],
        "spearman": [
            1.0,
            0.0
        ],
        "count": 3
    },
    "1L6H": {
        "pearson": [
            -0.9981908966968454,
            0.038299429023251806
        ],
        "spearman": [
            -1.0,
            0.0
        ],
        "count": 3
    },
    "1LVM": {
        "pearson": [
            -0.45521460774709605,
            0.44109367183138953
        ],
        "spearman": [
            -0.5642880936468347,
            0.32172333582430024
        ],
        "count": 5
    },
    "1N18": {
        "pearson": [
            -0.23236352679661515,
            0.7676364732033849
        ],
        "spearman": [
            0.0,
            1.0
        ],
        "count": 4
    },
    "1N88": {
        "pearson": [
            -0.25552448314221815,
            0.32223885534867136
        ],
        "spearman": [
            -0.21608385323341175,
            0.4048546645525425
        ],
        "count": 17
    },
    "1NM1": {
        "pearson": [
            1.0,
            1.0
        ],
        "spearman": [
            0.9999999999999999,
            NaN
        ],
        "count": 2
    },
    "1O1U": {
        "pearson": [
            -0.026500766839896172,
            0.960258155360449
        ],
        "spearman": [
            -0.33394720739540396,
            0.5177002083054396
        ],
        "count": 6
    },
    "1O6X": {
        "pearson": [
            -0.3803304241867335,
            0.09808344540857308
        ],
        "spearman": [
            -0.40180598282058894,
            0.07906962998225463
        ],
        "count": 20
    },
    "1OSI": {
        "pearson": [
            -0.9011820784740776,
            0.09881792152592239
        ],
        "spearman": [
            -0.7999999999999999,
            0.20000000000000007
        ],
        "count": 4
    },
    "1PFL": {
        "pearson": [
            -0.5049125958328706,
            0.3855942160842764
        ],
        "spearman": [
            -0.09999999999999999,
            0.8728885715695383
        ],
        "count": 5
    },
    "1PRG": {
        "pearson": [
            -0.5598618858756145,
            0.19121380786313139
        ],
        "spearman": [
            -0.6785714285714287,
            0.0937502539598313
        ],
        "count": 7
    },
    "1R6R": {
        "pearson": [
            -0.5003726348787123,
            0.4996273651212877
        ],
        "spearman": [
            -0.39999999999999997,
            0.6
        ],
        "count": 4
    },
    "1SPD": {
        "pearson": [
            1.0,
            1.0
        ],
        "spearman": [
            0.9999999999999999,
            NaN
        ],
        "count": 2
    },
    "1X0J": {
        "pearson": [
            -0.370067882960908,
            0.4138737776493966
        ],
        "spearman": [
            -0.3214285714285715,
            0.4820720382996776
        ],
        "count": 7
    },
    "1XWS": {
        "pearson": [
            0.3361917923050625,
            0.6638082076949374
        ],
        "spearman": [
            0.19999999999999998,
            0.8
        ],
        "count": 4
    },
    "1XXN": {
        "pearson": [
            -0.1444885686588356,
            0.8166735772352367
        ],
        "spearman": [
            -0.05129891760425771,
            0.934712848108234
        ],
        "count": 5
    },
    "1XZO": {
        "pearson": [
            -0.7262753561080969,
            0.273724643891903
        ],
        "spearman": [
            -0.39999999999999997,
            0.6
        ],
        "count": 4
    },
    "2BJD": {
        "pearson": [
            -0.9458855414021359,
            0.2103923634000093
        ],
        "spearman": [
            -1.0,
            0.0
        ],
        "count": 3
    },
    "2C9Q": {
        "pearson": [
            -1.0,
            1.0
        ],
        "spearman": [
            -0.9999999999999999,
            NaN
        ],
        "count": 2
    },
    "2CLR": {
        "pearson": [
            -0.7324992140477262,
            0.2675007859522738
        ],
        "spearman": [
            -0.7999999999999999,
            0.20000000000000007
        ],
        "count": 4
    },
    "2DVV": {
        "pearson": [
            1.0,
            1.0
        ],
        "spearman": [
            0.9999999999999999,
            NaN
        ],
        "count": 2
    },
    "2HBB": {
        "pearson": [
            -0.777748671126355,
            2.035448092173774e-10
        ],