{
    "myoglobin": {
        "pearson": [
            -0.7542529713054221,
            9.931973234776383e-88
        ],
        "spearman": [
            -0.8165894121761736,
            5.2771072254288906e-114
        ],
        "precision": 0.8477157360406091,
        "recall": 0.7877358490566038,
        "auroc": 0.9241094193924382,
        "accuracy": 0.8407643312101911,
        "count": 471,
        "num_stabilizing": 212,
        "num_destabilizing": 259
    },
    "p53": {
        "pearson": [
            -0.8261024715833138,
            4.594733259278706e-15
        ],
        "spearman": [
            -0.754302318399289,
            1.914873964426652e-11
        ],
        "precision": 0.6666666666666666,
        "recall": 0.5263157894736842,
        "auroc": 0.8364153627311521,
        "accuracy": 0.75,
        "count": 56,
        "num_stabilizing": 19,
        "num_destabilizing": 37
    },
    "s669": {
        "pearson": [
            -0.6680512287176991,
            3.299588179606411e-151
        ],
        "spearman": [
            -0.65860537899791,
            1.4678112372291209e-145
        ],
        "precision": 0.6879795396419437,
        "recall": 0.6255813953488372,
        "auroc": 0.8204606745137852,
        "accuracy": 0.7566638005159071,
        "count": 1163,
        "num_stabilizing": 430,
        "num_destabilizing": 733
    },
    "ssym": {
        "pearson": [
            -0.7310124971156162,
            2.15799356223496e-309
        ],
        "spearman": [
            -0.7269309749391222,
            2.741295876111104e-304
        ],
        "precision": 0.732484076433121,
        "recall": 0.7269279393173198,
        "auroc": 0.8513781931746283,
        "accuracy": 0.7699784017278618,
        "count": 1852,
        "num_stabilizing": 791,
        "num_destabilizing": 1061
    },
    "t2226": {
        "pearson": [
            -0.714512806287112,
            0.0
        ],
        "spearman": [
            -0.7131662944403577,
            0.0
        ],
        "precision": 0.737449118046133,
        "recall": 0.7337158285521431,
        "auroc": 0.8465251880632484,
        "accuracy": 0.7713240673006584,
        "count": 6835,
        "num_stabilizing": 2963,
        "num_destabilizing": 3872
    },
    "overall": {
        "pearson": [
            -0.7139003681383433,
            0.0
        ],
        "spearman": [
            -0.7157545493733676,
            0.0
        ],
        "precision": 0.7368542435424354,
        "recall": 0.7236693091732729,
        "auroc": 0.8492409837616341,
        "accuracy": 0.7724775946805436,
        "count": 10377,
        "num_stabilizing": 4415,
        "num_destabilizing": 5962
    }
}