{
    "screenscore": {
        "pearson": [
            0.4206446781953294,
            6.551523577749332e-116
        ],
        "spearman": [
            0.45683103886723786,
            6.30251519502492e-139
        ],
        "count": 2692
    }
}