{
    "screenscore": {
        "pearson": [
            0.39761714685414074,
            8.690047149698984e-104
        ],
        "spearman": [
            0.40076484050178923,
            1.4788454335484059e-105
        ],
        "count": 2722
    }
}