{
    "enrichment": {
        "pearson": [
            0.45413504650925196,
            3.278553158566477e-158
        ],
        "spearman": [
            0.5800617555280548,
            2.4170323519959673e-279
        ],
        "count": 3112
    }
}