{
    "enrichment": {
        "pearson": [
            0.4366826595463261,
            6.034509342790254e-163
        ],
        "spearman": [
            0.5702235435778739,
            4.484121454655811e-301
        ],
        "count": 3500
    }
}