{
    "enrichment": {
        "pearson": [
            0.44203410125791964,
            4.913072606771243e-149
        ],
        "spearman": [
            0.5647146962237847,
            1.105736904428709e-261
        ],
        "count": 3112
    }
}