{
    "log2_ratio": {
        "pearson": [
            0.3306517515654414,
            2.2390841453815088e-24
        ],
        "spearman": [
            0.2669315276174477,
            3.9359628210579546e-16
        ],
        "count": 899
    }
}