{
    "log2_ratio": {
        "pearson": [
            0.3859571689778152,
            2.6185269072613063e-33
        ],
        "spearman": [
            0.3169464090861422,
            1.9928556484126224e-22
        ],
        "count": 899
    }
}