{
    "1AMQ": {
        "pearson": [
            -0.640712014383121,
            0.3592879856168789
        ],
        "spearman": [
            -0.7999999999999999,
            0.20000000000000007
        ],
        "count": 4
    },
    "1BNI": {
        "pearson": [
            -0.727348435793803,
            0.004839487380695344
        ],
        "spearman": [
            -0.7741076205673916,
            0.0018973128446304903
        ],
        "count": 13
    },
    "1CEY": {
        "pearson": [
            0.986379268019563,
            0.10519365152212823
        ],
        "spearman": [
            1.0,
            0.0
        ],
        "count": 3
    },
    "1EY0": {
        "pearson": [
            -0.1677057482150799,
            0.39364745229015496
        ],
        "spearman": [
            -0.052581143365634526,
            0.7904458654223248
        ],
        "count": 28
    },
    "1IHB": {
        "pearson": [
            -0.617943797799315,
            0.575931836838964
        ],
        "spearman": [
            -0.5,
            0.6666666666666667
        ],
        "count": 3
    },
    "1L63": {
        "pearson": [
            -0.6695889792564271,
            1.1351836399118559e-16
        ],
        "spearman": [
            -0.6704861777669344,
            9.989560997180107e-17
        ],
        "count": 118
    },
    "1LZ1": {
        "pearson": [
            -0.6106516726621961,
            1.362593812552034e-07
        ],
        "spearman": [
            -0.6009211644304409,
            2.418018153321673e-07
        ],
        "count": 62
    },
    "1OH0": {
        "pearson": [
            -1.0,
            1.0
        ],
        "spearman": [
            -0.9999999999999999,
            NaN
        ],
        "count": 2
    },
    "1VQB": {
        "pearson": [
            -0.035176890557378805,
            0.9552206306024694
        ],
        "spearman": [
            0.19999999999999998,
            0.747060078104662
        ],
        "count": 5
    },
    "2LZM": {
        "pearson": [
            -0.6898853458029579,
            1.4843879747691926e-10
        ],
        "spearman": [
            -0.693611686645859,
            1.076350627923075e-10
        ],
        "count": 66
    },
    "2RN2": {
        "pearson": [
            -0.43382132094389336,
            0.07206836543599479
        ],
        "spearman": [
            -0.25362441147311227,
            0.3098595740962493
        ],
        "count": 18
    },
    "3ZCF": {
        "pearson": [
            1.0,
            1.0
        ],
        "spearman": [
            0.9999999999999999,
            NaN
        ],
        "count": 2
    },
    "4BVM": {
        "pearson": [
            0.3461421765882004,
            0.5682442594836015
        ],
        "spearman": [
            0.09999999999999999,
            0.8728885715695383
        ],
        "count": 5
    },
    "4LYZ": {
        "pearson": [
            -0.28151344619421154,
            0.32954327338564804
        ],
        "spearman": [
            -0.39779612647907747,
            0.1589577200709164
        ],
        "count": 14
    },
    "5PTI": {
        "pearson": [
            0.0006231819608025558,
            0.9992065401352981
        ],
        "spearman": [
            -0.49999999999999994,
            0.39100221895577053
        ],
        "count": 5
    },
    "overall": {
        "pearson": [
            -0.6024795667922582,
            3.750653995376327e-36
        ],
        "spearman": [
            -0.620719810116037,
            7.106749853464409e-39
        ],
        "count": 352
    }
}