{
    "ETP_AVERAGE": {
        "pearson": [
            0.10038351447390205,
            5.290909944481466e-16
        ],
        "spearman": [
            0.10404362209961114,
            4.400105701620972e-17
        ],
        "count": 6488
    },
    "DOX_Average": {
        "pearson": [
            -0.04775176863119115,
            0.00011919830243365511
        ],
        "spearman": [
            -0.06929037913879282,
            2.3122544065651805e-08
        ],
        "count": 6488
    },
    "SCH_Average": {
        "pearson": [
            0.11437991607672288,
            2.4271261302123266e-20
        ],
        "spearman": [
            0.1192011811490578,
            5.747845672677093e-22
        ],
        "count": 6488
    },
    "VRT_AVERAGE": {
        "pearson": [
            0.11842515488039307,
            1.0610108709192097e-21
        ],
        "spearman": [
            0.1265275187530207,
            1.444262472583746e-24
        ],
        "count": 6488
    }
}