{
    "ETP_AVERAGE": {
        "pearson": [
            0.08726298049942421,
            5.469602880211152e-13
        ],
        "spearman": [
            0.09236887585577686,
            2.225095688119631e-14
        ],
        "count": 6809
    },
    "DOX_Average": {
        "pearson": [
            -0.051010558949446776,
            2.540289931782486e-05
        ],
        "spearman": [
            -0.06422028495972817,
            1.1345016363663598e-07
        ],
        "count": 6809
    },
    "SCH_Average": {
        "pearson": [
            0.10070597385010457,
            8.113136276612319e-17
        ],
        "spearman": [
            0.10342098057586518,
            1.1752547590615189e-17
        ],
        "count": 6809
    },
    "VRT_AVERAGE": {
        "pearson": [
            0.10931301225715202,
            1.488365949923975e-19
        ],
        "spearman": [
            0.1135958984026639,
            5.339285124481968e-21
        ],
        "count": 6809
    }
}