{
    "function_score": {
        "pearson": [
            0.17008624713993675,
            6.680591413567466e-11
        ],
        "spearman": [
            0.12042129054972923,
            4.1317422743066475e-06
        ],
        "count": 1454
    }
}