{
    "function_score": {
        "pearson": [
            0.14590707218511487,
            1.5688469077712532e-08
        ],
        "spearman": [
            0.1367735431143537,
            1.1806954504484415e-07
        ],
        "count": 1488
    }
}