{
    "linear": {
        "pearson": [
            0.2987045545877113,
            6.773394892040146e-09
        ],
        "spearman": [
            0.3092441547275001,
            1.8392254131825153e-09
        ],
        "count": 362
    }
}