{
    "1AMQ": {
        "pearson": [
            -0.6884445739109071,
            0.3115554260890929
        ],
        "spearman": [
            -0.7999999999999999,
            0.20000000000000007
        ],
        "count": 4
    },
    "1BNI": {
        "pearson": [
            -0.585257565995222,
            0.03561548217326563
        ],
        "spearman": [
            -0.6005532430024604,
            0.029979152835189815
        ],
        "count": 13
    },
    "1CEY": {
        "pearson": [
            0.7016701358041383,
            0.5048760746020228
        ],
        "spearman": [
            0.5,
            0.6666666666666667
        ],
        "count": 3
    },
    "1EY0": {
        "pearson": [
            -0.5882838424888981,
            0.0009926994155025773
        ],
        "spearman": [
            -0.4836369749151592,
            0.009122425356552978
        ],
        "count": 28
    },
    "1IHB": {
        "pearson": [
            -0.6059064016120616,
            0.5856211767435597
        ],
        "spearman": [
            -0.5,
            0.6666666666666667
        ],
        "count": 3
    },
    "1L63": {
        "pearson": [
            -0.7575929502243022,
            3.129923848012232e-23
        ],
        "spearman": [
            -0.7801804407198886,
            2.192832394074709e-25
        ],
        "count": 118
    },
    "1LZ1": {
        "pearson": [
            -0.6495947266104198,
            1.1161397766141553e-08
        ],
        "spearman": [
            -0.5932202839618995,
            3.7567120763059915e-07
        ],
        "count": 62
    },
    "1OH0": {
        "pearson": [
            -1.0,
            1.0
        ],
        "spearman": [
            -0.9999999999999999,
            NaN
        ],
        "count": 2
    },
    "1VQB": {
        "pearson": [
            -0.11161034278032916,
            0.858188885804399
        ],
        "spearman": [
            -0.09999999999999999,
            0.8728885715695383
        ],
        "count": 5
    },
    "2LZM": {
        "pearson": [
            -0.855451233516063,
            5.935047127469262e-20
        ],
        "spearman": [
            -0.8528163204765193,
            1.0139314170631349e-19
        ],
        "count": 66
    },
    "2RN2": {
        "pearson": [
            -0.4427048610008815,
            0.06579573674175909
        ],
        "spearman": [
            -0.36439099117769597,
            0.13710320117678443
        ],
        "count": 18
    },
    "3ZCF": {
        "pearson": [
            -1.0,
            1.0
        ],
        "spearman": [
            -0.9999999999999999,
            NaN
        ],
        "count": 2
    },
    "4BVM": {
        "pearson": [
            -0.24346806994751413,
            0.6930972120536195
        ],
        "spearman": [
            0.09999999999999999,
            0.8728885715695383
        ],
        "count": 5
    },
    "4LYZ": {
        "pearson": [
            -0.39503605300428685,
            0.16213589069329912
        ],
        "spearman": [
            -0.42652584672478866,
            0.1282920611868035
        ],
        "count": 14
    },
    "5PTI": {
        "pearson": [
            -0.26352470001838924,
            0.6683949189894585
        ],
        "spearman": [
            -0.19999999999999998,
            0.747060078104662
        ],
        "count": 5
    },
    "overall": {
        "pearson": [
            -0.718854475903397,
            3.174008805879421e-57
        ],
        "spearman": [
            -0.7379931305668114,
            9.411228886630374e-62
        ],
        "count": 352
    }
}