{
    "linear": {
        "pearson": [
            0.3690461811520381,
            4.0172064359502793e-13
        ],
        "spearman": [
            0.39857184072218205,
            3.113013050101137e-15
        ],
        "count": 362
    }
}