{
    "selection_coefficient": {
        "pearson": [
            0.32784173840796105,
            2.0535862177397233e-107
        ],
        "spearman": [
            0.23382021503512732,
            4.684694593366377e-54
        ],
        "count": 4265
    }
}