{
    "1AMQ": {
        "pearson": [
            -0.22291411957128063,
            0.7770858804287193
        ],
        "spearman": [
            -0.39999999999999997,
            0.6
        ],
        "count": 4
    },
    "1BNI": {
        "pearson": [
            -0.49086309971897973,
            0.08851989333813527
        ],
        "spearman": [
            -0.47934066184600055,
            0.09743251638250455
        ],
        "count": 13
    },
    "1CEY": {
        "pearson": [
            -0.5026308202046015,
            0.6647310351624249
        ],
        "spearman": [
            -0.5,
            0.6666666666666667
        ],
        "count": 3
    },
    "1EY0": {
        "pearson": [
            -0.6134408663496351,
            0.0005178821704446865
        ],
        "spearman": [
            -0.6394633841601907,
            0.00024872193187875274
        ],
        "count": 28
    },
    "1IHB": {
        "pearson": [
            0.05646723740596914,
            0.9640327089690525
        ],
        "spearman": [
            -0.5,
            0.6666666666666667
        ],
        "count": 3
    },
    "1L63": {
        "pearson": [
            -0.3908752143761511,
            1.2076783112422429e-05
        ],
        "spearman": [
            -0.47008642957625163,
            7.838595067829566e-08
        ],
        "count": 118
    },
    "1LZ1": {
        "pearson": [
            -0.5624926544289054,
            1.9543639334858393e-06
        ],
        "spearman": [
            -0.367016388494155,
            0.0033438698276216927
        ],
        "count": 62
    },
    "1OH0": {
        "pearson": [
            -1.0,
            1.0
        ],
        "spearman": [
            -0.9999999999999999,
            NaN
        ],
        "count": 2
    },
    "1VQB": {
        "pearson": [
            -0.2008300084891685,
            0.7460247198152983
        ],
        "spearman": [
            -0.49999999999999994,
            0.39100221895577053
        ],
        "count": 5
    },
    "2LZM": {
        "pearson": [
            -0.12770030638529875,
            0.30687036138810453
        ],
        "spearman": [
            -0.34460221056654866,
            0.004605336700721361
        ],
        "count": 66
    },
    "2RN2": {
        "pearson": [
            -0.10869178564924577,
            0.6676974861235627
        ],
        "spearman": [
            -0.17184347879402706,
            0.49534714362164745
        ],
        "count": 18
    },
    "3ZCF": {
        "pearson": [
            -1.0,
            1.0
        ],
        "spearman": [
            -0.9999999999999999,
            NaN
        ],
        "count": 2
    },
    "4BVM": {
        "pearson": [
            -0.6290496910251292,
            0.2555805087455109
        ],
        "spearman": [
            -0.3,
            0.6238376647810728
        ],
        "count": 5
    },
    "4LYZ": {
        "pearson": [
            -0.4226847334348025,
            0.13214023736555747
        ],
        "spearman": [
            -0.5635445125120264,
            0.035844510072582235
        ],
        "count": 14
    },
    "5PTI": {
        "pearson": [
            0.14086578009496697,
            0.8212390612731789
        ],
        "spearman": [
            0.49999999999999994,
            0.39100221895577053
        ],
        "count": 5
    },
    "overall": {
        "pearson": [
            -0.44323667033586295,
            2.2619499210723627e-18
        ],
        "spearman": [
            -0.45444471330244685,
            2.4338513568341245e-19
        ],
        "count": 352
    }
}