{
    "1AMQ": {
        "pearson": [
            -0.5747428241532246,
            0.42525717584677536
        ],
        "spearman": [
            -0.7999999999999999,
            0.20000000000000007
        ],
        "count": 4
    },
    "1BNI": {
        "pearson": [
            -0.6864515028647551,
            0.009562577729439296
        ],
        "spearman": [
            -0.6666691963605295,
            0.012825366520641729
        ],
        "count": 13
    },
    "1CEY": {
        "pearson": [
            0.7752692246817324,
            0.4352283578887546
        ],
        "spearman": [
            0.5,
            0.6666666666666667
        ],
        "count": 3
    },
    "1EY0": {
        "pearson": [
            -0.5225577905982799,
            0.004334079231491024
        ],
        "spearman": [
            -0.3453376134586726,
            0.07188020236707622
        ],
        "count": 28
    },
    "1IHB": {
        "pearson": [
            -0.3937561343462756,
            0.7423508899683887
        ],
        "spearman": [
            -0.5,
            0.6666666666666667
        ],
        "count": 3
    },
    "1L63": {
        "pearson": [
            -0.7392522882004386,
            1.1989424271221428e-21
        ],
        "spearman": [
            -0.7864795849917856,
            4.9456019127702475e-26
        ],
        "count": 118
    },
    "1LZ1": {
        "pearson": [
            -0.6418781752841227,
            1.8847753463155913e-08
        ],
        "spearman": [
            -0.6663155264419889,
            3.4024433369010345e-09
        ],
        "count": 62
    },
    "1OH0": {
        "pearson": [
            -1.0,
            1.0
        ],
        "spearman": [
            -0.9999999999999999,
            NaN
        ],
        "count": 2
    },
    "1VQB": {
        "pearson": [
            -0.08865244415994224,
            0.8872722304473851
        ],
        "spearman": [
            -0.09999999999999999,
            0.8728885715695383
        ],
        "count": 5
    },
    "2LZM": {
        "pearson": [
            -0.8369648443989449,
            2.06968062701249e-18
        ],
        "spearman": [
            -0.8320332437694207,
            4.956191637811982e-18
        ],
        "count": 66
    },
    "2RN2": {
        "pearson": [
            -0.4231828915897423,
            0.0801486081398872
        ],
        "spearman": [
            -0.4285734953055856,
            0.07597534076260751
        ],
        "count": 18
    },
    "3ZCF": {
        "pearson": [
            -1.0,
            1.0
        ],
        "spearman": [
            -0.9999999999999999,
            NaN
        ],
        "count": 2
    },
    "4BVM": {
        "pearson": [
            -0.05813641924601969,
            0.9260201300855576
        ],
        "spearman": [
            0.09999999999999999,
            0.8728885715695383
        ],
        "count": 5
    },
    "4LYZ": {
        "pearson": [
            -0.5076762431922064,
            0.0638489559896823
        ],
        "spearman": [
            -0.5458646846685119,
            0.043459344905570095
        ],
        "count": 14
    },
    "5PTI": {
        "pearson": [
            -0.00909696707347233,
            0.9884175415397791
        ],
        "spearman": [
            -0.6,
            0.28475697986529375
        ],
        "count": 5
    },
    "overall": {
        "pearson": [
            -0.7007168420720453,
            2.8693550310413606e-53
        ],
        "spearman": [
            -0.727682544256585,
            2.8904404151573056e-59
        ],
        "count": 352
    }
}