{
    "react_rel": {
        "pearson": [
            0.3717256814975184,
            3.003507870647287e-48
        ],
        "spearman": [
            0.3723462116905686,
            2.0424753902945084e-48
        ],
        "count": 1435
    }
}