{
    "react_rel": {
        "pearson": [
            0.3596601559564417,
            4.590265555901153e-45
        ],
        "spearman": [
            0.3810271239199063,
            8.484339797834672e-51
        ],
        "count": 1435
    }
}