{
    "react_rel": {
        "pearson": [
            0.3959825263904707,
            4.497057843716749e-55
        ],
        "spearman": [
            0.42938262925118204,
            1.882141987354235e-65
        ],
        "count": 1435
    }
}