{
    "Caffeine": {
        "pearson": [
            0.35893991935811875,
            1.8776441366122798e-40
        ],
        "spearman": [
            0.3296413572715956,
            5.050115745446584e-34
        ],
        "count": 1288
    },
    "DMSO": {
        "pearson": [
            0.3279391413563095,
            1.4475253340788778e-34
        ],
        "spearman": [
            0.27933269539546574,
            3.7165142405062635e-25
        ],
        "count": 1324
    },
    "DTT": {
        "pearson": [
            0.3334990295633399,
            9.971989186730087e-35
        ],
        "spearman": [
            0.3186102094433053,
            1.10391527522847e-31
        ],
        "count": 1284
    },
    "HU": {
        "pearson": [
            0.30734533450032786,
            2.9743817658403087e-29
        ],
        "spearman": [
            0.24009650958884035,
            3.7751688748224325e-18
        ],
        "count": 1273
    },
    "MG132": {
        "pearson": [
            0.36773084632810765,
            4.318331495441691e-41
        ],
        "spearman": [
            0.27119890609721264,
            2.1417133342587253e-22
        ],
        "count": 1243
    }
}