{
    "Caffeine": {
        "pearson": [
            0.3399510635761201,
            3.303068776979476e-36
        ],
        "spearman": [
            0.3309247708656175,
            2.7283840433242244e-34
        ],
        "count": 1288
    },
    "DMSO": {
        "pearson": [
            0.28658080089192833,
            1.9020071506691998e-26
        ],
        "spearman": [
            0.24564761658140802,
            1.1988978381440445e-19
        ],
        "count": 1324
    },
    "DTT": {
        "pearson": [
            0.30205475846702556,
            1.703546395898503e-28
        ],
        "spearman": [
            0.3039516499631665,
            7.52176670406353e-29
        ],
        "count": 1284
    },
    "HU": {
        "pearson": [
            0.25977595363872313,
            4.43913125164762e-21
        ],
        "spearman": [
            0.1916483390980675,
            5.381293509195457e-12
        ],
        "count": 1273
    },
    "MG132": {
        "pearson": [
            0.3217752461995919,
            2.45516663179333e-31
        ],
        "spearman": [
            0.2524393974672696,
            1.5975671538304004e-19
        ],
        "count": 1243
    }
}