{
    "Caffeine": {
        "pearson": [
            0.3496747792838853,
            2.407072822846012e-38
        ],
        "spearman": [
            0.3489786248166752,
            3.443826502320425e-38
        ],
        "count": 1288
    },
    "DMSO": {
        "pearson": [
            0.2988720281164547,
            1.0042750161399855e-28
        ],
        "spearman": [
            0.2825928178455081,
            9.867807665571592e-26
        ],
        "count": 1324
    },
    "DTT": {
        "pearson": [
            0.31075137337605946,
            3.818330016659064e-30
        ],
        "spearman": [
            0.31957545371967794,
            7.09114159517676e-32
        ],
        "count": 1284
    },
    "HU": {
        "pearson": [
            0.278151570913272,
            4.7539489877978206e-24
        ],
        "spearman": [
            0.2296292784828103,
            1.0765452427112785e-16
        ],
        "count": 1273
    },
    "MG132": {
        "pearson": [
            0.328940500892972,
            9.449737400903156e-33
        ],
        "spearman": [
            0.26733126625697756,
            8.750443053223703e-22
        ],
        "count": 1243
    }
}