{
    "selection_coefficient": {
        "pearson": [
            0.1811054039448165,
            9.014412909358122e-33
        ],
        "spearman": [
            0.11058031916064422,
            4.428779523792141e-13
        ],
        "count": 4265
    }
}