{
    "myoglobin": {
        "pearson": [
            -0.5547049813516998,
            1.829766852184959e-10
        ],
        "spearman": [
            -0.5687913151724655,
            4.9507414524552836e-11
        ],
        "precision": 0.3333333333333333,
        "recall": 0.0625,
        "auroc": 0.7669753086419753,
        "accuracy": 0.6991150442477876,
        "count": 113,
        "num_stabilizing": 32,
        "num_destabilizing": 81
    },
    "p53": {
        "pearson": [
            -0.7529119929040389,
            8.83286697362458e-09
        ],
        "spearman": [
            -0.7595624011974421,
            5.476233916784344e-09
        ],
        "precision": 0.7142857142857143,
        "recall": 0.45454545454545453,
        "auroc": 0.8768328445747801,
        "accuracy": 0.8095238095238095,
        "count": 42,
        "num_stabilizing": 11,
        "num_destabilizing": 31
    },
    "s669": {
        "pearson": [
            -0.41643127966038096,
            7.390324303837804e-26
        ],
        "spearman": [
            -0.47327649524504584,
            7.052744117170099e-34
        ],
        "precision": 0.55,
        "recall": 0.2391304347826087,
        "auroc": 0.7404982901807523,
        "accuracy": 0.7735849056603774,
        "count": 583,
        "num_stabilizing": 138,
        "num_destabilizing": 445
    },
    "ssym": {
        "pearson": [
            -0.4904166396997995,
            6.4773187775911825e-22
        ],
        "spearman": [
            -0.5439577632422106,
            1.685240583636937e-27
        ],
        "precision": 0.8076923076923077,
        "recall": 0.2441860465116279,
        "auroc": 0.7870668259950363,
        "accuracy": 0.7935103244837758,
        "count": 339,
        "num_stabilizing": 86,
        "num_destabilizing": 253
    },
    "t2226": {
        "pearson": [
            -0.38915548344958245,
            8.660639667108802e-60
        ],
        "spearman": [
            -0.49530958192606933,
            3.8363774589618457e-101
        ],
        "precision": 0.5121951219512195,
        "recall": 0.22580645161290322,
        "auroc": 0.7537503636271441,
        "accuracy": 0.8298397040690506,
        "count": 1622,
        "num_stabilizing": 279,
        "num_destabilizing": 1343
    },
    "overall": {
        "pearson": [
            -0.4122860004321401,
            2.8945229453586342e-111
        ],
        "spearman": [
            -0.5051043485717029,
            9.612237477635581e-175
        ],
        "precision": 0.5585585585585585,
        "recall": 0.2271062271062271,
        "auroc": 0.7594573718586723,
        "accuracy": 0.807336050389033,
        "count": 2699,
        "num_stabilizing": 546,
        "num_destabilizing": 2153
    }
}