Model,1F41,1R44,2CJS,4AJY,4RSC,2J91,2R7E,3U84,4DCH,4WVP
hermes_bp_000,0.388352445682316,0.392819171838427,0.46850180326807356,0.41745157073501704,0.3966008127911063,0.4097207763183845,0.23686804460322447,0.39749767869784647,0.4385125219476109,0.33706258297155994
hermes_bp_000_ft_ros_ddg_st,0.9076362212679208,0.8725864787550337,0.9011448291589008,0.894659137183021,0.8792747571800601,0.8833652491293897,0.7313853185268433,0.8896468698523035,0.8891262327324004,0.8365809151149138
hermes_bp_050,0.5468697733576668,0.4630476782153945,0.5996522669668327,0.5434454051723147,0.5239106251761599,0.5267208285179497,0.37691888160209386,0.5327977844227756,0.5308989067373858,0.4612689971819334
hermes_bp_050_ft_ros_ddg_st,0.8798415441259624,0.8519692302055522,0.8677643721537693,0.8790046760295728,0.8633470773759758,0.8760680882210246,0.7311697873309893,0.87687816218715,0.881261855683923,0.823465401542275
hermes_py_000,0.5500691435476645,0.4661409084574639,0.5398110554820953,0.4959909981011945,0.4814993760051792,0.4807362596397382,0.28228634060696506,0.49318412680041973,0.49226443519747626,0.3838420343264645
hermes_py_000_ft_ros_ddg_st,0.9048129500219229,0.8681127826526763,0.8857214378435646,0.8967769500209841,0.8795684251203858,0.8815868811604591,0.7350795148801482,0.8912950877477184,0.8844888157486208,0.8431828072909113
hermes_py_050,0.6195775226333012,0.5315748130236387,0.626813562450792,0.5928689729990422,0.5674989726887133,0.5590090325766571,0.41637223467147466,0.600903194873172,0.5733557657809821,0.5060433061022928
hermes_py_050_ft_ros_ddg_st,0.8782754764939044,0.8513513549081222,0.8652886710321288,0.8882731027323936,0.8695104822809426,0.8750101138789438,0.7414787734940205,0.880265845685958,0.8770876520327271,0.8282483003960811
