{
    "selection_coefficient": {
        "pearson": [
            0.12257236181135855,
            1.1943575293024668e-05
        ],
        "spearman": [
            0.21148390449035465,
            2.6877273082982393e-14
        ],
        "count": 1269
    }
}