{
    "selection_coefficient": {
        "pearson": [
            0.12501743179692962,
            7.94559900100101e-06
        ],
        "spearman": [
            0.18777789928367417,
            1.5548098591461653e-11
        ],
        "count": 1269
    }
}