{
    "selection_coefficient": {
        "pearson": [
            0.1544709539215672,
            3.192716440110453e-08
        ],
        "spearman": [
            0.23930905914363793,
            5.505029617618896e-18
        ],
        "count": 1269
    }
}