{
    "myoglobin": {
        "pearson": [
            -0.7854695901069694,
            8.719905454455393e-100
        ],
        "spearman": [
            -0.82991575891463,
            5.99088106221773e-121
        ],
        "precision": 0.8529411764705882,
        "recall": 0.8207547169811321,
        "auroc": 0.9296277409484957,
        "accuracy": 0.8556263269639066,
        "count": 471,
        "num_stabilizing": 212,
        "num_destabilizing": 259
    },
    "p53": {
        "pearson": [
            -0.8211407993132918,
            9.177471509978621e-15
        ],
        "spearman": [
            -0.7325301231561719,
            1.3907357665176007e-10
        ],
        "precision": 0.7058823529411765,
        "recall": 0.631578947368421,
        "auroc": 0.8349928876244666,
        "accuracy": 0.7857142857142857,
        "count": 56,
        "num_stabilizing": 19,
        "num_destabilizing": 37
    },
    "s669": {
        "pearson": [
            -0.5111697168399899,
            5.4342079678112895e-87
        ],
        "spearman": [
            -0.5107436481194773,
            7.955783210115109e-87
        ],
        "precision": 0.5750528541226215,
        "recall": 0.556237218813906,
        "auroc": 0.7389484072480135,
        "accuracy": 0.6767208043310131,
        "count": 1293,
        "num_stabilizing": 489,
        "num_destabilizing": 804
    },
    "ssym": {
        "pearson": [
            -0.7299910268645708,
            4.1702953711121405e-308
        ],
        "spearman": [
            -0.728388619938631,
            4.2255519737377485e-306
        ],
        "precision": 0.7377666248431619,
        "recall": 0.7433628318584071,
        "auroc": 0.8569402955730765,
        "accuracy": 0.7775377969762419,
        "count": 1852,
        "num_stabilizing": 791,
        "num_destabilizing": 1061
    },
    "t2226": {
        "pearson": [
            -0.7155905438194977,
            0.0
        ],
        "spearman": [
            -0.7254498822980658,
            0.0
        ],
        "precision": 0.7427427427427428,
        "recall": 0.7489905787348586,
        "auroc": 0.8575050406604683,
        "accuracy": 0.7797299259474372,
        "count": 6887,
        "num_stabilizing": 2972,
        "num_destabilizing": 3915
    },
    "overall": {
        "pearson": [
            -0.7022223190736968,
            0.0
        ],
        "spearman": [
            -0.7098610307361354,
            0.0
        ],
        "precision": 0.7290552584670231,
        "recall": 0.7298683917019853,
        "auroc": 0.8493157054292002,
        "accuracy": 0.7701486883227578,
        "count": 10559,
        "num_stabilizing": 4483,
        "num_destabilizing": 6076
    }
}