{
    "CRIPT": {
        "pearson": [
            0.4614232345210912,
            3.038937685221766e-88
        ],
        "spearman": [
            0.36614270300662827,
            8.616530923108341e-54
        ],
        "count": 1659
    },
    "Tm2F": {
        "pearson": [
            0.4115388432360006,
            8.09541078367175e-69
        ],
        "spearman": [
            0.27665251470570057,
            1.5753651015200021e-30
        ],
        "count": 1659
    }
}