{
    "function_score": {
        "pearson": [
            0.486352426196048,
            3.438438847861834e-87
        ],
        "spearman": [
            0.4028917798756935,
            7.38291120480265e-58
        ],
        "count": 1454
    }
}