{
    "function_score": {
        "pearson": [
            0.5165769699102204,
            2.7505937697327697e-102
        ],
        "spearman": [
            0.43434386528287466,
            1.6469237648078003e-69
        ],
        "count": 1488
    }
}