{
    "1AMQ": {
        "pearson": [
            -0.28415347659047807,
            0.7158465234095219
        ],
        "spearman": [
            -0.39999999999999997,
            0.6
        ],
        "count": 4
    },
    "1BNI": {
        "pearson": [
            -0.7066104601270949,
            0.0069292251277492875
        ],
        "spearman": [
            -0.7796172833472308,
            0.0016754707117916815
        ],
        "count": 13
    },
    "1CEY": {
        "pearson": [
            0.7700524895896425,
            0.44045997104446044
        ],
        "spearman": [
            0.5,
            0.6666666666666667
        ],
        "count": 3
    },
    "1EY0": {
        "pearson": [
            -0.5312209684111483,
            0.00362856045763637
        ],
        "spearman": [
            -0.38970295317342674,
            0.04036962014507638
        ],
        "count": 28
    },
    "1IHB": {
        "pearson": [
            0.09573736314311551,
            0.9389582104907683
        ],
        "spearman": [
            -0.5,
            0.6666666666666667
        ],
        "count": 3
    },
    "1L63": {
        "pearson": [
            -0.7205480847824719,
            3.6496685924949196e-20
        ],
        "spearman": [
            -0.7485166447452599,
            1.9774873776058129e-22
        ],
        "count": 118
    },
    "1LZ1": {
        "pearson": [
            -0.6308267353167404,
            3.8926985908261e-08
        ],
        "spearman": [
            -0.6314217008435491,
            3.74635676182853e-08
        ],
        "count": 62
    },
    "1OH0": {
        "pearson": [
            -1.0,
            1.0
        ],
        "spearman": [
            -0.9999999999999999,
            NaN
        ],
        "count": 2
    },
    "1VQB": {
        "pearson": [
            0.003743774612820787,
            0.9952332892513464
        ],
        "spearman": [
            -0.09999999999999999,
            0.8728885715695383
        ],
        "count": 5
    },
    "2LZM": {
        "pearson": [
            -0.8223459371451328,
            2.544445897556315e-17
        ],
        "spearman": [
            -0.8220072369157447,
            2.6893764592292468e-17
        ],
        "count": 66
    },
    "2RN2": {
        "pearson": [
            -0.36008161158852003,
            0.14216172108453107
        ],
        "spearman": [
            -0.4347847053824782,
            0.07136756852580754
        ],
        "count": 18
    },
    "3ZCF": {
        "pearson": [
            -1.0,
            1.0
        ],
        "spearman": [
            -0.9999999999999999,
            NaN
        ],
        "count": 2
    },
    "4BVM": {
        "pearson": [
            -0.23303294274598166,
            0.7060009636909416
        ],
        "spearman": [
            0.09999999999999999,
            0.8728885715695383
        ],
        "count": 5
    },
    "4LYZ": {
        "pearson": [
            -0.48300740310921475,
            0.0802007152098701
        ],
        "spearman": [
            -0.525974878344558,
            0.053371201009549014
        ],
        "count": 14
    },
    "5PTI": {
        "pearson": [
            0.002796658721414028,
            0.9964391881644747
        ],
        "spearman": [
            -0.6,
            0.28475697986529375
        ],
        "count": 5
    },
    "overall": {
        "pearson": [
            -0.6953215646597074,
            3.780221867318854e-52
        ],
        "spearman": [
            -0.713572473449962,
            4.847207969653348e-56
        ],
        "count": 352
    }
}