{
    "fitness": {
        "pearson": [
            0.286496483911609,
            4.3500756459881156e-30
        ],
        "spearman": [
            0.28426397860410474,
            1.2554617854915216e-29
        ],
        "count": 1519
    }
}