{
    "fitness": {
        "pearson": [
            0.31417653949254376,
            3.780299543378536e-36
        ],
        "spearman": [
            0.31062444429352165,
            2.4691682799077604e-35
        ],
        "count": 1519
    }
}