{
    "CRIPT": {
        "pearson": [
            0.3637836815678748,
            4.496646466697556e-53
        ],
        "spearman": [
            0.34103519013647254,
            1.8577336749113638e-46
        ],
        "count": 1659
    },
    "Tm2F": {
        "pearson": [
            0.26045850131288945,
            3.9475367555634115e-27
        ],
        "spearman": [
            0.21309897560260116,
            1.7224091772364127e-18
        ],
        "count": 1659
    }
}