{
    "log2_ratio": {
        "pearson": [
            0.3472407494757614,
            7.14908344363022e-27
        ],
        "spearman": [
            0.2568964261960144,
            5.134910272966693e-15
        ],
        "count": 899
    }
}