{
    "log2_ratio": {
        "pearson": [
            0.28739712007885987,
            1.4788991709805402e-18
        ],
        "spearman": [
            0.23228123553465882,
            1.769470419047168e-12
        ],
        "count": 899
    }
}