{
    "1AMQ": {
        "pearson": [
            -0.4822232761811263,
            0.5177767238188737
        ],
        "spearman": [
            -0.7999999999999999,
            0.20000000000000007
        ],
        "count": 4
    },
    "1BNI": {
        "pearson": [
            -0.4158296936288446,
            0.1575967201921629
        ],
        "spearman": [
            -0.5013793129653569,
            0.08089054399848099
        ],
        "count": 13
    },
    "1CEY": {
        "pearson": [
            0.9813802927805494,
            0.12304323093977024
        ],
        "spearman": [
            1.0,
            0.0
        ],
        "count": 3
    },
    "1EY0": {
        "pearson": [
            0.1045364168240836,
            0.5965353729298385
        ],
        "spearman": [
            0.011502125111232551,
            0.9536766291237512
        ],
        "count": 28
    },
    "1IHB": {
        "pearson": [
            -0.9021144640175117,
            0.2840287643193699
        ],
        "spearman": [
            -1.0,
            0.0
        ],
        "count": 3
    },
    "1L63": {
        "pearson": [
            -0.6492674264012964,
            1.832037156826162e-15
        ],
        "spearman": [
            -0.6256285245035469,
            3.611650096109447e-14
        ],
        "count": 118
    },
    "1LZ1": {
        "pearson": [
            -0.5391163819764923,
            6.159447948273794e-06
        ],
        "spearman": [
            -0.5512820463938759,
            3.426039491859754e-06
        ],
        "count": 62
    },
    "1OH0": {
        "pearson": [
            -1.0,
            1.0
        ],
        "spearman": [
            -0.9999999999999999,
            NaN
        ],
        "count": 2
    },
    "1VQB": {
        "pearson": [
            0.3546473208970985,
            0.5581017543057859
        ],
        "spearman": [
            0.19999999999999998,
            0.747060078104662
        ],
        "count": 5
    },
    "2LZM": {
        "pearson": [
            -0.561664764388113,
            9.268334766448498e-07
        ],
        "spearman": [
            -0.5967980579650521,
            1.2326956119654046e-07
        ],
        "count": 66
    },
    "2RN2": {
        "pearson": [
            -0.17822410153869794,
            0.4792228508563152
        ],
        "spearman": [
            -0.10766097466613746,
            0.6706802056712777
        ],
        "count": 18
    },
    "3ZCF": {
        "pearson": [
            1.0,
            1.0
        ],
        "spearman": [
            0.9999999999999999,
            NaN
        ],
        "count": 2
    },
    "4BVM": {
        "pearson": [
            0.4292109248966199,
            0.4707881038224727
        ],
        "spearman": [
            0.49999999999999994,
            0.39100221895577053
        ],
        "count": 5
    },
    "4LYZ": {
        "pearson": [
            -0.06728769199715944,
            0.8192171843822869
        ],
        "spearman": [
            -0.08839913921757277,
            0.7637883410168658
        ],
        "count": 14
    },
    "5PTI": {
        "pearson": [
            0.21539756348557118,
            0.727883023177415
        ],
        "spearman": [
            -0.09999999999999999,
            0.8728885715695383
        ],
        "count": 5
    },
    "overall": {
        "pearson": [
            -0.46408128656774417,
            3.348393933026818e-20
        ],
        "spearman": [
            -0.5040559980442167,
            4.42059093563784e-24
        ],
        "count": 352
    }
}