{
    "myoglobin": {
        "pearson": [
            -0.6842764671912163,
            6.550662015560287e-17
        ],
        "spearman": [
            -0.7136746720587361,
            7.242925442426442e-19
        ],
        "precision": 0.7,
        "recall": 0.4375,
        "auroc": 0.8580246913580247,
        "accuracy": 0.7876106194690266,
        "count": 113,
        "num_stabilizing": 32,
        "num_destabilizing": 81
    },
    "p53": {
        "pearson": [
            -0.7137873595532882,
            1.1170637043654948e-07
        ],
        "spearman": [
            -0.6383306341867333,
            5.413174587741639e-06
        ],
        "precision": 0.6666666666666666,
        "recall": 0.5454545454545454,
        "auroc": 0.7624633431085044,
        "accuracy": 0.8095238095238095,
        "count": 42,
        "num_stabilizing": 11,
        "num_destabilizing": 31
    },
    "s669": {
        "pearson": [
            -0.4075370754635987,
            2.786420303332639e-27
        ],
        "spearman": [
            -0.41547194194363263,
            2.1660951723129844e-28
        ],
        "precision": 0.48936170212765956,
        "recall": 0.42073170731707316,
        "auroc": 0.692294096854012,
        "accuracy": 0.7418856259659969,
        "count": 647,
        "num_stabilizing": 164,
        "num_destabilizing": 483
    },
    "ssym": {
        "pearson": [
            -0.6720431873422879,
            6.937017270709028e-46
        ],
        "spearman": [
            -0.6621229484640371,
            3.9157829460697574e-44
        ],
        "precision": 0.5666666666666667,
        "recall": 0.5930232558139535,
        "auroc": 0.8369335416858167,
        "accuracy": 0.7817109144542773,
        "count": 339,
        "num_stabilizing": 86,
        "num_destabilizing": 253
    },
    "t2226": {
        "pearson": [
            -0.5736177178809142,
            8.229376617469924e-149
        ],
        "spearman": [
            -0.5958947324922966,
            2.228366575575807e-163
        ],
        "precision": 0.40532544378698226,
        "recall": 0.4740484429065744,
        "auroc": 0.7886551983154576,
        "accuracy": 0.7916174734356553,
        "count": 1694,
        "num_stabilizing": 289,
        "num_destabilizing": 1405
    },
    "overall": {
        "pearson": [
            -0.5551978999492111,
            5.29285299437877e-229
        ],
        "spearman": [
            -0.5628836027631394,
            1.0663452332181132e-236
        ],
        "precision": 0.46321070234113715,
        "recall": 0.47594501718213056,
        "auroc": 0.7723665124621925,
        "accuracy": 0.7791887125220458,
        "count": 2835,
        "num_stabilizing": 582,
        "num_destabilizing": 2253
    }
}