{
    "2LZM": {
        "pearson": [
            -0.8603560178561082,
            1.3808715848782453e-10
        ],
        "spearman": [
            -0.8381704642446942,
            1.1544784575356061e-09
        ],
        "count": 33
    }
}