{
    "2LZM": {
        "pearson": [
            -0.8647247980151181,
            8.70866691370008e-11
        ],
        "spearman": [
            -0.8087316293400711,
            1.2388057037448716e-08
        ],
        "count": 33
    }
}