{
    "score": {
        "pearson": [
            0.5431837207393639,
            3.415928139324063e-269
        ],
        "spearman": [
            0.4920066121794562,
            7.65981932858509e-214
        ],
        "count": 3517
    }
}