{
    "score": {
        "pearson": [
            0.5497788219865588,
            4.412023364344537e-298
        ],
        "spearman": [
            0.47863276684716616,
            4.4078647566274156e-216
        ],
        "count": 3786
    }
}