{
    "score": {
        "pearson": [
            0.5352858071762029,
            5.0923462316417614e-260
        ],
        "spearman": [
            0.48467110064756935,
            1.1797140593720659e-206
        ],
        "count": 3517
    }
}