{
    "linear": {
        "pearson": [
            0.3567495166967107,
            2.640072503182244e-12
        ],
        "spearman": [
            0.40423267079090863,
            1.1581156609130264e-15
        ],
        "count": 362
    }
}