{
    "myoglobin": {
        "pearson": [
            -0.5478456102275492,
            3.3837061105605086e-10
        ],
        "spearman": [
            -0.5774374056187183,
            2.151378652042154e-11
        ],
        "precision": 0.625,
        "recall": 0.15625,
        "auroc": 0.7901234567901234,
        "accuracy": 0.7345132743362832,
        "count": 113,
        "num_stabilizing": 32,
        "num_destabilizing": 81
    },
    "p53": {
        "pearson": [
            -0.7548820033607752,
            7.678589314933371e-09
        ],
        "spearman": [
            -0.7430307966050728,
            1.7493491011246114e-08
        ],
        "precision": 0.6363636363636364,
        "recall": 0.6363636363636364,
        "auroc": 0.8387096774193549,
        "accuracy": 0.8095238095238095,
        "count": 42,
        "num_stabilizing": 11,
        "num_destabilizing": 31
    },
    "s669": {
        "pearson": [
            -0.2877929606306206,
            1.4790345712786126e-13
        ],
        "spearman": [
            -0.29415726488203575,
            4.0317884458936626e-14
        ],
        "precision": 0.45454545454545453,
        "recall": 0.3125,
        "auroc": 0.6308939873417722,
        "accuracy": 0.7318611987381703,
        "count": 634,
        "num_stabilizing": 160,
        "num_destabilizing": 474
    },
    "ssym": {
        "pearson": [
            -0.5418841653227788,
            2.8968461302514952e-27
        ],
        "spearman": [
            -0.5812376426575598,
            5.052877834735699e-32
        ],
        "precision": 0.6410256410256411,
        "recall": 0.29069767441860467,
        "auroc": 0.7729111131537826,
        "accuracy": 0.7787610619469026,
        "count": 339,
        "num_stabilizing": 86,
        "num_destabilizing": 253
    },
    "t2226": {
        "pearson": [
            -0.40991732110464785,
            1.2129109258240605e-69
        ],
        "spearman": [
            -0.4883095916207966,
            3.2872789978816907e-102
        ],
        "precision": 0.4880952380952381,
        "recall": 0.2837370242214533,
        "auroc": 0.7526481055055474,
        "accuracy": 0.8270365997638724,
        "count": 1694,
        "num_stabilizing": 289,
        "num_destabilizing": 1405
    },
    "overall": {
        "pearson": [
            -0.40960861766288853,
            1.2589589872772363e-114
        ],
        "spearman": [
            -0.46552378954221146,
            8.654584167987236e-152
        ],
        "precision": 0.5029761904761905,
        "recall": 0.29238754325259514,
        "auroc": 0.7309765680414978,
        "accuracy": 0.7958894401133948,
        "count": 2822,
        "num_stabilizing": 578,
        "num_destabilizing": 2244
    }
}