{
    "ETP_AVERAGE": {
        "pearson": [
            0.10911042392083346,
            1.736573138989332e-19
        ],
        "spearman": [
            0.10169895706771025,
            4.0261306114097396e-17
        ],
        "count": 6809
    },
    "DOX_Average": {
        "pearson": [
            -0.07758719574821903,
            1.4482818566876447e-10
        ],
        "spearman": [
            -0.09050304728293079,
            7.320196665779192e-14
        ],
        "count": 6809
    },
    "SCH_Average": {
        "pearson": [
            0.11875191756665009,
            8.195804628918608e-23
        ],
        "spearman": [
            0.10806443355631934,
            3.8331773852904533e-19
        ],
        "count": 6809
    },
    "VRT_AVERAGE": {
        "pearson": [
            0.1321325539007456,
            6.705733709298097e-28
        ],
        "spearman": [
            0.12859678968317476,
            1.6758695449444574e-26
        ],
        "count": 6809
    }
}