{
    "ETP_AVERAGE": {
        "pearson": [
            0.11967728828320165,
            4.523278504848505e-22
        ],
        "spearman": [
            0.110957927345551,
            3.5458161485809667e-19
        ],
        "count": 6469
    },
    "DOX_Average": {
        "pearson": [
            -0.07126959128088677,
            9.556955016610772e-09
        ],
        "spearman": [
            -0.09105314300528194,
            2.1803946963136927e-13
        ],
        "count": 6469
    },
    "SCH_Average": {
        "pearson": [
            0.1368334117404054,
            2.063403936176011e-28
        ],
        "spearman": [
            0.1307517723966144,
            4.580990166509147e-26
        ],
        "count": 6469
    },
    "VRT_AVERAGE": {
        "pearson": [
            0.143200795828513,
            5.508859166143977e-31
        ],
        "spearman": [
            0.14249387777328965,
            1.0782061360840356e-30
        ],
        "count": 6469
    }
}