{
    "score": {
        "pearson": [
            0.3683927669460182,
            5.041703881369075e-122
        ],
        "spearman": [
            0.4060379404669342,
            2.9218523399686505e-150
        ],
        "count": 3786
    }
}