{
    "score": {
        "pearson": [
            0.34243056487752854,
            2.4873549145221453e-97
        ],
        "spearman": [
            0.4021487129221674,
            7.533682557467413e-137
        ],
        "count": 3517
    }
}