{
    "score": {
        "pearson": [
            0.34879865847805375,
            3.7339940160597665e-101
        ],
        "spearman": [
            0.39417343481857225,
            4.4313112622213417e-131
        ],
        "count": 3517
    }
}