{
    "myoglobin": {
        "pearson": [
            -0.5151757108603948,
            2.7527005592464447e-33
        ],
        "spearman": [
            -0.5564173122269127,
            1.2240221976755326e-39
        ],
        "precision": 0.6804123711340206,
        "recall": 0.6226415094339622,
        "auroc": 0.7890289211043928,
        "accuracy": 0.6985138004246284,
        "count": 471,
        "num_stabilizing": 212,
        "num_destabilizing": 259
    },
    "p53": {
        "pearson": [
            -0.804870699155987,
            7.702579160300247e-14
        ],
        "spearman": [
            -0.8093309437390349,
            4.3869478601320906e-14
        ],
        "precision": 0.8125,
        "recall": 0.6842105263157895,
        "auroc": 0.8904694167852062,
        "accuracy": 0.8392857142857143,
        "count": 56,
        "num_stabilizing": 19,
        "num_destabilizing": 37
    },
    "s669": {
        "pearson": [
            -0.39457434720504697,
            2.6095533424995785e-49
        ],
        "spearman": [
            -0.4281546069327338,
            1.1925886023521446e-58
        ],
        "precision": 0.5859728506787331,
        "recall": 0.5307377049180327,
        "auroc": 0.7101508523772537,
        "accuracy": 0.6806201550387597,
        "count": 1290,
        "num_stabilizing": 488,
        "num_destabilizing": 802
    },
    "ssym": {
        "pearson": [
            -0.5734151899705247,
            2.2101411367961074e-162
        ],
        "spearman": [
            -0.5869315054506553,
            6.854852161962539e-172
        ],
        "precision": 0.6789617486338798,
        "recall": 0.6283185840707964,
        "auroc": 0.7727640479427489,
        "accuracy": 0.7143628509719222,
        "count": 1852,
        "num_stabilizing": 791,
        "num_destabilizing": 1061
    },
    "t2226": {
        "pearson": [
            -0.5679891701788069,
            0.0
        ],
        "spearman": [
            -0.6120581086878172,
            0.0
        ],
        "precision": 0.6959669079627715,
        "recall": 0.6793405114401077,
        "auroc": 0.8049000548327601,
        "accuracy": 0.7335559750254101,
        "count": 6887,
        "num_stabilizing": 2972,
        "num_destabilizing": 3915
    },
    "overall": {
        "pearson": [
            -0.5496380469989492,
            0.0
        ],
        "spearman": [
            -0.5851526526617513,
            0.0
        ],
        "precision": 0.6814469078179697,
        "recall": 0.6514948683623383,
        "auroc": 0.7879443725217335,
        "accuracy": 0.7227169382341796,
        "count": 10556,
        "num_stabilizing": 4482,
        "num_destabilizing": 6074
    }
}