{
    "function_score": {
        "pearson": [
            0.41443901990158494,
            6.487335782122513e-32
        ],
        "spearman": [
            0.3599473608627007,
            6.202925635819108e-24
        ],
        "count": 736
    }
}