{
    "Ami11_avg": {
        "pearson": [
            0.1063236801810766,
            3.228255137877624e-14
        ],
        "spearman": [
            0.11749528527814206,
            4.800102945954377e-17
        ],
        "count": 5068
    },
    "Ami12_avg": {
        "pearson": [
            0.28073103623302925,
            1.5548803476525523e-89
        ],
        "spearman": [
            0.36044218358135666,
            1.9956899254562615e-150
        ],
        "count": 4906
    },
    "Ami14_avg": {
        "pearson": [
            0.29533761244461554,
            1.2395745541646235e-98
        ],
        "spearman": [
            0.3542610390121731,
            5.265670313951226e-144
        ],
        "count": 4871
    },
    "Ami18_avg": {
        "pearson": [
            0.014311757934422263,
            0.3077952728458091
        ],
        "spearman": [
            0.033411264551033354,
            0.017245229045919852
        ],
        "count": 5080
    },
    "G41811_avg": {
        "pearson": [
            0.2527801843040368,
            2.173881196246076e-72
        ],
        "spearman": [
            0.29433108204499664,
            1.235309108933602e-98
        ],
        "count": 4906
    },
    "G41812_avg": {
        "pearson": [
            0.40662278513850947,
            1.933157210445869e-191
        ],
        "spearman": [
            0.4772989205485509,
            6.177069961734735e-273
        ],
        "count": 4822
    },
    "G41814_avg": {
        "pearson": [
            0.42903954293740293,
            2.930893053259255e-225
        ],
        "spearman": [
            0.430091756214147,
            1.782527100894074e-226
        ],
        "count": 5049
    },
    "Kan11_avg": {
        "pearson": [
            0.27171078251919434,
            2.246686165396738e-83
        ],
        "spearman": [
            0.31555774357118416,
            2.5576944812729136e-113
        ],
        "count": 4882
    },
    "Kan12_avg": {
        "pearson": [
            0.39715208278602293,
            1.4378509144454512e-178
        ],
        "spearman": [
            0.47268138660785514,
            4.675102663095586e-262
        ],
        "count": 4732
    },
    "Kan14_avg": {
        "pearson": [
            0.4266347673172575,
            1.3768363593736365e-213
        ],
        "spearman": [
            0.4761460197682606,
            9.898710815157038e-273
        ],
        "count": 4845
    },
    "Kan18_avg": {
        "pearson": [
            0.4487617183145504,
            7.015037972239733e-249
        ],
        "spearman": [
            0.4591770287207843,
            5.974418574343672e-262
        ],
        "count": 5051
    },
    "Neo11_avg": {
        "pearson": [
            0.2396856495116202,
            1.06234683404955e-65
        ],
        "spearman": [
            0.26235898837188376,
            8.251881280012592e-79
        ],
        "count": 4956
    },
    "Neo12_avg": {
        "pearson": [
            0.41916225261120926,
            6.621169930320779e-206
        ],
        "spearman": [
            0.4962854379075739,
            2.433175293021943e-300
        ],
        "count": 4855
    },
    "Neo14_avg": {
        "pearson": [
            0.4688390636153608,
            1.7164807013845497e-272
        ],
        "spearman": [
            0.4854341076370653,
            7.965948045125013e-295
        ],
        "count": 5014
    },
    "Neo18_avg": {
        "pearson": [
            0.4124800720799201,
            6.931417283308718e-207
        ],
        "spearman": [
            0.39611409864847413,
            1.6375146531997784e-189
        ],
        "count": 5054
    },
    "Paro11_avg": {
        "pearson": [
            0.14512964092083683,
            3.086443053384127e-25
        ],
        "spearman": [
            0.1555093388611241,
            8.936351569872342e-29
        ],
        "count": 5063
    },
    "Paro12_avg": {
        "pearson": [
            0.2994675782639119,
            1.3669228245251499e-101
        ],
        "spearman": [
            0.36713029051736495,
            1.8378009570054215e-155
        ],
        "count": 4876
    },
    "Paro14_avg": {
        "pearson": [
            0.39953577658928685,
            8.755788797558957e-185
        ],
        "spearman": [
            0.46866332524425647,
            1.2952477385436776e-262
        ],
        "count": 4835
    },
    "Paro18_avg": {
        "pearson": [
            0.4510352138015622,
            1.6679960109850003e-246
        ],
        "spearman": [
            0.4978293300346928,
            4.026563528416412e-308
        ],
        "count": 4946
    },
    "Ribo11_avg": {
        "pearson": [
            0.2903960449461113,
            1.212390121125642e-95
        ],
        "spearman": [
            0.36581476768219123,
            1.0169425270011278e-154
        ],
        "count": 4890
    },
    "Ribo12_avg": {
        "pearson": [
            0.43948194667632595,
            2.6063586647926743e-229
        ],
        "spearman": [
            0.5132627296364651,
            0.0
        ],
        "count": 4873
    },
    "Ribo14_avg": {
        "pearson": [
            0.486126342451763,
            2.9776818078745887e-296
        ],
        "spearman": [
            0.5145230113191069,
            0.0
        ],
        "count": 5022
    },
    "Ribo18_avg": {
        "pearson": [
            0.47971563834085246,
            4.538417011030383e-288
        ],
        "spearman": [
            0.4721969944198625,
            5.928133149623939e-278
        ],
        "count": 5033
    }
}