{
    "Ami11_avg": {
        "pearson": [
            0.11347584329947462,
            1.681322693352026e-16
        ],
        "spearman": [
            0.12128052947773398,
            1.2088574934449608e-18
        ],
        "count": 5245
    },
    "Ami12_avg": {
        "pearson": [
            0.2958818082630196,
            1.7004226914092695e-102
        ],
        "spearman": [
            0.37512220974086113,
            2.332375155145858e-168
        ],
        "count": 5046
    },
    "Ami14_avg": {
        "pearson": [
            0.3012833177321555,
            2.283302314698939e-105
        ],
        "spearman": [
            0.35600880938184004,
            3.190293921978433e-149
        ],
        "count": 4997
    },
    "Ami18_avg": {
        "pearson": [
            0.016918688424405703,
            0.21997101939658453
        ],
        "spearman": [
            0.03212328970671921,
            0.01983928968879166
        ],
        "count": 5258
    },
    "G41811_avg": {
        "pearson": [
            0.2649342127883646,
            6.625652931753715e-82
        ],
        "spearman": [
            0.3110323564043598,
            9.606512624568071e-114
        ],
        "count": 5052
    },
    "G41812_avg": {
        "pearson": [
            0.4098061577542453,
            3.492831321389134e-200
        ],
        "spearman": [
            0.4784990535856834,
            3.1072441416250348e-282
        ],
        "count": 4959
    },
    "G41814_avg": {
        "pearson": [
            0.4264836727563999,
            5.281607967872921e-230
        ],
        "spearman": [
            0.42687686027090715,
            1.8076748531376227e-230
        ],
        "count": 5225
    },
    "Kan11_avg": {
        "pearson": [
            0.2894465143659164,
            2.991772385342931e-97
        ],
        "spearman": [
            0.3353863889861577,
            6.470172544805854e-132
        ],
        "count": 5008
    },
    "Kan12_avg": {
        "pearson": [
            0.4026670722523906,
            2.825711486573632e-188
        ],
        "spearman": [
            0.4773858478514432,
            2.76471867322342e-274
        ],
        "count": 4844
    },
    "Kan14_avg": {
        "pearson": [
            0.4323572498623008,
            9.06211648666274e-227
        ],
        "spearman": [
            0.47704554589813297,
            1.988547645412617e-282
        ],
        "count": 4997
    },
    "Kan18_avg": {
        "pearson": [
            0.44875694836919117,
            2.494033406163665e-257
        ],
        "spearman": [
            0.4560567930918329,
            9.388242890069474e-267
        ],
        "count": 5224
    },
    "Neo11_avg": {
        "pearson": [
            0.25122258182691787,
            5.9708790190814845e-74
        ],
        "spearman": [
            0.272773631459984,
            2.3519222536686787e-87
        ],
        "count": 5079
    },
    "Neo12_avg": {
        "pearson": [
            0.4123060844823595,
            2.7099612414386803e-203
        ],
        "spearman": [
            0.4834870693522294,
            1.3543346797051965e-289
        ],
        "count": 4970
    },
    "Neo14_avg": {
        "pearson": [
            0.45707180743061065,
            7.669857759945543e-266
        ],
        "spearman": [
            0.468064670469125,
            2.1186038655105208e-280
        ],
        "count": 5180
    },
    "Neo18_avg": {
        "pearson": [
            0.4048085758519252,
            2.5968643847560345e-205
        ],
        "spearman": [
            0.38493335597712913,
            3.419792592876344e-184
        ],
        "count": 5226
    },
    "Paro11_avg": {
        "pearson": [
            0.15949147966925847,
            3.9506600559834335e-31
        ],
        "spearman": [
            0.17080117206766446,
            1.6188950653348492e-35
        ],
        "count": 5228
    },
    "Paro12_avg": {
        "pearson": [
            0.3060046714834041,
            1.1906241459085312e-108
        ],
        "spearman": [
            0.37438917336304955,
            8.082930081900632e-166
        ],
        "count": 4990
    },
    "Paro14_avg": {
        "pearson": [
            0.4056555692678164,
            9.044047938258524e-196
        ],
        "spearman": [
            0.4700113394850863,
            5.43465909903862e-271
        ],
        "count": 4958
    },
    "Paro18_avg": {
        "pearson": [
            0.4488735600239185,
            3.600856021641393e-251
        ],
        "spearman": [
            0.4926544203337628,
            7.9294166126167e-310
        ],
        "count": 5095
    },
    "Ribo11_avg": {
        "pearson": [
            0.2976152013338345,
            7.955052642249265e-103
        ],
        "spearman": [
            0.3667021099210751,
            5.293345499886556e-159
        ],
        "count": 5001
    },
    "Ribo12_avg": {
        "pearson": [
            0.4339642291414069,
            7.414710303375407e-229
        ],
        "spearman": [
            0.5022011301636123,
            0.0
        ],
        "count": 5002
    },
    "Ribo14_avg": {
        "pearson": [
            0.4749419445376568,
            5.257242581182762e-290
        ],
        "spearman": [
            0.4985100802820914,
            0.0
        ],
        "count": 5184
    },
    "Ribo18_avg": {
        "pearson": [
            0.4651583013115292,
            1.4705957800739913e-277
        ],
        "spearman": [
            0.451714751588664,
            6.256581491857296e-260
        ],
        "count": 5200
    }
}