{
    "fitness": {
        "pearson": [
            0.06523785593046678,
            0.010983622892919336
        ],
        "spearman": [
            0.06357273436700003,
            0.013205698334277396
        ],
        "count": 1519
    }
}