{
    "fitness": {
        "pearson": [
            0.060053588184840724,
            0.01924579259272123
        ],
        "spearman": [
            0.05935574883469455,
            0.020695865778736805
        ],
        "count": 1519
    }
}