{
    "fitness": {
        "pearson": [
            0.3415129112533782,
            8.406748387376836e-43
        ],
        "spearman": [
            0.3428075748225354,
            3.912520646911152e-43
        ],
        "count": 1519
    }
}