{
    "fitness": {
        "pearson": [
            0.38198662453626636,
            5.91180473902647e-54
        ],
        "spearman": [
            0.38327916720942795,
            2.446494015903146e-54
        ],
        "count": 1519
    }
}