{
    "screenscore": {
        "pearson": [
            0.1737703007604923,
            9.102937566414924e-15
        ],
        "spearman": [
            0.12801662911199602,
            1.2685973501186457e-08
        ],
        "count": 1962
    }
}