{
    "screenscore": {
        "pearson": [
            0.04283213826616029,
            0.06476771115760584
        ],
        "spearman": [
            0.02259591068884752,
            0.3300668273819989
        ],
        "count": 1860
    }
}