{
    "selection_coefficient": {
        "pearson": [
            0.32751746952025246,
            4.114731815831495e-33
        ],
        "spearman": [
            0.29845538492293644,
            1.6003274481868974e-27
        ],
        "count": 1269
    }
}