{
    "selection_coefficient": {
        "pearson": [
            0.296904242745098,
            3.056411519676781e-27
        ],
        "spearman": [
            0.28351329939501924,
            6.919113305724256e-25
        ],
        "count": 1269
    }
}