{
    "selection_coefficient": {
        "pearson": [
            0.305093812255414,
            9.594678606580668e-29
        ],
        "spearman": [
            0.3159752197240212,
            8.11359221696935e-31
        ],
        "count": 1269
    }
}