{
    "react_rel": {
        "pearson": [
            0.44543119652092417,
            7.177444754534818e-71
        ],
        "spearman": [
            0.3114984046500764,
            1.1668507137666481e-33
        ],
        "count": 1435
    }
}