{
    "react_rel": {
        "pearson": [
            0.4638510181877258,
            1.8528059620186457e-77
        ],
        "spearman": [
            0.3429672672897523,
            7.018041409375036e-41
        ],
        "count": 1435
    }
}