{
    "react_rel": {
        "pearson": [
            0.43959554701716697,
            7.246498059587462e-69
        ],
        "spearman": [
            0.27523870363142255,
            2.325017951106439e-26
        ],
        "count": 1435
    }
}