{
    "ETP_AVERAGE": {
        "pearson": [
            0.15130085438370702,
            3.737105955197451e-36
        ],
        "spearman": [
            0.1669357505295913,
            9.64369295329572e-44
        ],
        "count": 6809
    },
    "DOX_Average": {
        "pearson": [
            0.012771138697816289,
            0.2920288711028911
        ],
        "spearman": [
            5.358122804779409e-05,
            0.9964729368500491
        ],
        "count": 6809
    },
    "SCH_Average": {
        "pearson": [
            0.16031715529745924,
            1.9556071265671116e-40
        ],
        "spearman": [
            0.15806682013090437,
            2.4205803131631695e-39
        ],
        "count": 6809
    },
    "VRT_AVERAGE": {
        "pearson": [
            0.15804043203451723,
            2.4925092422161855e-39
        ],
        "spearman": [
            0.17361545928257713,
            3.195411603845533e-47
        ],
        "count": 6809
    }
}