{
    "ETP_AVERAGE": {
        "pearson": [
            0.1595959322007098,
            2.831517543264673e-38
        ],
        "spearman": [
            0.17709447622288726,
            7.358340503110747e-47
        ],
        "count": 6488
    },
    "DOX_Average": {
        "pearson": [
            0.011393806557184737,
            0.3588269178718443
        ],
        "spearman": [
            -0.0037311368110508874,
            0.763811657997699
        ],
        "count": 6488
    },
    "SCH_Average": {
        "pearson": [
            0.16630400057160072,
            1.8676375805080796e-41
        ],
        "spearman": [
            0.17118048631089652,
            7.465155905942188e-44
        ],
        "count": 6488
    },
    "VRT_AVERAGE": {
        "pearson": [
            0.1632583178389465,
            5.3998228236430494e-40
        ],
        "spearman": [
            0.18347102605229051,
            3.195649150886897e-50
        ],
        "count": 6488
    }
}