{
    "myoglobin": {
        "pearson": [
            -0.6205667164716927,
            1.7620658438052197e-51
        ],
        "spearman": [
            -0.7143376994999511,
            1.0102994479193933e-74
        ],
        "precision": 0.7788944723618091,
        "recall": 0.7311320754716981,
        "auroc": 0.879398266190719,
        "accuracy": 0.7855626326963907,
        "count": 471,
        "num_stabilizing": 212,
        "num_destabilizing": 259
    },
    "p53": {
        "pearson": [
            -0.7148554432724359,
            6.071224785027967e-10
        ],
        "spearman": [
            -0.5887721118648852,
            1.8158922096648947e-06
        ],
        "precision": 0.625,
        "recall": 0.5263157894736842,
        "auroc": 0.7581792318634424,
        "accuracy": 0.7321428571428571,
        "count": 56,
        "num_stabilizing": 19,
        "num_destabilizing": 37
    },
    "s669": {
        "pearson": [
            -0.46016736909869965,
            9.493120835385479e-69
        ],
        "spearman": [
            -0.47775481083769816,
            1.0773408122656073e-74
        ],
        "precision": 0.5969827586206896,
        "recall": 0.5664621676891616,
        "auroc": 0.7224549542675173,
        "accuracy": 0.691415313225058,
        "count": 1293,
        "num_stabilizing": 489,
        "num_destabilizing": 804
    },
    "ssym": {
        "pearson": [
            -0.6588030696548399,
            6.154380747226048e-231
        ],
        "spearman": [
            -0.6352395903572553,
            7.672172565249313e-210
        ],
        "precision": 0.6650124069478908,
        "recall": 0.6776232616940582,
        "auroc": 0.7977333360341541,
        "accuracy": 0.7165226781857451,
        "count": 1852,
        "num_stabilizing": 791,
        "num_destabilizing": 1061
    },
    "t2226": {
        "pearson": [
            -0.6681089043769003,
            0.0
        ],
        "spearman": [
            -0.6590845028398559,
            0.0
        ],
        "precision": 0.6906523201075991,
        "recall": 0.6911170928667564,
        "auroc": 0.8121427920703923,
        "accuracy": 0.733120371714825,
        "count": 6887,
        "num_stabilizing": 2972,
        "num_destabilizing": 3915
    },
    "overall": {
        "pearson": [
            -0.649014796820453,
            0.0
        ],
        "spearman": [
            -0.6389334031357343,
            0.0
        ],
        "precision": 0.6799730881363535,
        "recall": 0.676332812848539,
        "auroc": 0.803290614958683,
        "accuracy": 0.7274363102566531,
        "count": 10559,
        "num_stabilizing": 4483,
        "num_destabilizing": 6076
    }
}