{
    "screenscore": {
        "pearson": [
            0.37726341329843144,
            1.1164893708501744e-26
        ],
        "spearman": [
            0.3975807205348144,
            1.0677492144357174e-29
        ],
        "count": 747
    }
}