{
    "screenscore": {
        "pearson": [
            0.46923635724146096,
            6.775130037136185e-80
        ],
        "spearman": [
            0.464818919559037,
            3.06397149703813e-78
        ],
        "count": 1443
    }
}