{
    "screenscore": {
        "pearson": [
            0.4505343704675647,
            9.787232676321233e-91
        ],
        "spearman": [
            0.38822094102731014,
            7.36696873740483e-66
        ],
        "count": 1801
    }
}