{
    "Caffeine": {
        "pearson": [
            0.3186960616180346,
            8.554046497003186e-32
        ],
        "spearman": [
            0.2913004876351843,
            1.3093212498065306e-26
        ],
        "count": 1288
    },
    "DMSO": {
        "pearson": [
            0.2901925945303088,
            4.184088953574877e-27
        ],
        "spearman": [
            0.24697847793917874,
            7.518438401434763e-20
        ],
        "count": 1324
    },
    "DTT": {
        "pearson": [
            0.2900511621668647,
            2.6146588780859634e-26
        ],
        "spearman": [
            0.27474673757416335,
            1.136444636115568e-23
        ],
        "count": 1284
    },
    "HU": {
        "pearson": [
            0.2794847131655862,
            2.8349590656125853e-24
        ],
        "spearman": [
            0.20265911240079476,
            2.8890707754388074e-13
        ],
        "count": 1273
    },
    "MG132": {
        "pearson": [
            0.3229006670940731,
            1.4804756734445952e-31
        ],
        "spearman": [
            0.23423893550561,
            5.923726151088852e-17
        ],
        "count": 1243
    }
}