{
    "Caffeine": {
        "pearson": [
            0.3064069980169306,
            2.1209919445915673e-29
        ],
        "spearman": [
            0.27481544185503953,
            9.444962170331489e-24
        ],
        "count": 1288
    },
    "DMSO": {
        "pearson": [
            0.27393607886486504,
            3.210763442440806e-24
        ],
        "spearman": [
            0.2241434029963463,
            1.5396192225386553e-16
        ],
        "count": 1324
    },
    "DTT": {
        "pearson": [
            0.2768101958840724,
            5.122131289678966e-24
        ],
        "spearman": [
            0.2577841043943996,
            6.157850420616346e-21
        ],
        "count": 1284
    },
    "HU": {
        "pearson": [
            0.2635730340383415,
            1.1281339317229863e-21
        ],
        "spearman": [
            0.18604416026779902,
            2.2338506884392315e-11
        ],
        "count": 1273
    },
    "MG132": {
        "pearson": [
            0.315565006073049,
            3.851216999343114e-30
        ],
        "spearman": [
            0.22695801542611901,
            5.516350507761335e-16
        ],
        "count": 1243
    }
}