{
    "Caffeine": {
        "pearson": [
            0.35653818132970483,
            6.7109321067606434e-40
        ],
        "spearman": [
            0.2987003414866239,
            5.900833015575163e-28
        ],
        "count": 1288
    },
    "DMSO": {
        "pearson": [
            0.3271138638518765,
            2.1654253724727534e-34
        ],
        "spearman": [
            0.2570975565545509,
            1.9744015392719624e-21
        ],
        "count": 1324
    },
    "DTT": {
        "pearson": [
            0.33169403123251107,
            2.3819178237035017e-34
        ],
        "spearman": [
            0.28971350942203666,
            3.0019771179653015e-26
        ],
        "count": 1284
    },
    "HU": {
        "pearson": [
            0.329204088097134,
            1.4800034859620045e-33
        ],
        "spearman": [
            0.24311543889717316,
            1.3933867929937675e-18
        ],
        "count": 1273
    },
    "MG132": {
        "pearson": [
            0.3677465762575802,
            4.282451701270753e-41
        ],
        "spearman": [
            0.25706692233967815,
            3.283127118010576e-20
        ],
        "count": 1243
    }
}