{
    "2LZM": {
        "pearson": [
            -0.6342476673257337,
            7.387576044852562e-05
        ],
        "spearman": [
            -0.5298990282832151,
            0.0015161769536187971
        ],
        "count": 33
    }
}