{
    "2LZM": {
        "pearson": [
            -0.6183868785926503,
            0.00012537165604340245
        ],
        "spearman": [
            -0.5344152131833562,
            0.0013568154454591018
        ],
        "count": 33
    }
}