{
    "1AMQ": {
        "pearson": [
            -0.9756886883381083,
            0.02431131166189182
        ],
        "spearman": [
            -1.0,
            0.0
        ],
        "count": 4
    },
    "1BNI": {
        "pearson": [
            -0.5833409333944969,
            0.036372492684383
        ],
        "spearman": [
            -0.608817737172219,
            0.02722145871767689
        ],
        "count": 13
    },
    "1CEY": {
        "pearson": [
            0.6947408086955275,
            0.5110381487699764
        ],
        "spearman": [
            0.5,
            0.6666666666666667
        ],
        "count": 3
    },
    "1EY0": {
        "pearson": [
            -0.48197084112060207,
            0.009400293108286873
        ],
        "spearman": [
            -0.3261674049399516,
            0.09028251504125781
        ],
        "count": 28
    },
    "1IHB": {
        "pearson": [
            -0.8470375264504117,
            0.3567677596785851
        ],
        "spearman": [
            -1.0,
            0.0
        ],
        "count": 3
    },
    "1L63": {
        "pearson": [
            -0.7638021684603942,
            8.458609983714731e-24
        ],
        "spearman": [
            -0.7909993306207512,
            1.6463556278126722e-26
        ],
        "count": 118
    },
    "1LZ1": {
        "pearson": [
            -0.6466446612110408,
            1.3660524600616349e-08
        ],
        "spearman": [
            -0.6258417186024092,
            5.349465703902733e-08
        ],
        "count": 62
    },
    "1OH0": {
        "pearson": [
            -1.0,
            1.0
        ],
        "spearman": [
            -0.9999999999999999,
            NaN
        ],
        "count": 2
    },
    "1VQB": {
        "pearson": [
            -0.009303521809458816,
            0.988154559012955
        ],
        "spearman": [
            -0.09999999999999999,
            0.8728885715695383
        ],
        "count": 5
    },
    "2LZM": {
        "pearson": [
            -0.8340607229784149,
            3.473240301738595e-18
        ],
        "spearman": [
            -0.8356050087110425,
            2.640720921142495e-18
        ],
        "count": 66
    },
    "2RN2": {
        "pearson": [
            -0.5329639963281322,
            0.022761935809895852
        ],
        "spearman": [
            -0.43064389866454983,
            0.07441576533562265
        ],
        "count": 18
    },
    "3ZCF": {
        "pearson": [
            -1.0,
            1.0
        ],
        "spearman": [
            -0.9999999999999999,
            NaN
        ],
        "count": 2
    },
    "4BVM": {
        "pearson": [
            -0.3389313983790949,
            0.5768698706113454
        ],
        "spearman": [
            -0.3,
            0.6238376647810728
        ],
        "count": 5
    },
    "4LYZ": {
        "pearson": [
            -0.4249094460670585,
            0.12990210507946748
        ],
        "spearman": [
            -0.464095480892257,
            0.09458686673699153
        ],
        "count": 14
    },
    "5PTI": {
        "pearson": [
            0.12786865483657245,
            0.8376373275412181
        ],
        "spearman": [
            0.09999999999999999,
            0.8728885715695383
        ],
        "count": 5
    },
    "overall": {
        "pearson": [
            -0.7001185655890707,
            3.8299083368362543e-53
        ],
        "spearman": [
            -0.7250273501577955,
            1.2108625019211323e-58
        ],
        "count": 352
    }
}