{
    "CRIPT": {
        "pearson": [
            0.29494651686381296,
            1.1813703845106883e-34
        ],
        "spearman": [
            0.2052887536518163,
            3.030560757136224e-17
        ],
        "count": 1659
    },
    "Tm2F": {
        "pearson": [
            0.25811804093947455,
            1.1704789890536999e-26
        ],
        "spearman": [
            0.17226976617594408,
            1.614556938744131e-12
        ],
        "count": 1659
    }
}