{
    "myoglobin": {
        "pearson": [
            -0.6122359484952351,
            8.68509828321359e-50
        ],
        "spearman": [
            -0.6305577600222145,
            1.4044715843931794e-53
        ],
        "precision": 0.6816143497757847,
        "recall": 0.7169811320754716,
        "auroc": 0.8153638814016172,
        "accuracy": 0.721868365180467,
        "count": 471,
        "num_stabilizing": 212,
        "num_destabilizing": 259
    },
    "p53": {
        "pearson": [
            -0.10260257324760691,
            0.45176298995418945
        ],
        "spearman": [
            0.02853969078179375,
            0.8346067195091593
        ],
        "precision": 0.32,
        "recall": 0.42105263157894735,
        "auroc": 0.5433854907539117,
        "accuracy": 0.5,
        "count": 56,
        "num_stabilizing": 19,
        "num_destabilizing": 37
    },
    "s669": {
        "pearson": [
            -0.2545710046180957,
            1.0860803029068767e-19
        ],
        "spearman": [
            -0.3004875761209856,
            3.7964404373174436e-27
        ],
        "precision": 0.494195688225539,
        "recall": 0.6286919831223629,
        "auroc": 0.6511690932439418,
        "accuracy": 0.6098945660989457,
        "count": 1233,
        "num_stabilizing": 474,
        "num_destabilizing": 759
    },
    "ssym": {
        "pearson": [
            -0.37449218852413735,
            9.779450978420837e-63
        ],
        "spearman": [
            -0.3765745110084987,
            1.805071268111943e-63
        ],
        "precision": 0.5887005649717514,
        "recall": 0.6586599241466498,
        "auroc": 0.6885562245383086,
        "accuracy": 0.6576673866090713,
        "count": 1852,
        "num_stabilizing": 791,
        "num_destabilizing": 1061
    },
    "t2226": {
        "pearson": [
            -0.416307407346425,
            6.487678390057531e-287
        ],
        "spearman": [
            -0.3906024947127907,
            7.723123218449809e-250
        ],
        "precision": 0.5604105571847507,
        "recall": 0.6430013458950202,
        "auroc": 0.6756108953897508,
        "accuracy": 0.6282851749673297,
        "count": 6887,
        "num_stabilizing": 2972,
        "num_destabilizing": 3915
    },
    "overall": {
        "pearson": [
            -0.4039491969516421,
            0.0
        ],
        "spearman": [
            -0.38798331217697,
            0.0
        ],
        "precision": 0.5616012436844151,
        "recall": 0.6468218442256043,
        "auroc": 0.6814495221421639,
        "accuracy": 0.63482236403467,
        "count": 10499,
        "num_stabilizing": 4468,
        "num_destabilizing": 6031
    }
}