{
    "log2_ratio": {
        "pearson": [
            0.2413620729514134,
            2.2091636016842186e-13
        ],
        "spearman": [
            0.23668897600795175,
            6.515111786800536e-13
        ],
        "count": 899
    }
}