{
    "log2_ratio": {
        "pearson": [
            0.20488298682126038,
            5.631378449633992e-10
        ],
        "spearman": [
            0.200803576599778,
            1.2448523691916852e-09
        ],
        "count": 899
    }
}