{
    "1AMQ": {
        "pearson": [
            -0.053085660438699916,
            0.9469143395613
        ],
        "spearman": [
            -0.39999999999999997,
            0.6
        ],
        "count": 4
    },
    "1BNI": {
        "pearson": [
            -0.3255557600455596,
            0.2777208061129466
        ],
        "spearman": [
            -0.35537324929962105,
            0.23341528470813072
        ],
        "count": 13
    },
    "1CEY": {
        "pearson": [
            -0.0976516797017868,
            0.9377337809788381
        ],
        "spearman": [
            0.5,
            0.6666666666666667
        ],
        "count": 3
    },
    "1EY0": {
        "pearson": [
            -0.6386280102371767,
            0.0002549114873476745
        ],
        "spearman": [
            -0.7325758255368351,
            9.321511105333853e-06
        ],
        "count": 28
    },
    "1IHB": {
        "pearson": [
            -0.600122992473628,
            0.5902365906572719
        ],
        "spearman": [
            -0.5,
            0.6666666666666667
        ],
        "count": 3
    },
    "1L63": {
        "pearson": [
            -0.535711911538345,
            4.0810608519796803e-10
        ],
        "spearman": [
            -0.5827366134781412,
            4.424981269700358e-12
        ],
        "count": 118
    },
    "1LZ1": {
        "pearson": [
            -0.6114769097779108,
            1.296744401351751e-07
        ],
        "spearman": [
            -0.4095605969842933,
            0.0009479334262447263
        ],
        "count": 62
    },
    "1OH0": {
        "pearson": [
            1.0,
            1.0
        ],
        "spearman": [
            0.9999999999999999,
            NaN
        ],
        "count": 2
    },
    "1VQB": {
        "pearson": [
            -0.0968175836234133,
            0.8769208802120109
        ],
        "spearman": [
            -0.7,
            0.1881204043741873
        ],
        "count": 5
    },
    "2LZM": {
        "pearson": [
            -0.1436945033953056,
            0.24970741172454358
        ],
        "spearman": [
            -0.21177850726962277,
            0.08781360640590896
        ],
        "count": 66
    },
    "2RN2": {
        "pearson": [
            -0.1337534594366134,
            0.596724817580919
        ],
        "spearman": [
            -0.4761927725617618,
            0.04574725840281038
        ],
        "count": 18
    },
    "3ZCF": {
        "pearson": [
            -1.0,
            1.0
        ],
        "spearman": [
            -0.9999999999999999,
            NaN
        ],
        "count": 2
    },
    "4BVM": {
        "pearson": [
            -0.6140392409927277,
            0.27055199328467977
        ],
        "spearman": [
            -0.39999999999999997,
            0.5046315754686911
        ],
        "count": 5
    },
    "4LYZ": {
        "pearson": [
            -0.5380019463250958,
            0.04720110062859314
        ],
        "spearman": [
            -0.6917232643775069,
            0.006131847002585042
        ],
        "count": 14
    },
    "5PTI": {
        "pearson": [
            -0.10429071399051822,
            0.867454043966673
        ],
        "spearman": [
            0.09999999999999999,
            0.8728885715695383
        ],
        "count": 5
    },
    "overall": {
        "pearson": [
            -0.4748680649238556,
            3.3702626269325394e-21
        ],
        "spearman": [
            -0.4650564069355792,
            2.7298395903667394e-20
        ],
        "count": 352
    }
}