{
    "screenscore": {
        "pearson": [
            0.3410464606601635,
            8.4106193227396075e-22
        ],
        "spearman": [
            0.32113274252094537,
            2.220908022115475e-19
        ],
        "count": 747
    }
}