{
    "screenscore": {
        "pearson": [
            0.43698708645753687,
            7.12842434640143e-85
        ],
        "spearman": [
            0.4677761431545096,
            1.3672200346079451e-98
        ],
        "count": 1801
    }
}