{
    "screenscore": {
        "pearson": [
            0.44944098536936516,
            1.155740912301714e-72
        ],
        "spearman": [
            0.49181239727101717,
            9.576887243259932e-89
        ],
        "count": 1443
    }
}