label,mutation,chain,pdb,delta_logit,perc_bucket,rank_wt,rank_mt,logit_G,logit_A,logit_C,logit_S,logit_P,logit_T,logit_V,logit_D,logit_I,logit_L,logit_N,logit_M,logit_Q,logit_K,logit_E,logit_H,logit_F,logit_R,logit_Y,logit_W
Cav1,S190F,A,4jhw_trimer,1.8896266999999998,≥ 99th,12,3,-4.152936,-3.2709363,-2.7308931,-3.8226457,-4.7506037,-3.437708,-1.7889267,-4.404032,-1.7031631,-2.2484012,-4.398112,-2.7091377,-4.0696187,-4.2462096,-4.1216555,-3.676046,-1.933019,-4.202464,-2.464136,-2.8468456
Cav1,V207L,A,4jhw_trimer,0.12414269999999994,85th - 90th,3,2,-4.2133923,-3.3646722,-3.0279,-4.03687,-4.34776,-3.4932628,-1.8699621,-4.5187597,-1.2266439,-1.7458194,-4.2747936,-2.46115,-3.9737601,-3.9351597,-4.375568,-4.101613,-2.6989274,-3.6705177,-3.1217752,-2.982634
TriC,D486H,A,4jhw_trimer,0.7893642999999999,97.5th - 99th,20,9,-3.3109043,-3.1572998,-2.8174536,-3.1808615,-3.620861,-3.1093028,-2.8458748,-3.6554348,-2.6130693,-2.3740826,-3.1125844,-2.7133446,-3.0980945,-3.1716952,-3.5677314,-2.8660705,-2.511692,-3.0180745,-2.650074,-2.770709
TriC,E487Q,A,4jhw_trimer,-0.01967769999999991,60th - 70th,11,12,-3.8501942,-3.3819878,-2.6456485,-3.4273505,-4.2824826,-3.087051,-2.6265965,-3.660689,-2.5125575,-2.064682,-3.4528313,-2.634333,-3.3470607,-3.8678524,-3.327383,-3.1283398,-2.5934508,-3.8182445,-2.8206701,-2.9530165
TriC,F488W,A,4jhw_trimer,-0.20787259999999996,60th - 70th,1,3,-3.6352413,-3.2015774,-2.6369042,-3.337684,-3.6824028,-3.1244302,-2.633184,-3.7491517,-2.331958,-2.224868,-3.3801293,-2.5033016,-3.1406596,-3.0636563,-3.5535502,-2.9959874,-2.0231278,-2.876979,-2.2405276,-2.2310004
TriC,D489H,A,4jhw_trimer,0.4430147,90th - 95th,20,11,-3.3831947,-3.0862598,-2.6442738,-3.4138057,-3.640759,-3.166891,-2.3788884,-3.791144,-2.1974926,-2.1464744,-3.489862,-2.5775476,-3.4093795,-3.559494,-3.6663136,-3.3481293,-2.6433578,-3.533874,-2.8391535,-2.772614
Prol,S215P,A,4jhw_trimer,-0.5579115999999997,75th - 80th,16,19,-3.255664,-2.6779249,-2.4700866,-2.679971,-3.2378826,-2.4637027,-2.4491155,-2.7276368,-2.447436,-2.4885125,-2.7427475,-2.5240965,-2.5769012,-2.5909753,-2.4930413,-2.6743798,-2.5997725,-2.653986,-2.6113663,-2.5839505
