label,mutation,chain,pdb,delta_logit,rank_wt,rank_mt,logit_G,logit_A,logit_C,logit_S,logit_P,logit_T,logit_V,logit_D,logit_I,logit_L,logit_N,logit_M,logit_Q,logit_K,logit_E,logit_H,logit_F,logit_R,logit_Y,logit_W
Cav1,S190F,A,4jhw_trimer,1.4669971999999998,12,3,1.5593826,2.5619662,3.1106997,2.0256793,0.81175566,2.3565488,3.93252,1.2669768,4.003621,3.4259102,1.371775,3.1608894,1.8081999,1.5608845,1.5222248,2.0598416,3.4926765,1.6288551,2.947035,2.755531
Cav1,V207L,A,4jhw_trimer,0.24149390000000004,3,2,1.6400198,2.5263896,2.880793,1.8645632,1.2683275,2.2130768,3.7195976,1.0696404,4.327243,3.9610915,1.5631921,3.4242249,1.7952764,1.8220406,1.3685014,1.6958414,3.024264,2.0299737,2.5266597,2.5890884
TriC,D486H,A,4jhw_trimer,0.47226179999999984,20,15,2.234673,2.5443692,2.994508,2.4391391,2.1808686,2.6146646,3.030288,1.9600967,3.232666,3.518476,2.3480146,3.0817683,2.461576,2.4487224,2.1007576,2.4323585,3.049644,2.4445033,2.7953153,2.7327332
TriC,E487Q,A,4jhw_trimer,-0.010285600000000006,13,14,1.7406753,2.4695897,3.1607666,2.2765179,1.16825,2.349973,3.081866,1.8414122,3.1595829,3.5811825,2.1409683,3.0546913,2.1711602,1.7734001,2.1814458,2.5985217,3.410054,1.9092566,3.2887886,2.7908897
TriC,F488W,A,4jhw_trimer,-0.3242821,2,7,1.9564466,2.4483263,2.930808,2.2754238,2.2797258,2.5370748,3.1647632,1.7909588,3.410976,3.4986157,2.1134095,3.186805,2.4845526,2.5785031,2.102043,2.6420684,3.4283938,2.6001403,3.245144,3.1041117
TriC,D489H,A,4jhw_trimer,0.38295619999999975,19,11,2.2575638,2.7093334,3.1493669,2.4181094,1.9334891,2.6277144,3.2082832,2.098688,3.2398663,3.4691982,2.3500755,3.1509888,2.3986907,2.2130597,2.2668414,2.4816442,2.9301732,2.2001324,2.7732272,2.8695765
Prol,S215P,A,4jhw_trimer,-0.18242279999999989,10,19,2.2988205,2.82935,3.0700848,2.853517,2.6710942,2.9171863,2.8640933,2.7573566,2.8789163,2.9483724,2.7905667,2.9260802,2.8933253,2.8551326,2.9165838,2.8073936,2.7595468,2.777053,2.7897575,2.8166611
