label,mutation,chain,pdb,delta_logit,rank_wt,rank_mt,logit_G,logit_A,logit_C,logit_S,logit_P,logit_T,logit_V,logit_D,logit_I,logit_L,logit_N,logit_M,logit_Q,logit_K,logit_E,logit_H,logit_F,logit_R,logit_Y,logit_W
Cav1,S190F,F,4jhw,1.9102322999999999,13,3,-3.6590512,-2.8987617,-2.1698105,-3.5912971,-4.4088354,-3.1588218,-1.6101176,-4.2306905,-1.5135262,-1.7151349,-3.991761,-1.9944884,-3.4974308,-3.8841176,-3.7974153,-3.269158,-1.6810648,-3.6597698,-2.1863687,-2.3239737
Cav1,V207L,F,4jhw,0.1997951,3,2,-3.458421,-2.745514,-2.5038993,-3.3703113,-3.9449959,-3.1398768,-1.90107,-4.025829,-1.3226353,-1.7012749,-3.6853414,-2.0197215,-3.4371924,-3.4711373,-3.8185863,-3.438174,-2.2029805,-3.3680675,-2.6632245,-2.440372
TriC,D486H,F,4jhw,0.27841950000000004,19,8,-2.4752378,-2.6579545,-2.043878,-2.6598582,-3.3661034,-2.6260242,-2.6028533,-2.7578816,-2.4900248,-2.4124808,-2.6349227,-2.3996518,-2.5533485,-2.6892414,-2.5256045,-2.4794621,-2.2536826,-2.6134646,-2.2733698,-2.2202733
TriC,E487Q,F,4jhw,0.009541800000000045,12,11,-3.4634724,-2.8242688,-2.1256769,-3.0314732,-3.8643231,-3.0164847,-2.326901,-3.2859,-2.1893537,-1.8809211,-3.1288037,-2.2633913,-2.894489,-3.4923816,-2.9040308,-2.740232,-2.229901,-3.3802555,-2.395103,-2.5038698
TriC,F488W,F,4jhw,-0.07785889999999984,1,4,-2.8286312,-2.583879,-2.1703382,-2.5415785,-2.619681,-2.358227,-2.3470438,-2.655738,-2.290022,-2.2379527,-2.5185668,-2.262999,-2.3924584,-2.2820373,-2.5617442,-2.289869,-2.1181245,-2.2947936,-2.1417847,-2.1959834
TriC,D489H,F,4jhw,0.5250214,20,11,-3.2447796,-2.7974505,-1.9935061,-3.037172,-2.9498582,-2.6771822,-1.8945501,-3.4184074,-1.8285519,-2.139708,-3.2001967,-2.2762878,-3.003837,-3.4064853,-3.0944073,-2.893386,-2.170091,-3.3806748,-2.3258953,-2.2238042
