label,mutation,chain,pdb,delta_logit,rank_wt,rank_mt,logit_G,logit_A,logit_C,logit_S,logit_P,logit_T,logit_V,logit_D,logit_I,logit_L,logit_N,logit_M,logit_Q,logit_K,logit_E,logit_H,logit_F,logit_R,logit_Y,logit_W
Cav1,S190F,F,4jhw,1.5611821999999997,12,4,0.50754094,1.3879862,1.8086153,0.8331295,0.0013105392,1.0043905,2.5198019,0.38662434,2.6062202,2.4414968,0.5246954,1.8010232,0.7355462,0.53545773,0.6140021,1.063442,2.3943117,0.6314255,2.0188537,1.747929
Cav1,V207L,F,4jhw,0.22319600000000017,3,2,0.49425158,1.3465892,1.810869,0.88469994,0.3847088,1.1789553,2.6210928,0.43932572,3.1171176,2.8442888,0.64744985,2.1683195,0.9439683,0.9225074,0.72904253,0.8194521,1.8318621,0.95354587,1.3875117,1.5650192
TriC,D486H,F,4jhw,0.16864030000000008,18,9,1.5279844,1.6156762,1.8870786,1.5647533,1.0303843,1.503361,1.4031314,1.445244,1.4485173,1.7290442,1.5988467,1.7570597,1.591888,1.6262512,1.5326806,1.6138843,1.6507826,1.5916464,1.641403,1.7563177
TriC,E487Q,F,4jhw,0.008857099999999951,11,10,1.0608783,1.3999996,1.851874,1.2788651,0.45602044,1.2901611,1.7380251,0.92319715,1.8279661,2.0952258,1.1682053,1.8853366,1.4395623,1.0413444,1.4307052,1.550278,2.2188277,1.0321422,2.0728498,1.8497775
TriC,F488W,F,4jhw,0.15347460000000002,3,1,1.116104,1.504328,1.8412228,1.5592792,1.2599747,1.7289635,1.7134025,1.2497251,1.7355125,1.7021263,1.4624989,1.7147001,1.5974054,1.6782211,1.4738365,1.6593418,1.7945814,1.7303307,1.7793732,1.948056
TriC,D489H,F,4jhw,0.10361219999999993,16,12,1.5269568,1.7017883,2.039521,1.6000359,1.3285811,1.6032718,1.7902988,1.4575422,1.7803497,1.7860048,1.4104729,1.7362667,1.4886945,1.2617648,1.4616992,1.5611544,1.8508297,1.2399671,1.8315775,1.9091524
