label,mutation,chain,pdb,delta_logit,rank_wt,rank_mt,logit_G,logit_A,logit_C,logit_S,logit_P,logit_T,logit_V,logit_D,logit_I,logit_L,logit_N,logit_M,logit_Q,logit_K,logit_E,logit_H,logit_F,logit_R,logit_Y,logit_W
Cav1,S190F,F,4jhw,1.9106903000000006,8,2,-8.142254,-6.5167794,-8.451444,-7.5882826,-14.312132,-7.1671877,-4.8558936,-10.582018,-5.8470445,-6.2696385,-10.416513,-7.8558235,-9.407028,-10.195931,-9.634249,-8.708816,-5.6775923,-10.008453,-5.8777947,-8.232643
Cav1,V207L,F,4jhw,0.6191030000000008,3,2,-6.732568,-7.5974135,-8.839171,-9.549519,-14.549774,-8.3136215,-5.417068,-13.018971,-3.500959,-4.797965,-11.100162,-6.504972,-9.283507,-9.828037,-10.76369,-11.218115,-7.474813,-8.736386,-7.8100486,-8.263544
TriC,D486H,F,4jhw,-0.61972,4,9,-5.632663,-7.0310264,-10.08331,-6.6676993,-8.967462,-6.9910126,-8.066267,-6.227611,-8.454473,-7.4264464,-6.3162427,-8.077906,-6.568063,-6.180918,-5.9328384,-6.847331,-7.145173,-6.3477187,-6.848429,-8.076059
TriC,E487Q,F,4jhw,-0.38622650000000025,3,6,-8.405879,-7.425439,-8.343017,-7.9070334,-15.745379,-8.061699,-7.1790285,-8.44192,-7.4367723,-5.1755476,-7.91207,-7.735139,-7.0573945,-9.185293,-6.671168,-7.010724,-6.935603,-8.172124,-6.656501,-8.877744
TriC,F488W,F,4jhw,-0.747992,12,18,-7.4125357,-6.860003,-10.727621,-6.429254,-5.281951,-5.9854264,-7.116603,-6.775789,-7.56914,-6.8444953,-7.2883453,-8.139078,-6.847354,-5.7777543,-6.250488,-7.3173857,-6.921996,-6.433631,-6.6696754,-7.669988
TriC,D489H,F,4jhw,0.13713899999999946,20,18,-8.308977,-7.195133,-8.526439,-8.068082,-8.9403515,-7.095641,-4.9187784,-9.040355,-5.918122,-6.18797,-8.841729,-7.662717,-7.9525084,-7.6591597,-7.515447,-8.903216,-7.567294,-7.4535074,-7.2996964,-8.808583
