label,mutation,chain,pdb,delta_logit,rank_wt,rank_mt,logit_G,logit_A,logit_C,logit_S,logit_P,logit_T,logit_V,logit_D,logit_I,logit_L,logit_N,logit_M,logit_Q,logit_K,logit_E,logit_H,logit_F,logit_R,logit_Y,logit_W
Cav1,S190F,A,4jhw_trimer,-0.29124570000000016,3,7,-5.0158653,-4.3288403,-6.99403,-4.8889413,-11.704099,-5.5424466,-4.8917785,-7.3444433,-5.6015534,-4.99759,-6.9646072,-6.282441,-6.472589,-7.3242884,-6.970688,-5.652531,-5.180187,-6.9327765,-4.873516,-6.815638
Cav1,V207L,A,4jhw_trimer,-0.9445291999999998,2,3,-4.896257,-6.5755043,-7.156662,-8.727696,-8.589533,-7.275051,-3.016821,-11.0931015,-1.7490114,-3.9613502,-9.325887,-5.494161,-8.102336,-7.4978094,-8.847063,-10.212009,-7.703101,-6.88384,-7.5435586,-7.942495
TriC,D486H,A,4jhw_trimer,-0.09408280000000069,10,12,-3.8630524,-4.3658648,-7.740802,-4.6210036,-6.377509,-5.6016054,-6.371158,-5.5594087,-6.824691,-5.9836802,-5.533342,-7.00611,-5.468973,-4.901492,-5.3092604,-5.6534915,-5.7771006,-4.4931827,-5.4623804,-7.416787
TriC,E487Q,A,4jhw_trimer,-0.6936333999999995,1,4,-5.331469,-4.7944508,-7.2550364,-4.865487,-11.769321,-5.566594,-7.5086837,-6.0684824,-8.585131,-5.020871,-5.6414704,-6.7034883,-4.988293,-6.1060753,-4.2946596,-5.1507015,-6.3216276,-5.4582224,-5.476833,-8.628084
TriC,F488W,A,4jhw_trimer,-1.6556012999999998,3,14,-3.9189763,-4.634694,-8.07387,-5.062543,-7.706496,-5.3363667,-4.757593,-6.0887346,-4.447386,-3.7445045,-6.0420084,-5.8643928,-5.3297133,-4.7988267,-5.144856,-5.8293657,-4.080724,-4.3655725,-4.3139997,-5.7363253
TriC,D489H,A,4jhw_trimer,-0.30504529999999974,6,15,-3.9040337,-4.6159377,-7.23842,-5.18285,-7.652208,-5.6684732,-5.376807,-5.35966,-5.5039697,-4.777736,-5.594365,-5.969729,-5.76343,-5.5183372,-5.5024495,-5.6647053,-5.3679066,-5.4413595,-5.1724076,-5.5790453
Prol,S215P,A,4jhw_trimer,0.07484230000000025,5,4,-3.8365643,-4.491063,-8.516802,-4.3644743,-4.289632,-5.2124248,-5.860899,-3.8732285,-6.1117764,-5.772648,-5.006839,-6.827665,-5.175258,-4.45835,-4.0232625,-4.9745836,-5.5020075,-5.0452485,-5.1616974,-5.594145
