label,mutation,chain,pdb,delta_logit,rank_wt,rank_mt,logit_G,logit_A,logit_C,logit_S,logit_P,logit_T,logit_V,logit_D,logit_I,logit_L,logit_N,logit_M,logit_Q,logit_K,logit_E,logit_H,logit_F,logit_R,logit_Y,logit_W
Cav1,S190F,F,4jhw,1.3010991000000003,12,4,-2.868346,-1.8354485,-1.6451126,-2.466321,-3.4410214,-2.0546057,-0.8254301,-3.2497165,-0.7359042,-1.1175392,-2.8992186,-1.408063,-2.751961,-2.867662,-3.0603676,-2.3438306,-1.1652219,-2.7280807,-1.4036942,-1.586456
Cav1,V207L,F,4jhw,-0.044271669999999985,2,3,-2.6785789,-2.0307784,-1.5984471,-2.5162187,-2.6662488,-2.1241162,-0.6302825,-2.8513541,-0.028163482,-0.67455417,-2.6529174,-1.2061336,-2.406508,-2.3602366,-2.7035148,-2.5106852,-1.6263402,-2.295614,-1.8666197,-1.7458677
TriC,D486H,F,4jhw,0.08627779999999996,14,7,-1.3775806,-1.4357474,-1.1113747,-1.4516841,-1.9349295,-1.5807507,-1.7130826,-1.476834,-1.6557963,-1.4451058,-1.3615501,-1.3690183,-1.4383081,-1.5333055,-1.473944,-1.3905562,-1.4072964,-1.5387223,-1.3753669,-1.3694074
TriC,E487Q,F,4jhw,-0.21057519999999985,9,12,-2.3743894,-1.990473,-1.3049895,-2.0775027,-2.6097393,-1.9238613,-1.744427,-2.2278008,-1.631416,-1.3103553,-1.8276689,-1.5340967,-1.9170892,-2.3356538,-1.706514,-1.5404627,-1.2730441,-2.2930017,-1.3148649,-1.587019
TriC,F488W,F,4jhw,-0.005593699999999924,2,3,-1.8907566,-1.5453043,-1.2964314,-1.4956827,-2.0057983,-1.3323702,-1.4210339,-1.6820322,-1.3926466,-1.3603858,-1.5120684,-1.3688818,-1.3990949,-1.3068955,-1.5382906,-1.2847255,-1.2079365,-1.3486564,-1.1854743,-1.2135302
TriC,D489H,F,4jhw,0.16589140000000002,18,13,-1.499566,-1.382198,-1.2000297,-1.5657053,-1.8198277,-1.6629143,-1.5203394,-1.8319509,-1.5182551,-1.4491867,-1.7440159,-1.4487469,-1.7531334,-1.9390752,-1.7990808,-1.6660595,-1.3188044,-1.9298729,-1.394521,-1.3672949
