label,mutation,chain,pdb,delta_logit,rank_wt,rank_mt,logit_G,logit_A,logit_C,logit_S,logit_P,logit_T,logit_V,logit_D,logit_I,logit_L,logit_N,logit_M,logit_Q,logit_K,logit_E,logit_H,logit_F,logit_R,logit_Y,logit_W
Cav1,S190F,F,4jhw,1.1576104,12,4,-2.446692,-1.7681907,-1.1287804,-2.1799304,-2.9008834,-1.8193127,-0.9399393,-2.811441,-0.80452025,-0.95312166,-2.534677,-1.1027985,-2.2815452,-2.6118093,-2.5597422,-2.133409,-1.02232,-2.4431672,-1.2547487,-1.2952231
Cav1,V207L,F,4jhw,0.3352719999999999,3,2,-2.4498663,-1.8569046,-1.475487,-2.2634645,-2.6489353,-1.908571,-0.8482329,-2.6976554,-0.2615118,-0.5129609,-2.3614058,-1.1570358,-2.2371254,-2.22347,-2.45608,-2.210462,-1.3197415,-2.214839,-1.5501273,-1.3603508
TriC,D486H,F,4jhw,0.10051530000000009,15,10,-1.3384739,-1.4069202,-1.078374,-1.4351124,-2.0791278,-1.5057056,-1.6737683,-1.5518053,-1.5897698,-1.3662294,-1.527772,-1.313513,-1.5059588,-1.6196382,-1.4970834,-1.45129,-1.2574623,-1.5931467,-1.2351472,-1.1422019
TriC,E487Q,F,4jhw,0.007062899999999983,13,12,-2.0667248,-1.6885513,-1.2158809,-1.846193,-2.5006242,-1.6957785,-1.4851259,-2.1565022,-1.4271272,-1.2350395,-1.8914883,-1.4076457,-1.7877325,-2.2954068,-1.7947954,-1.6906284,-1.1592551,-2.1836119,-1.3317634,-1.4349949
TriC,F488W,F,4jhw,0.005969200000000008,4,3,-1.6882805,-1.4753858,-1.1516461,-1.473417,-1.8163246,-1.3231814,-1.2671746,-1.5112813,-1.2448673,-1.2721586,-1.4808575,-1.3323473,-1.4122841,-1.4099478,-1.371818,-1.2940668,-1.1717818,-1.3952732,-1.155896,-1.1658126
TriC,D489H,F,4jhw,0.1370011,16,13,-1.5234936,-1.364899,-1.0669891,-1.5714896,-2.0488007,-1.5554669,-1.3505733,-1.7628238,-1.3999228,-1.3877476,-1.6472356,-1.4225693,-1.7372572,-1.8913355,-1.8201692,-1.6258227,-1.2223232,-1.8095567,-1.2231109,-1.1569993
