label,mutation,chain,pdb,delta_logit,rank_wt,rank_mt,logit_G,logit_A,logit_C,logit_S,logit_P,logit_T,logit_V,logit_D,logit_I,logit_L,logit_N,logit_M,logit_Q,logit_K,logit_E,logit_H,logit_F,logit_R,logit_Y,logit_W
Cav1,S190F,A,4jhw_trimer,1.1576242,12,4,-2.4466605,-1.7681301,-1.1287725,-2.1799476,-2.9009464,-1.8193285,-0.9399195,-2.8114483,-0.8045241,-0.95312804,-2.534678,-1.1027945,-2.2816021,-2.6118443,-2.5597737,-2.133432,-1.0223234,-2.4432075,-1.2547504,-1.295295
Cav1,V207L,A,4jhw_trimer,0.33631964999999997,3,2,-2.4534283,-1.8609787,-1.4702514,-2.265482,-2.6542983,-1.910032,-0.84797585,-2.7024896,-0.26054192,-0.5116562,-2.3671994,-1.1567389,-2.2386858,-2.2240024,-2.4554725,-2.2136621,-1.3211906,-2.218916,-1.55317,-1.3619093
TriC,D486H,A,4jhw_trimer,0.3220322,18,13,-1.45406,-1.4137138,-1.3077747,-1.4757199,-2.0908523,-1.5484416,-1.4822065,-1.9075384,-1.4779974,-1.3745992,-1.5918684,-1.4836419,-1.6448635,-1.7203255,-1.9520706,-1.5855062,-1.3994118,-1.6820686,-1.4858444,-1.4145856
TriC,E487Q,A,4jhw_trimer,-0.07023650000000004,11,13,-1.8885912,-1.6367807,-1.2317353,-1.8717425,-2.508947,-1.748559,-1.5031897,-2.1436422,-1.5060766,-1.2015032,-1.9576676,-1.5272815,-1.8028526,-2.2031727,-1.7326161,-1.6008896,-1.1435381,-2.2312768,-1.2573324,-1.4949801
TriC,F488W,A,4jhw_trimer,-0.059555050000000054,1,3,-1.9991608,-1.5472667,-1.1802967,-1.7281005,-2.1366525,-1.5855482,-1.2943578,-1.9499874,-1.0714588,-1.1371143,-1.7044798,-1.2269691,-1.5879062,-1.6084425,-1.8122666,-1.5521387,-0.97227275,-1.4734743,-1.0312021,-1.0318278
TriC,D489H,A,4jhw_trimer,0.2325275,16,12,-1.6146715,-1.4021143,-1.0594077,-1.6832546,-1.927783,-1.5660733,-1.1899548,-1.8519666,-1.1167401,-1.1785123,-1.640782,-1.3000009,-1.7624695,-1.964213,-1.9167894,-1.6194391,-1.1337252,-1.8753971,-1.2755731,-1.1694375
Prol,S215P,A,4jhw_trimer,-0.1289015,5,17,-1.4405435,-1.3683109,-1.1853099,-1.379277,-1.5081785,-1.4022629,-1.5182666,-1.404186,-1.4661399,-1.3881637,-1.3936503,-1.326256,-1.4352678,-1.5336148,-1.4835219,-1.4197104,-1.3708042,-1.5395697,-1.449304,-1.3863752
