label,mutation,chain,pdb,delta_logit,rank_wt,rank_mt,logit_G,logit_A,logit_C,logit_S,logit_P,logit_T,logit_V,logit_D,logit_I,logit_L,logit_N,logit_M,logit_Q,logit_K,logit_E,logit_H,logit_F,logit_R,logit_Y,logit_W
Cav1,S190F,A,4jhw_trimer,-2.0268803,4,8,-4.0642567,0.48466772,0.047013633,1.0089871,-5.8868475,1.8229945,2.8642688,-2.27774,1.1777683,0.0953309,-1.1336243,-1.5730441,-2.1361012,-5.634619,-2.0763218,-1.8271465,-1.0178932,-6.8097944,-2.6722026,-5.98694
Cav1,V207L,A,4jhw_trimer,-1.1827674,2,3,-9.961596,-4.0000925,-2.694293,-5.0903234,-6.933136,-0.8362179,3.3723736,-6.037604,6.378403,2.1896062,-3.7866516,1.1779493,-2.2338586,-3.9828186,-3.5509734,-4.87663,-2.1834824,-3.9705157,-3.2240486,-4.8387413
TriC,D486H,A,4jhw_trimer,0.32792750000000004,5,4,-2.6874633,-1.1811343,-1.9463085,0.1626326,-1.9100593,0.29082686,-1.3999877,0.42368856,-1.7078205,-0.65861195,1.6153803,-1.7089036,1.0781392,-0.31436715,0.7681747,0.75161606,-3.2725005,-0.41639966,-3.4556274,-6.3412333
TriC,E487Q,A,4jhw_trimer,-1.1279316,2,3,-7.4011254,-3.6066258,-1.1053085,-2.1740746,-7.3959565,0.5670376,-1.2521145,-0.83550674,-1.5261041,2.7525945,0.976686,-0.2678248,1.501266,-4.127977,2.6291976,0.42899618,-2.639136,-4.195898,-3.1141613,-6.327959
TriC,F488W,A,4jhw_trimer,-2.1714479,2,6,-9.820237,-7.7872353,-6.0639677,-6.6345468,-4.9347367,-3.7388988,-2.8897488,-4.037271,-0.9815041,0.69794625,-2.1284304,0.14429048,0.32508153,2.3407168,-1.3579834,1.4874971,2.8898878,3.1598306,2.845774,0.7184399
TriC,D489H,A,4jhw_trimer,0.15701469999999995,11,8,-4.312575,-1.8748232,-1.8291519,-1.0491686,-2.1987777,0.35349092,0.9886753,-0.7307865,0.6237525,0.64352745,0.8328851,-0.91665304,-0.2653305,-0.19680767,-0.69702834,-0.5737718,-1.1790978,-0.72352815,-1.71304,-2.984602
Prol,S215P,A,4jhw_trimer,-1.4398478999999997,10,15,-4.8668795,-1.8398632,-2.959392,-0.6544004,-2.0942483,1.4798049,-0.043690126,1.9178947,-0.54115945,0.1266963,1.4372673,-0.92430276,1.2886531,0.51049125,2.7999732,-1.1228341,-3.093834,-0.9922633,-3.1800973,-5.5649447
