label,mutation,chain,pdb,delta_logit,rank_wt,rank_mt,logit_G,logit_A,logit_C,logit_S,logit_P,logit_T,logit_V,logit_D,logit_I,logit_L,logit_N,logit_M,logit_Q,logit_K,logit_E,logit_H,logit_F,logit_R,logit_Y,logit_W
Cav1,S190F,F,4jhw,-2.0265687000000003,4,8,-4.0644636,0.4846252,0.047037136,1.0088816,-5.8871903,1.8229847,2.864361,-2.2780719,1.1777397,0.09531019,-1.1337011,-1.5730354,-2.1362019,-5.6347685,-2.0765502,-1.8270721,-1.0176871,-6.8098707,-2.672124,-5.9866652
Cav1,V207L,F,4jhw,-1.1700048,2,3,-9.962896,-4.0009646,-2.6895175,-5.0981927,-6.924543,-0.83950263,3.3685565,-6.0435157,6.383273,2.1985517,-3.7840447,1.1735215,-2.248913,-4.006295,-3.5704181,-4.879451,-2.1770358,-3.990849,-3.2261035,-4.835687
TriC,D486H,F,4jhw,-2.4939515300000004,3,11,-1.9021819,-0.24179277,-2.658866,0.54635096,-1.6966816,0.2109839,-1.682266,1.6154649,-2.0749924,-0.20793939,1.7412037,-1.1940656,0.9013566,1.2281169,1.789761,-0.87848663,-2.6356592,0.31233364,-2.794114,-4.6199584
TriC,E487Q,F,4jhw,-0.9813880999999998,1,3,-7.258413,-3.1861768,-1.1437037,-2.1189892,-8.02426,-0.43885392,-1.6701208,-0.44186315,-1.6701677,2.3074272,1.0503707,-0.39289486,2.2088735,-3.2127445,3.1902616,-0.014290571,-3.513733,-3.3708127,-3.8818822,-6.2710047
TriC,F488W,F,4jhw,-2.013991524,9,17,-5.4095063,-3.2731977,-4.060509,-2.0914357,-1.3284075,0.38840687,-0.73172307,-0.6284792,-0.8337946,0.2894887,0.14033845,-0.8256589,1.3242708,2.4982662,0.950572,1.2953358,-0.078732476,1.0509951,-0.11397433,-2.092724
TriC,D489H,F,4jhw,-2.6171746000000002,8,14,-4.1174173,-0.70900285,-0.5427056,-0.62849253,-0.5546869,1.2937,3.6438355,-0.5942404,1.4657645,0.1837326,-0.13036363,-1.8241373,-1.3916456,-3.7313523,-0.5944735,-3.211415,-3.6913052,-4.353462,-4.23038,-6.4337296
