label,mutation,chain,pdb,delta_logit,rank_wt,rank_mt,logit_G,logit_A,logit_C,logit_S,logit_P,logit_T,logit_V,logit_D,logit_I,logit_L,logit_N,logit_M,logit_Q,logit_K,logit_E,logit_H,logit_F,logit_R,logit_Y,logit_W
Cav1,S190F,A,4jhw_trimer,1.9102076999999997,13,3,-3.6590862,-2.8987556,-2.169851,-3.5913196,-4.408879,-3.1588352,-1.6101167,-4.2307262,-1.5135354,-1.7151285,-3.9917908,-1.9944804,-3.4973798,-3.8841336,-3.7974079,-3.269135,-1.6811119,-3.65976,-2.186375,-2.3240337
Cav1,V207L,A,4jhw_trimer,0.19822830000000002,3,2,-3.4592407,-2.7493317,-2.5026882,-3.373487,-3.9481514,-3.1389992,-1.8990133,-4.02676,-1.3231031,-1.700785,-3.6852233,-2.0191693,-3.4391105,-3.4725025,-3.8184838,-3.4417167,-2.2046518,-3.3711026,-2.6680598,-2.4427404
TriC,D486H,A,4jhw_trimer,0.5301129999999996,18,9,-2.8691208,-2.797377,-2.4530787,-2.837344,-3.2786338,-2.7439713,-2.4837453,-3.253058,-2.3042092,-2.306451,-2.7609034,-2.5728555,-2.9274385,-2.8879871,-3.3323505,-2.722945,-2.3429322,-2.769112,-2.5185387,-2.5002708
TriC,E487Q,A,4jhw_trimer,0.027128900000000122,14,12,-3.4051502,-2.8438652,-2.0133805,-3.2551506,-4.0186195,-2.9885888,-2.28267,-3.6643856,-2.3130364,-1.7476791,-3.3883102,-2.2253401,-3.2327168,-3.6756186,-3.2598457,-2.8719149,-2.0127115,-3.5894928,-2.2302346,-2.4553993
TriC,F488W,A,4jhw_trimer,-0.07757250000000004,1,2,-3.220858,-2.8143628,-2.2129824,-2.9015214,-3.0286133,-2.7541497,-2.4024625,-3.228852,-2.1465302,-2.081904,-2.825396,-2.222403,-2.6196654,-2.5870793,-2.969734,-2.4766955,-1.9208275,-2.3940513,-2.057787,-1.9984
TriC,D489H,A,4jhw_trimer,0.3825114000000003,17,12,-2.7398582,-2.5453398,-2.1472497,-2.8764412,-3.2337177,-2.730885,-2.095019,-3.1553867,-2.0288217,-2.042347,-2.8924878,-2.3521354,-3.0185287,-3.1660604,-3.2027893,-2.7728753,-2.1188614,-3.1410196,-2.4222188,-2.3764908
Prol,S215P,A,4jhw_trimer,-0.5489940999999998,4,20,-2.751576,-2.3871064,-2.1083627,-2.3291924,-2.8781865,-2.2105768,-2.3710322,-2.3459678,-2.373744,-2.3578618,-2.3470953,-2.2908874,-2.3296,-2.4102445,-2.3417513,-2.3876371,-2.3880687,-2.4761488,-2.4025636,-2.370461
