label,mutation,chain,pdb,delta_logit,rank_wt,rank_mt,logit_G,logit_A,logit_C,logit_S,logit_P,logit_T,logit_V,logit_D,logit_I,logit_L,logit_N,logit_M,logit_Q,logit_K,logit_E,logit_H,logit_F,logit_R,logit_Y,logit_W
Cav1,S190F,A,4jhw_trimer,1.2275430000000003,12,3,2.4803712,3.0583904,3.580504,2.691626,2.002016,2.8089662,3.8106246,2.221137,3.9932075,3.9776638,2.243482,3.6717956,2.5415845,2.189616,2.3727674,2.7612162,3.919169,2.3735893,3.627058,3.6470084
Cav1,V207L,A,4jhw_trimer,0.2584576999999997,4,2,2.340043,2.8514247,3.2762737,2.4997973,2.144149,2.8472416,3.8414416,2.1643083,4.3695903,4.0998993,2.402929,3.8508854,2.6129792,2.5917141,2.2813892,2.5525208,3.4691956,2.647943,3.121807,3.396832
TriC,D486H,A,4jhw_trimer,0.1315157,18,15,3.1102595,3.3033748,3.474732,3.0775843,2.6950426,2.990083,3.2506676,2.7673805,3.3209164,3.405871,2.931642,3.2489674,2.9331958,2.8377118,2.7229607,2.8988962,3.2854793,2.8107133,3.1871307,3.2057788
TriC,E487Q,A,4jhw_trimer,0.08200079999999987,15,12,2.820233,3.163973,3.5305603,2.9070048,2.1457741,2.9401965,3.3096626,2.417002,3.3626976,3.7454696,2.6626375,3.5600886,2.8912728,2.5103474,2.809272,2.8641617,3.5149086,2.616815,3.3690705,3.1363616
TriC,F488W,A,4jhw_trimer,-0.0547089999999999,1,2,2.6882763,2.9463787,3.445708,2.865312,2.3424122,2.9782484,3.2162538,2.5075188,3.4348176,3.5175736,2.787749,3.4047828,2.9262967,2.920432,2.7776892,2.996749,3.685796,3.0393472,3.5587611,3.631087
TriC,D489H,A,4jhw_trimer,0.18684790000000007,17,13,3.0597274,3.141185,3.5116963,2.8550327,2.5303254,2.964091,3.3651536,2.6477559,3.491579,3.4216208,2.7607338,3.2351174,2.7601466,2.641271,2.6823146,2.8346038,3.399128,2.6358485,3.233881,3.3697982
Prol,S215P,A,4jhw_trimer,-0.0537466000000002,6,12,2.9976664,3.0790262,3.3467336,3.082821,3.0290744,2.9921901,2.864675,3.1255424,2.877265,3.0280604,3.164589,3.15228,3.0552511,2.9929795,3.0648897,3.0557146,3.0260653,2.9577167,3.0388122,3.1242337
