label,mutation,chain,pdb,delta_logit,rank_wt,rank_mt,logit_G,logit_A,logit_C,logit_S,logit_P,logit_T,logit_V,logit_D,logit_I,logit_L,logit_N,logit_M,logit_Q,logit_K,logit_E,logit_H,logit_F,logit_R,logit_Y,logit_W
Cav1,S190F,F,4jhw,1.8896487000000002,12,3,-4.152926,-3.2709212,-2.7308717,-3.8226829,-4.750675,-3.4377244,-1.7888949,-4.4040747,-1.7031453,-2.2483575,-4.398181,-2.7091293,-4.0696554,-4.2462397,-4.121708,-3.6761086,-1.9330342,-4.202487,-2.4641485,-2.846829
Cav1,V207L,F,4jhw,0.1205111000000001,3,2,-4.2089667,-3.3605938,-3.029015,-4.0356817,-4.3405604,-3.4955478,-1.8698546,-4.511907,-1.227617,-1.7493435,-4.2707615,-2.4650297,-3.97206,-3.9335399,-4.3729806,-4.097934,-2.700593,-3.6694984,-3.1198668,-2.9819186
TriC,D486H,F,4jhw,0.2545280999999999,16,7,-2.597002,-2.7189376,-2.3650641,-2.693436,-3.5868962,-2.8678107,-3.0666485,-2.8531406,-3.039116,-2.6231747,-2.556822,-2.5828183,-2.6817327,-2.680572,-2.8348317,-2.5986125,-2.5959558,-2.6469758,-2.617248,-2.5803754
TriC,E487Q,F,4jhw,0.016382300000000072,11,10,-3.731804,-3.19383,-2.6188488,-3.3093338,-4.172109,-3.1729739,-2.6141217,-3.431736,-2.5289216,-2.2848747,-3.2915337,-2.606783,-3.0322127,-3.7392724,-3.048595,-2.9622529,-2.6634212,-3.6875396,-2.8410573,-2.999369
TriC,F488W,F,4jhw,0.01701999999999959,3,2,-3.096475,-2.72119,-2.5611384,-2.6734316,-3.071954,-2.5585778,-2.6058743,-3.016193,-2.570665,-2.565801,-2.777094,-2.599181,-2.6313064,-2.4837759,-2.809436,-2.472485,-2.3916123,-2.4808326,-2.3594468,-2.3745923
TriC,D489H,F,4jhw,0.3693040000000001,20,14,-3.5087166,-3.019598,-2.5647335,-3.3159728,-3.3564906,-2.9831731,-2.1760297,-3.7385254,-2.0822845,-2.3195746,-3.5971382,-2.6172345,-3.332953,-3.562035,-3.4752827,-3.3692214,-2.7398982,-3.5066552,-2.8837495,-2.8025658
