label,mutation,chain,pdb,delta_logit,perc_bucket,rank_wt,rank_mt,logit_G,logit_A,logit_C,logit_S,logit_P,logit_T,logit_V,logit_D,logit_I,logit_L,logit_N,logit_M,logit_Q,logit_K,logit_E,logit_H,logit_F,logit_R,logit_Y,logit_W
Cav1,S190F,A,4jhw_trimer,-8.6403413,70th - 75th,2,17,-4.089624,1.343091,-0.50235957,2.6058116,-4.7126346,3.9927776,0.6449005,-1.739836,-2.0246716,-2.8010342,0.08852278,-3.6094584,-2.680403,-5.521791,-2.8189018,-3.633878,-6.0345297,-6.399884,-6.914548,-9.00791
Cav1,V207L,A,4jhw_trimer,-3.3000172,85th - 90th,2,3,-9.4431505,-5.312797,-2.8712819,-5.8915453,-7.169552,-1.0352399,4.943492,-5.50125,7.9815435,1.6434748,-3.960846,-0.3095298,-2.936482,-4.8023915,-2.7187612,-6.939875,-6.024249,-5.75675,-6.870285,-8.330141
TriC,D486H,A,4jhw_trimer,-1.6428322,90th - 95th,2,7,-3.6843276,-0.04710836,-2.073648,0.89247876,-3.3894577,-0.6498188,-3.808908,1.1037695,-5.219773,-3.944732,1.3360621,-3.3005872,0.16793302,-1.8307307,0.09245551,-0.5390627,-4.202685,-2.8467577,-4.17964,-7.4772005
TriC,E487Q,A,4jhw_trimer,-0.4944852999999998,80th - 85th,2,4,-6.932808,-3.8278606,-2.765004,-2.065235,-6.3727827,-0.2164608,-5.2445097,-1.8432121,-5.531927,-1.0219513,1.9835718,-2.4314544,1.711305,-3.3754716,2.2057903,2.6298869,-4.244142,-3.6473165,-4.2734914,-7.385376
TriC,F488W,A,4jhw_trimer,-2.9005034500000004,80th - 85th,3,7,-7.7317924,-9.028387,-7.7397485,-8.623182,-6.549277,-6.7970605,-5.8076735,-6.4120545,-2.6967387,0.47381967,-4.28839,-0.332972,-0.7332951,1.8157008,-2.2291737,0.5331494,3.3509483,3.4565277,3.383017,0.45044485
TriC,D489H,A,4jhw_trimer,0.87676685,≥ 99th,6,3,-6.287471,-2.7601237,-1.2165139,-2.0722668,-3.5641785,-0.8344778,-0.37596247,-0.5019237,0.08565328,0.56705284,0.7241797,-1.1362964,-0.9054557,-2.3022342,-1.151167,0.37484315,-2.3681438,-3.3457828,-3.0460382,-5.0729227
Prol,S215P,A,4jhw_trimer,-3.42089044,90th - 95th,5,14,-4.263673,-0.5351089,-1.7828687,0.67847264,-2.7424178,2.3565555,0.3708093,2.4509768,-1.7113587,-2.0262105,1.6921904,-2.771096,-0.606135,-1.2679889,1.1083469,-3.1322398,-5.1212854,-2.0571022,-5.102027,-6.77405
