label,mutation,chain,pdb,delta_logit,rank_wt,rank_mt,logit_G,logit_A,logit_C,logit_S,logit_P,logit_T,logit_V,logit_D,logit_I,logit_L,logit_N,logit_M,logit_Q,logit_K,logit_E,logit_H,logit_F,logit_R,logit_Y,logit_W
Cav1,S190F,F,4jhw,1.7068557999999996,12,4,4.6004343,5.309511,5.985705,4.7519507,3.8287044,5.1313877,6.547216,4.050849,6.710439,6.479055,4.1974134,6.209592,4.7210317,4.2201266,4.364314,4.900527,6.4588065,4.430387,5.8881183,5.875871
Cav1,V207L,F,4jhw,0.2942005999999999,4,2,4.8378916,5.3663397,5.7416754,4.829634,4.311251,5.0732026,6.235072,4.155759,6.833043,6.5292726,4.4358764,6.2530355,4.817027,4.70382,4.327911,4.6632395,5.92874,4.82257,5.490455,5.6805863
TriC,D486H,F,4jhw,0.3740363000000002,19,7,5.629034,5.4357014,5.862032,5.456966,4.565816,5.4462037,5.3615217,5.1998444,5.392562,5.572536,5.4732766,5.6500797,5.5109067,5.4038887,5.374494,5.5738807,5.7158594,5.452573,5.7120895,5.7294283
TriC,E487Q,F,4jhw,0.05583540000000031,14,13,4.755439,5.3844404,6.13647,5.1626635,4.1773705,5.243003,5.9304266,4.8435426,6.091819,6.244025,4.889184,5.8915606,5.1537094,4.5759377,5.097874,5.254787,5.901634,4.696868,5.692062,5.77701
TriC,F488W,F,4jhw,0.07859850000000002,6,2,5.1346436,5.436713,5.786416,5.477708,5.41541,5.564822,5.612788,5.2422304,5.609378,5.6363845,5.4144135,5.6465178,5.4465857,5.549571,5.2890396,5.5227656,5.6240835,5.5599647,5.629453,5.702682
TriC,D489H,F,4jhw,0.19365029999999983,20,13,4.9190245,5.27375,6.046495,5.073911,4.833101,5.4619074,6.2109113,4.821,6.2601767,6.001001,4.95625,5.7197275,5.0348816,4.8661313,4.999223,5.0146503,5.851083,4.915879,5.681217,5.7326384
