label,mutation,chain,pdb,delta_logit,rank_wt,rank_mt,logit_G,logit_A,logit_C,logit_S,logit_P,logit_T,logit_V,logit_D,logit_I,logit_L,logit_N,logit_M,logit_Q,logit_K,logit_E,logit_H,logit_F,logit_R,logit_Y,logit_W
Cav1,S190F,A,4jhw_trimer,1.5612452,12,4,0.50750816,1.3879622,1.8086258,0.8331192,0.001336205,1.0043977,2.5198135,0.38660717,2.606243,2.4415524,0.52466094,1.8010899,0.7355492,0.53546524,0.61398256,1.0634017,2.3943644,0.6314638,2.018886,1.7479569
Cav1,V207L,A,4jhw_trimer,0.22127359999999996,3,2,0.49157277,1.3475095,1.8082702,0.8829746,0.37911907,1.1768463,2.6248305,0.43425187,3.1221251,2.8461041,0.6457961,2.168334,0.938099,0.9233244,0.72530353,0.81658,1.8284944,0.9538997,1.3852339,1.5624944
TriC,D486H,A,4jhw_trimer,0.5001354700000001,20,11,1.197079,1.5669527,1.8564548,1.3213025,1.272475,1.3901114,1.882589,0.86189383,2.0604527,2.197306,1.1308298,1.9660772,1.2875946,1.2353077,0.98429507,1.3620293,1.9604988,1.2212118,1.7611405,1.8223555
TriC,E487Q,A,4jhw_trimer,-0.0008591000000000015,11,12,0.9367138,1.3879877,1.9545631,1.2286195,0.56174624,1.2801163,1.8262392,0.85648775,1.9764652,2.387504,1.0917046,2.0081902,1.3631405,1.0786077,1.3639996,1.3666112,2.1271746,1.0945821,2.0109918,1.730699
TriC,F488W,A,4jhw_trimer,-0.18716620000000006,1,4,0.83762753,1.379411,1.8090996,1.103662,0.7508377,1.3445739,1.9823301,0.49315158,2.2629898,2.386029,0.8967511,2.098585,1.1936493,1.2157989,0.8849842,1.3852254,2.3962064,1.225992,2.0998194,2.2090402
TriC,D489H,A,4jhw_trimer,0.309786,19,11,1.2690312,1.5881766,2.128591,1.2408742,0.98410434,1.4834127,2.025351,0.995942,2.136745,2.2581513,1.0889778,1.9067669,1.2302678,1.1585127,1.0374972,1.305728,1.9171629,1.1070776,1.7464939,1.9748495
Prol,S215P,A,4jhw_trimer,-0.11784929999999982,12,17,1.4318144,1.6671181,1.8772986,1.6501601,1.5323108,1.7154386,1.6687095,1.384563,1.6519125,1.6926823,1.5681608,1.7617632,1.6300939,1.6123593,1.6070883,1.674791,1.6836033,1.5310872,1.6857084,1.6751614
