label,mutation,chain,pdb,delta_logit,rank_wt,rank_mt,logit_G,logit_A,logit_C,logit_S,logit_P,logit_T,logit_V,logit_D,logit_I,logit_L,logit_N,logit_M,logit_Q,logit_K,logit_E,logit_H,logit_F,logit_R,logit_Y,logit_W
Cav1,S190F,F,4jhw,1.4670988999999999,12,3,1.5593868,2.561898,3.110641,2.0256138,0.81169474,2.3565269,3.9325175,1.2670764,4.0036097,3.4259477,1.371794,3.1608548,1.8082507,1.560955,1.522333,2.059892,3.4927127,1.6288933,2.947101,2.7554965
Cav1,V207L,F,4jhw,0.24397990000000025,3,2,1.6416037,2.5252361,2.8796344,1.8650116,1.2679303,2.2121425,3.7165966,1.0719111,4.326907,3.9605765,1.5663452,3.4233499,1.7960584,1.8268955,1.3659616,1.6973588,3.02425,2.032802,2.525249,2.58776
TriC,D486H,F,4jhw,0.4583313000000002,19,7,3.0560713,2.742583,3.251658,2.7969947,1.8539658,2.6952326,2.5429523,2.4353154,2.5645387,2.957481,2.8866906,3.0861666,2.83005,2.7705126,2.6572576,2.8936467,3.0125344,2.8587022,2.9282565,2.844622
TriC,E487Q,F,4jhw,0.07955980000000018,14,13,1.7648119,2.626309,3.2989247,2.509891,1.0890391,2.4764848,3.0598712,1.960605,3.0972013,3.3735607,2.1719012,3.0565336,2.445236,1.836187,2.3656762,2.6546872,3.243815,1.8966087,3.076096,2.6653097
TriC,F488W,F,4jhw,-0.032595199999999824,7,9,2.2156584,2.7792108,3.039454,2.7666755,2.7352664,2.9066422,2.961305,2.4611592,2.9490907,2.968565,2.5967956,2.974558,2.8572204,2.9652944,2.6717677,2.871473,2.9425445,2.9161716,2.9043174,2.9099493
TriC,D489H,F,4jhw,0.2667815,20,14,2.2128117,2.5722947,3.1851737,2.3518043,2.2957978,2.6377378,3.3596408,2.0459936,3.4704995,3.3240833,2.0528362,3.1062942,2.3821032,2.2319016,2.330542,2.3127751,2.9369578,2.2071502,2.8205616,2.8117433
