label,mutation,chain,pdb,delta_logit,rank_wt,rank_mt,logit_G,logit_A,logit_C,logit_S,logit_P,logit_T,logit_V,logit_D,logit_I,logit_L,logit_N,logit_M,logit_Q,logit_K,logit_E,logit_H,logit_F,logit_R,logit_Y,logit_W
Cav1,S190F,A,4jhw_trimer,1.3010545,12,4,-2.8683236,-1.8354275,-1.645079,-2.466278,-3.4409099,-2.0545678,-0.8253959,-3.249649,-0.735869,-1.1174784,-2.8991346,-1.4080281,-2.7519126,-2.867605,-3.0603452,-2.3437932,-1.1652235,-2.7280138,-1.403724,-1.5864275
Cav1,V207L,A,4jhw_trimer,-0.04381939999999995,2,3,-2.6791623,-2.0307393,-1.5959328,-2.517365,-2.664954,-2.124167,-0.629001,-2.8550172,-0.028733362,-0.6728204,-2.654561,-1.2052625,-2.4074352,-2.3622744,-2.7054014,-2.5120215,-1.6279325,-2.296802,-1.8675324,-1.7458903
TriC,D486H,A,4jhw_trimer,0.45856299999999983,19,9,-1.7841381,-1.5060093,-1.3071676,-1.6778154,-2.026112,-1.6619762,-1.5624548,-1.997221,-1.4580376,-1.361995,-1.7011373,-1.4367999,-1.7280163,-1.7816803,-1.9173896,-1.538658,-1.2907513,-1.7806183,-1.3428234,-1.4623888
TriC,E487Q,A,4jhw_trimer,-0.11866329999999992,10,14,-2.3540006,-1.8732383,-1.5143381,-2.0139086,-2.4805765,-1.9514452,-1.8065147,-2.3943367,-1.6907237,-1.2047657,-1.8748928,-1.5189577,-1.9531891,-2.2586074,-1.8345258,-1.6073176,-1.3752707,-2.2252278,-1.4310367,-1.6583984
TriC,F488W,A,4jhw_trimer,-0.26238249999999996,1,3,-2.3701878,-1.9833305,-1.4808407,-2.2202375,-2.6379387,-2.0324926,-1.4622395,-2.6607966,-1.1299231,-1.0585773,-2.2533827,-1.3082587,-2.1661327,-1.942837,-2.4095592,-1.7400879,-0.6098918,-1.7227541,-0.7697113,-0.8722743
TriC,D489H,A,4jhw_trimer,0.36755859999999996,19,11,-1.9340025,-1.5920221,-1.2500534,-1.8146193,-2.2768698,-1.6956701,-1.3322313,-2.146458,-1.1476315,-1.102382,-1.9496721,-1.3555143,-1.9594263,-2.0336576,-2.09706,-1.7788994,-1.2872627,-2.029291,-1.4169608,-1.3482367
Prol,S215P,A,4jhw_trimer,-0.19732139999999987,10,19,-1.5460901,-1.4289756,-1.1269135,-1.4171312,-1.6144526,-1.3754697,-1.4685457,-1.3677105,-1.4273654,-1.3935248,-1.4484863,-1.3820375,-1.4781257,-1.5842631,-1.3984033,-1.4273865,-1.3361185,-1.6155514,-1.3305671,-1.2805734
