label,mutation,chain,pdb,delta_logit,rank_wt,rank_mt,logit_G,logit_A,logit_C,logit_S,logit_P,logit_T,logit_V,logit_D,logit_I,logit_L,logit_N,logit_M,logit_Q,logit_K,logit_E,logit_H,logit_F,logit_R,logit_Y,logit_W
Cav1,S190F,F,4jhw,1.2274631999999999,12,3,2.4803855,3.0583835,3.5804658,2.691669,2.001984,2.8089597,3.8106103,2.2211285,3.9931767,3.977642,2.2435539,3.6717803,2.5415993,2.1896336,2.372741,2.761247,3.9191322,2.3735714,3.6270413,3.6469662
Cav1,V207L,F,4jhw,0.25812959999999974,4,2,2.3372927,2.8499517,3.2758896,2.4985976,2.1497858,2.8495276,3.8405957,2.167269,4.366712,4.0987253,2.4036946,3.849905,2.6137838,2.5918193,2.2820091,2.555099,3.4715352,2.6475506,3.1263835,3.4019227
TriC,D486H,F,4jhw,0.05314059999999987,15,11,3.0517936,3.0844421,3.4950085,3.0407805,2.1965466,2.9854379,2.8999987,2.9744842,2.9207542,3.1567764,3.0391037,3.2263236,3.0130932,2.9137821,2.9987447,3.0276248,3.3013253,2.9668531,3.2789893,3.3779721
TriC,E487Q,F,4jhw,0.010142500000000165,14,12,2.8459344,3.114957,3.564719,2.8910334,2.1708791,2.8076441,3.191013,2.5792437,3.3357925,3.6603127,2.7419317,3.4947867,2.8519485,2.54466,2.841806,3.0253208,3.6246867,2.6934614,3.4373639,3.4002063
TriC,F488W,F,4jhw,-0.00347900000000001,2,3,2.7228546,2.9708574,3.362264,3.0732467,2.7180085,3.2740777,3.1491566,2.8352463,3.191541,3.2326539,3.0322342,3.2178135,2.9962442,3.0269992,2.8900466,3.086575,3.3062527,3.0775845,3.2814689,3.3027737
TriC,D489H,F,4jhw,0.08203270000000007,15,13,3.0514674,3.234666,3.6507244,2.957179,2.6624875,3.0527403,3.3693573,2.8316154,3.3365467,3.301355,2.850323,3.2153535,2.749889,2.6076133,2.765223,2.9136481,3.3621933,2.5686576,3.2887986,3.322492
