label,mutation,chain,pdb,delta_logit,rank_wt,rank_mt,logit_G,logit_A,logit_C,logit_S,logit_P,logit_T,logit_V,logit_D,logit_I,logit_L,logit_N,logit_M,logit_Q,logit_K,logit_E,logit_H,logit_F,logit_R,logit_Y,logit_W
Cav1,S190F,F,4jhw,-8.6404925,2,17,-4.089397,1.3431985,-0.5023681,2.6059127,-4.712719,3.9926982,0.6447592,-1.7397048,-2.0247123,-2.8011746,0.088547885,-3.6094441,-2.6803975,-5.52117,-2.8187842,-3.6340554,-6.0345798,-6.399509,-6.9145417,-9.008009
Cav1,V207L,F,4jhw,-3.2961969,2,3,-9.445761,-5.3242993,-2.8788953,-5.9039564,-7.173936,-1.0466057,4.945512,-5.5018444,7.9830947,1.6493151,-3.9665024,-0.3220164,-2.9554505,-4.8033295,-2.7338269,-6.925975,-5.995712,-5.75849,-6.8411927,-8.309361
TriC,D486H,F,4jhw,-3.8236782000000002,1,11,-4.9823046,-1.6074722,-3.0035489,-0.8491727,-3.29149,-1.0213827,-2.5849423,2.2267282,-3.0065644,0.19207826,1.8059146,-0.7328652,0.7077323,0.18046358,1.9045718,-1.59695,-3.2115586,-0.5956625,-3.3044934,-5.0356493
TriC,E487Q,F,4jhw,-1.5183291999999997,1,3,-7.741891,-4.9809747,-2.4139614,-3.305954,-7.0288367,-0.017456824,-4.757622,-1.2963209,-4.7998786,0.07179577,2.1536021,-1.8758945,1.861104,-2.8787837,3.3794332,1.6885471,-3.9016228,-3.6556702,-3.916787,-7.1575193
TriC,F488W,F,4jhw,-2.6075363,7,14,-7.9798393,-6.6366835,-5.2145605,-4.723842,-5.965106,-1.031168,-2.5100007,-0.68027294,-1.6270227,1.0994294,0.5665519,-0.6333097,1.4451157,1.8181438,1.1300973,1.1865431,0.7894973,1.0503328,0.3055292,-1.818039
TriC,D489H,F,4jhw,-4.3893207,6,15,-1.8970158,1.819589,1.024655,1.4968703,-1.97864,0.5787191,0.94175607,0.6923629,-2.0825121,-2.3409057,0.77521086,-3.3722947,-2.568248,-3.9992783,-1.9026228,-3.6969578,-4.6248903,-4.212246,-5.5503025,-6.722988
