label,mutation,chain,pdb,delta_logit,rank_wt,rank_mt,logit_G,logit_A,logit_C,logit_S,logit_P,logit_T,logit_V,logit_D,logit_I,logit_L,logit_N,logit_M,logit_Q,logit_K,logit_E,logit_H,logit_F,logit_R,logit_Y,logit_W
Cav1,S190F,F,4jhw,-0.29118960000000005,3,7,-5.01589,-4.328861,-6.993945,-4.8890157,-11.704218,-5.54243,-4.8917704,-7.344401,-5.601584,-4.9976087,-6.9647126,-6.2825475,-6.472557,-7.324262,-6.970575,-5.6525574,-5.1802053,-6.9326386,-4.873535,-6.8155785
Cav1,V207L,F,4jhw,-0.9329696000000003,2,3,-4.8883624,-6.583844,-7.171336,-8.742768,-8.584337,-7.2916822,-3.023185,-11.078476,-1.7460018,-3.9561546,-9.321301,-5.5119066,-8.110742,-7.5123405,-8.851889,-10.1975155,-7.7021623,-6.890364,-7.54281,-7.93115
TriC,D486H,F,4jhw,-1.0153160000000003,3,11,-3.3564172,-4.0201693,-8.483078,-4.4465575,-5.6499233,-5.836751,-6.366906,-4.1148763,-6.604177,-5.2979116,-4.717107,-6.116523,-4.787581,-4.7092123,-4.290825,-5.1301923,-5.207352,-4.9355145,-4.988913,-5.606827
TriC,E487Q,F,4jhw,-0.7038625999999999,1,3,-5.03282,-4.8745728,-7.219285,-4.989456,-12.128756,-5.6734347,-7.595089,-5.957281,-8.158471,-5.1157107,-5.3244414,-6.377593,-4.894052,-5.919382,-4.1901894,-4.9413924,-6.008221,-5.346267,-5.4169426,-7.9695463
TriC,F488W,F,4jhw,-0.2783439999999997,6,11,-4.8977084,-5.3427896,-8.579066,-4.445613,-4.4876747,-4.0915847,-4.962147,-4.453452,-5.021147,-4.7902226,-4.843029,-5.7407093,-4.936543,-4.404217,-4.5965414,-4.8517346,-4.535627,-4.7390175,-4.640832,-4.813971
TriC,D489H,F,4jhw,-1.1087242999999996,2,12,-3.8343678,-4.4183817,-7.272845,-4.6531887,-6.272212,-5.245073,-5.44728,-4.3090887,-6.34085,-5.4753056,-5.027807,-6.1996646,-5.578374,-5.14568,-4.6423807,-5.417813,-5.110564,-4.8625317,-4.7906504,-5.5436845
