label,mutation,chain,pdb,delta_logit,rank_wt,rank_mt,logit_G,logit_A,logit_C,logit_S,logit_P,logit_T,logit_V,logit_D,logit_I,logit_L,logit_N,logit_M,logit_Q,logit_K,logit_E,logit_H,logit_F,logit_R,logit_Y,logit_W
Cav1,S190F,A,4jhw_trimer,1.7067579999999998,12,4,4.6003885,5.3095026,5.985654,4.752027,3.8287995,5.1314445,6.5471473,4.0509987,6.7104096,6.4790335,4.1974726,6.2095666,4.7210145,4.220132,4.364422,4.9005833,6.458785,4.430421,5.888156,5.8758483
Cav1,V207L,A,4jhw_trimer,0.2934245000000004,4,2,4.8401394,5.3655257,5.740832,4.830439,4.307328,5.075949,6.238053,4.15609,6.834554,6.5314775,4.4345407,6.2536035,4.814481,4.6972895,4.3299456,4.6599655,5.928723,4.8203416,5.48532,5.6771836
TriC,D486H,A,4jhw_trimer,0.6976603999999993,20,10,5.2296786,5.339315,5.734499,5.2957664,4.897065,5.4177117,5.756715,4.7107096,5.8398843,5.8889484,5.356252,5.523698,5.233449,5.2838016,4.7272787,5.40837,5.827716,5.3654466,5.6836686,5.6160035
TriC,E487Q,A,4jhw_trimer,0.03337299999999921,14,13,4.7425013,5.316588,6.081176,4.923831,4.169265,5.251036,6.0519676,4.4935346,6.1036606,6.358138,4.6876917,5.8828626,4.887159,4.4512835,4.853786,5.130771,6.1276035,4.5531697,5.8596916,5.5537224
TriC,F488W,A,4jhw_trimer,-0.15295140000000007,1,3,4.9656754,5.3125925,6.0131407,5.1790366,5.055571,5.316822,5.653912,4.813531,5.8805056,5.917697,5.245595,5.7509303,5.247422,5.416373,4.9646473,5.5165987,6.078982,5.4690943,5.9152265,5.9260306
TriC,D489H,A,4jhw_trimer,0.44339369999999967,19,11,5.0596967,5.3792577,5.92031,5.099265,4.561414,5.401433,5.9927096,4.788146,6.051486,5.9935274,5.135021,5.769824,5.0397024,4.904747,4.886702,5.2315397,5.7846045,4.90104,5.621122,5.6578784
Prol,S215P,A,4jhw_trimer,-0.6193473000000003,4,20,5.126356,5.5130177,5.7856836,5.6027803,4.983433,5.6296325,5.5232935,5.5212293,5.52934,5.537738,5.635915,5.5452127,5.532141,5.532439,5.4732184,5.581076,5.5423613,5.500784,5.509463,5.5344605
