label,mutation,chain,pdb,delta_logit,perc_bucket,rank_wt,rank_mt,logit_G,logit_A,logit_C,logit_S,logit_P,logit_T,logit_V,logit_D,logit_I,logit_L,logit_N,logit_M,logit_Q,logit_K,logit_E,logit_H,logit_F,logit_R,logit_Y,logit_W
Cav1,S190F,A,4jhw_trimer,1.9106522999999997,≥ 99th,8,2,-8.142228,-6.5168624,-8.451513,-7.5883613,-14.311908,-7.1672945,-4.8558517,-10.5819645,-5.846956,-6.2696033,-10.416475,-7.855737,-9.406812,-10.195982,-9.634018,-8.708742,-5.677709,-10.008362,-5.8778443,-8.232504
Cav1,V207L,A,4jhw_trimer,0.6121602000000008,95th - 97.5th,3,2,-6.736416,-7.5940466,-8.831209,-9.5512495,-14.558909,-8.309165,-5.4105515,-13.024816,-3.500274,-4.7983913,-11.106522,-6.5091085,-9.285535,-9.825024,-10.763829,-11.22011,-7.4739504,-8.739197,-7.810298,-8.271055
TriC,D486H,A,4jhw_trimer,0.9839850000000006,97.5th - 99th,16,11,-6.8614693,-6.8044434,-9.16387,-6.94887,-8.775719,-6.995168,-7.249467,-8.264093,-7.5122695,-6.6987696,-7.1753893,-8.510515,-7.4208193,-7.0043573,-8.047403,-7.280108,-7.5254984,-6.344792,-7.265275,-9.170712
TriC,E487Q,A,4jhw_trimer,-0.16281889999999954,85th - 90th,6,9,-8.714276,-7.502916,-8.072414,-8.202756,-15.545863,-7.6875877,-6.9473915,-9.2847805,-7.54859,-4.9062915,-8.133104,-7.8233557,-7.5978293,-9.35648,-7.4350104,-7.2726936,-6.709056,-8.498098,-6.390272,-8.699484
TriC,F488W,A,4jhw_trimer,-1.1963454000000002,70th - 75th,2,9,-6.681016,-7.0298386,-9.991813,-7.574794,-7.3968225,-7.3069863,-6.6307144,-8.532211,-6.299366,-5.7425437,-8.438265,-7.5475645,-7.4454927,-6.7058854,-7.524633,-7.4689612,-5.7280602,-6.527486,-5.6570034,-6.9244056
TriC,D489H,A,4jhw_trimer,0.07818199999999997,90th - 95th,18,17,-7.074418,-6.9912157,-8.912699,-7.738411,-9.429752,-7.1686487,-5.8974576,-8.590429,-6.339138,-5.983635,-8.087534,-7.598479,-8.074869,-7.8233423,-8.150548,-8.512247,-7.086709,-7.82984,-6.9159026,-7.5798736
Prol,S215P,A,4jhw_trimer,0.28549130000000034,85th - 90th,6,4,-7.1798334,-6.570323,-10.64257,-6.220198,-5.9347067,-6.170768,-7.4661713,-5.7499847,-8.012091,-7.0691404,-6.7724447,-8.324038,-6.486918,-5.8714204,-5.4508634,-7.35229,-7.780492,-6.625409,-7.358403,-7.970309
