label,mutation,chain,pdb,delta_logit,rank_wt,rank_mt
Cav1,S190F,F,4jhw,0.2375322999999998,8,7
Cav1,V207L,F,4jhw,-0.8065980000000001,5,6
TriC,D486H,F,4jhw,-1.8072184999999998,3,11
TriC,E487Q,F,4jhw,-1.6452304999999998,2,13
TriC,F488W,F,4jhw,-1.1411553000000003,10,16
TriC,D489H,F,4jhw,-2.0110135999999996,3,18
