label,mutation,chain,pdb,delta_logit,rank_wt,rank_mt
Cav1,S190F,F,4jhw,-0.38106550000000006,4,6
Cav1,V207L,F,4jhw,-2.5584137000000005,2,7
TriC,D486H,F,4jhw,-1.7939910000000001,2,14
TriC,E487Q,F,4jhw,-0.7374571000000003,3,8
TriC,F488W,F,4jhw,-1.0034343999999997,12,18
TriC,D489H,F,4jhw,-1.7737812,2,10
