{
    "Overall": {
        "all_types_of_mutations": {
            "Pr": -0.16782957905089058,
            "Pr_pval": 0.0011938045002349478,
            "Sr": -0.19356280465350054,
            "Sr_pval": 0.00017957291007749532,
            "num": 370.0,
            "num_struc": 38.0
        },
        "single_point_mutations": {
            "Pr": -0.2304717226647396,
            "Pr_pval": 0.00018281912766181384,
            "Sr": -0.20374795999298637,
            "Sr_pval": 0.0009744089805033382,
            "num": 259.0,
            "num_struc": 35.0
        },
        "multi_point_mutations": {
            "Pr": -0.15015901836916667,
            "Pr_pval": 0.11570776594278923,
            "Sr": -0.059373663162412285,
            "Sr_pval": 0.5359126265129797,
            "num": 111.0,
            "num_struc": 16.0
        }
    },
    "Per-Structure": {
        "all_types_of_mutations": {
            "Pr": -0.2869628574647718,
            "Pr_std": 0.23166990156021003,
            "Pr_pval": 0.0006003250790027661,
            "Sr": -0.30973464217985963,
            "Sr_std": 0.28990582987864993,
            "Sr_pval": 9.62980255115579e-06,
            "num": 266.0,
            "num_struc": 8.0
        },
        "single_point_mutations": {
            "Pr": -0.3411036930636354,
            "Pr_std": 0.2252711986606493,
            "Pr_pval": 0.0007371682578442538,
            "Sr": -0.38425620948255884,
            "Sr_std": 0.19541174028210534,
            "Sr_pval": 0.00020947285346325018,
            "num": 180.0,
            "num_struc": 7.0
        },
        "multi_point_mutations": {
            "Pr": -0.02558744247680303,
            "Pr_std": 0.3122363919136222,
            "Pr_pval": 0.014378377098588229,
            "Sr": 0.0007547671457039107,
            "Sr_std": 0.32089608850882656,
            "Sr_pval": 0.015621871243150728,
            "num": 79.0,
            "num_struc": 2.0
        }
    }
}