{
    "Overall": {
        "all_types_of_mutations": {
            "Pr": -0.17437518232599136,
            "Pr_pval": 0.0007553220404095917,
            "Sr": -0.21429255533399763,
            "Sr_pval": 3.232510508240288e-05,
            "num": 370.0,
            "num_struc": 38.0
        },
        "single_point_mutations": {
            "Pr": -0.2482536823700524,
            "Pr_pval": 5.35986739661718e-05,
            "Sr": -0.23176639126834894,
            "Sr_pval": 0.00016771683130431083,
            "num": 259.0,
            "num_struc": 35.0
        },
        "multi_point_mutations": {
            "Pr": -0.1327007788058846,
            "Pr_pval": 0.16501174651959427,
            "Sr": -0.06112433502184196,
            "Sr_pval": 0.5239351851828533,
            "num": 111.0,
            "num_struc": 16.0
        }
    },
    "Per-Structure": {
        "all_types_of_mutations": {
            "Pr": -0.3267027013793956,
            "Pr_std": 0.276210452984382,
            "Pr_pval": 1.3869908832331446e-05,
            "Sr": -0.3507742357970618,
            "Sr_std": 0.3082972740801871,
            "Sr_pval": 2.9573693956152505e-08,
            "num": 266.0,
            "num_struc": 8.0
        },
        "single_point_mutations": {
            "Pr": -0.4002485320735151,
            "Pr_std": 0.2738120411827334,
            "Pr_pval": 4.469263254923365e-06,
            "Sr": -0.42843375191466887,
            "Sr_std": 0.25416155061796414,
            "Sr_pval": 8.717754505380751e-07,
            "num": 180.0,
            "num_struc": 7.0
        },
        "multi_point_mutations": {
            "Pr": -0.03880464075941413,
            "Pr_std": 0.24651971662753835,
            "Pr_pval": 0.06115188833280792,
            "Sr": -0.056371642962251584,
            "Sr_std": 0.24461370787079048,
            "Sr_pval": 0.052310709755883276,
            "num": 79.0,
            "num_struc": 2.0
        }
    }
}