{
    "Overall": {
        "all_types_of_mutations": {
            "Pr": -0.3140941805212065,
            "Pr_pval": 5.212014171407821e-131,
            "Sr": -0.32833628833795736,
            "Sr_pval": 1.1089886164780746e-143,
            "precision": 0.3627450980392157,
            "recall": 0.354916067146283,
            "f1": 0.35878787878787877,
            "auroc": 0.5900532823405104,
            "accuracy": 0.7222124978120077,
            "num": 5713.0,
            "num_struc": 331.0
        },
        "single_point_mutations": {
            "Pr": -0.37129023870332517,
            "Pr_pval": 2.1589946388945894e-134,
            "Sr": -0.3276206234261784,
            "Sr_pval": 2.463812095782246e-103,
            "precision": 0.3444676409185804,
            "recall": 0.3741496598639456,
            "f1": 0.358695652173913,
            "auroc": 0.5896802889890448,
            "accuracy": 0.7126156843643449,
            "num": 4106.0,
            "num_struc": 308.0
        },
        "multi_point_mutations": {
            "Pr": -0.3456123188751944,
            "Pr_pval": 2.6577799170636033e-46,
            "Sr": -0.38176559454641423,
            "Sr_pval": 6.52789548666725e-57,
            "precision": 0.42857142857142855,
            "recall": 0.3089430894308943,
            "f1": 0.3590551181102362,
            "auroc": 0.5930822070740902,
            "accuracy": 0.7467330429371499,
            "num": 1607.0,
            "num_struc": 142.0
        }
    },
    "Per-Structure": {
        "all_types_of_mutations": {
            "Pr": -0.30691916763545796,
            "Pr_std": 0.26834688631102094,
            "Pr_pval": 2.5008812621526333e-110,
            "Sr": -0.29945645514944447,
            "Sr_std": 0.2638037665614936,
            "Sr_pval": 0.28782438128472576,
            "precision": 0.2939712132349452,
            "recall": 0.2547507585312128,
            "f1": 0.6031671396895676,
            "auroc": 0.7402433945424186,
            "accuracy": 6.228660938496647e-99,
            "num": 5025.0,
            "num_struc": 116.0
        },
        "single_point_mutations": {
            "Pr": -0.33566286769475845,
            "Pr_std": 0.2823424387445595,
            "Pr_pval": 2.526775846981987e-106,
            "Sr": -0.30693718466641073,
            "Sr_std": 0.27378801234528083,
            "Sr_pval": 0.27482796164915835,
            "precision": 0.2978873288333954,
            "recall": 0.25707285454827905,
            "f1": 0.5895479371894149,
            "auroc": 0.7311101619468211,
            "accuracy": 8.99005455859255e-68,
            "num": 3485.0,
            "num_struc": 93.0
        },
        "multi_point_mutations": {
            "Pr": -0.29992081816586574,
            "Pr_std": 0.29056737720923576,
            "Pr_pval": 2.8113295353815358e-27,
            "Sr": -0.2804832196153309,
            "Sr_std": 0.2837823926331504,
            "Sr_pval": 0.27624618285722263,
            "precision": 0.2617850983704642,
            "recall": 0.22701141915632592,
            "f1": 0.5858756820582596,
            "auroc": 0.7450146974606616,
            "accuracy": 2.0755571695337056e-23,
            "num": 1304.0,
            "num_struc": 41.0
        }
    }
}