{
    "Overall": {
        "all_types_of_mutations": {
            "Pr": -0.3140941805212065,
            "Pr_pval": 5.212014171407821e-131,
            "Sr": -0.32833628833795736,
            "Sr_pval": 1.1089886164780746e-143,
            "num": 5713.0,
            "num_struc": 331.0
        },
        "single_point_mutations": {
            "Pr": -0.37129023870332517,
            "Pr_pval": 2.1589946388945894e-134,
            "Sr": -0.3276206234261784,
            "Sr_pval": 2.463812095782246e-103,
            "num": 4106.0,
            "num_struc": 308.0
        },
        "multi_point_mutations": {
            "Pr": -0.3456123188751944,
            "Pr_pval": 2.6577799170636033e-46,
            "Sr": -0.38176559454641423,
            "Sr_pval": 6.52789548666725e-57,
            "num": 1607.0,
            "num_struc": 142.0
        }
    },
    "Per-Structure": {
        "all_types_of_mutations": {
            "Pr": -0.30691916763545796,
            "Pr_std": 0.26834688631102094,
            "Pr_pval": 2.5008812621526333e-110,
            "Sr": -0.29945645514944447,
            "Sr_std": 0.2638037665614936,
            "Sr_pval": 6.228660938496647e-99,
            "num": 5025.0,
            "num_struc": 116.0
        },
        "single_point_mutations": {
            "Pr": -0.3356628676947585,
            "Pr_std": 0.2823424387445595,
            "Pr_pval": 2.526775846981987e-106,
            "Sr": -0.30693718466641073,
            "Sr_std": 0.27378801234528083,
            "Sr_pval": 8.99005455859255e-68,
            "num": 3485.0,
            "num_struc": 93.0
        },
        "multi_point_mutations": {
            "Pr": -0.2999208181658658,
            "Pr_std": 0.29056737720923576,
            "Pr_pval": 2.811329535381374e-27,
            "Sr": -0.2804832196153309,
            "Sr_std": 0.2837823926331504,
            "Sr_pval": 2.0755571695337056e-23,
            "num": 1304.0,
            "num_struc": 41.0
        }
    }
}