{
    "fitness_min": {
        "pearson": [
            0.5388569640683127,
            3.620691553042284e-109
        ],
        "spearman": [
            0.252107058745921,
            2.6683210720408376e-22
        ],
        "count": 1439
    },
    "fitness_rich": {
        "pearson": [
            0.5027401072889544,
            5.0952648038302815e-93
        ],
        "spearman": [
            0.3197605986014793,
            1.4419940953743534e-35
        ],
        "count": 1439
    }
}