{
    "fitness_min": {
        "pearson": [
            0.5247196038907004,
            2.782759367294655e-101
        ],
        "spearman": [
            0.249571660079423,
            1.3251065242829432e-21
        ],
        "count": 1420
    },
    "fitness_rich": {
        "pearson": [
            0.4635415104059967,
            1.486325551288257e-76
        ],
        "spearman": [
            0.2851347064638156,
            5.716717946597538e-28
        ],
        "count": 1420
    }
}