{
    "screenscore": {
        "pearson": [
            0.17509921671466327,
            5.655399978107308e-15
        ],
        "spearman": [
            0.12697861383924433,
            1.6641075905181098e-08
        ],
        "count": 1962
    }
}