{
    "screenscore": {
        "pearson": [
            0.02449255199732963,
            0.29107964912232975
        ],
        "spearman": [
            0.027525816630694977,
            0.23540421867884262
        ],
        "count": 1860
    }
}