{
    "SelectionOne": {
        "pearson": [
            0.30105465143276144,
            9.452895757125693e-166
        ],
        "spearman": [
            0.31857336795240365,
            1.928488605532625e-186
        ],
        "count": 7927
    }
}