{
    "SelectionOne": {
        "pearson": [
            0.30327660521434807,
            3.107278497709337e-171
        ],
        "spearman": [
            0.3258260173057999,
            7.676992099428309e-199
        ],
        "count": 8067
    }
}