{
    "score": {
        "pearson": [
            0.5372014952075689,
            3.1932317208559154e-262
        ],
        "spearman": [
            0.48932322175423265,
            3.418586578184274e-211
        ],
        "count": 3517
    }
}