{
    "score": {
        "pearson": [
            0.5451385088050261,
            1.67890094053039e-271
        ],
        "spearman": [
            0.49339464796611476,
            3.194031165153816e-215
        ],
        "count": 3517
    }
}