{
    "score": {
        "pearson": [
            0.5528621415565763,
            4.2532272694999904e-302
        ],
        "spearman": [
            0.48548040429056816,
            3.7243563942052696e-223
        ],
        "count": 3786
    }
}