{
    "1AMQ": {
        "pearson": [
            -0.5018943505158109,
            0.4981056494841891
        ],
        "spearman": [
            -0.39999999999999997,
            0.6
        ],
        "count": 4
    },
    "1BNI": {
        "pearson": [
            -0.47220863969022997,
            0.1032458431214159
        ],
        "spearman": [
            -0.4710761676762419,
            0.1041901070638822
        ],
        "count": 13
    },
    "1CEY": {
        "pearson": [
            0.9439180814554496,
            0.21421872065182537
        ],
        "spearman": [
            0.5,
            0.6666666666666667
        ],
        "count": 3
    },
    "1EY0": {
        "pearson": [
            0.013447089434951534,
            0.9458540350165487
        ],
        "spearman": [
            0.026838291926209287,
            0.8921657752965491
        ],
        "count": 28
    },
    "1IHB": {
        "pearson": [
            -0.5453664567465978,
            0.6327810048889417
        ],
        "spearman": [
            -0.5,
            0.6666666666666667
        ],
        "count": 3
    },
    "1L63": {
        "pearson": [
            -0.6128678178535062,
            1.629503451774888e-13
        ],
        "spearman": [
            -0.6091170204636961,
            2.505160359732142e-13
        ],
        "count": 118
    },
    "1LZ1": {
        "pearson": [
            -0.61118995987737,
            1.3192936559973788e-07
        ],
        "spearman": [
            -0.6035975360031143,
            2.0690645028988787e-07
        ],
        "count": 62
    },
    "1OH0": {
        "pearson": [
            -1.0,
            1.0
        ],
        "spearman": [
            -0.9999999999999999,
            NaN
        ],
        "count": 2
    },
    "1VQB": {
        "pearson": [
            0.3376685319901725,
            0.5783829955828436
        ],
        "spearman": [
            0.49999999999999994,
            0.39100221895577053
        ],
        "count": 5
    },
    "2LZM": {
        "pearson": [
            -0.6597388259180386,
            1.6938879448426226e-09
        ],
        "spearman": [
            -0.6529645838599151,
            2.8197131236028553e-09
        ],
        "count": 66
    },
    "2RN2": {
        "pearson": [
            -0.3199651954023045,
            0.19553069394432498
        ],
        "spearman": [
            -0.18944190734522262,
            0.45151558471452
        ],
        "count": 18
    },
    "3ZCF": {
        "pearson": [
            1.0,
            1.0
        ],
        "spearman": [
            0.9999999999999999,
            NaN
        ],
        "count": 2
    },
    "4BVM": {
        "pearson": [
            0.3078257573357274,
            0.614344932405716
        ],
        "spearman": [
            0.09999999999999999,
            0.8728885715695383
        ],
        "count": 5
    },
    "4LYZ": {
        "pearson": [
            -0.018065210625792177,
            0.9511234992387769
        ],
        "spearman": [
            0.10386898858064801,
            0.7238143623890954
        ],
        "count": 14
    },
    "5PTI": {
        "pearson": [
            -0.10668430313294794,
            0.8644234361193118
        ],
        "spearman": [
            -0.6,
            0.28475697986529375
        ],
        "count": 5
    },
    "overall": {
        "pearson": [
            -0.5245659765496562,
            2.8053579680008e-26
        ],
        "spearman": [
            -0.5303976593294605,
            6.243709869664964e-27
        ],
        "count": 352
    }
}