{
    "myoglobin": {
        "pearson": [
            -0.7827149659216437,
            1.3258669541857258e-24
        ],
        "spearman": [
            -0.7906743664369813,
            2.118818981984704e-25
        ],
        "precision": 0.8235294117647058,
        "recall": 0.4375,
        "auroc": 0.9139660493827161,
        "accuracy": 0.8141592920353983,
        "count": 113,
        "num_stabilizing": 32,
        "num_destabilizing": 81
    },
    "p53": {
        "pearson": [
            -0.8121680380694225,
            6.648450701845219e-11
        ],
        "spearman": [
            -0.7559967609912447,
            7.0894682511337265e-09
        ],
        "precision": 0.6666666666666666,
        "recall": 0.36363636363636365,
        "auroc": 0.8299120234604105,
        "accuracy": 0.7857142857142857,
        "count": 42,
        "num_stabilizing": 11,
        "num_destabilizing": 31
    },
    "s669": {
        "pearson": [
            -0.4438011798016837,
            1.3333303841297181e-32
        ],
        "spearman": [
            -0.440412117739443,
            4.465764158166761e-32
        ],
        "precision": 0.47468354430379744,
        "recall": 0.4573170731707317,
        "auroc": 0.7019391001363429,
        "accuracy": 0.7341576506955177,
        "count": 647,
        "num_stabilizing": 164,
        "num_destabilizing": 483
    },
    "ssym": {
        "pearson": [
            -0.7343307539354583,
            1.1642841308432476e-58
        ],
        "spearman": [
            -0.7453619282584582,
            2.631513315110555e-61
        ],
        "precision": 0.6707317073170732,
        "recall": 0.6395348837209303,
        "auroc": 0.8818825259674603,
        "accuracy": 0.8289085545722714,
        "count": 339,
        "num_stabilizing": 86,
        "num_destabilizing": 253
    },
    "t2226": {
        "pearson": [
            -0.6073875351139458,
            2.373621991497446e-171
        ],
        "spearman": [
            -0.646811576492362,
            2.3483158979222174e-201
        ],
        "precision": 0.5543859649122806,
        "recall": 0.5467128027681661,
        "auroc": 0.8446305212476451,
        "accuracy": 0.8476977567886659,
        "count": 1694,
        "num_stabilizing": 289,
        "num_destabilizing": 1405
    },
    "overall": {
        "pearson": [
            -0.5963775871489981,
            1.0128946311317848e-272
        ],
        "spearman": [
            -0.6183406719062847,
            9.457407776284607e-299
        ],
        "precision": 0.5583941605839416,
        "recall": 0.5257731958762887,
        "auroc": 0.8180158414210607,
        "accuracy": 0.817283950617284,
        "count": 2835,
        "num_stabilizing": 582,
        "num_destabilizing": 2253
    }
}