{
    "Caffeine": {
        "pearson": [
            0.3599431011187814,
            1.0993810136571232e-40
        ],
        "spearman": [
            0.3050978925953753,
            3.758112047430949e-29
        ],
        "count": 1288
    },
    "DMSO": {
        "pearson": [
            0.33404210816650465,
            7.08348426809325e-36
        ],
        "spearman": [
            0.2688351741778342,
            2.3582692947114098e-23
        ],
        "count": 1324
    },
    "DTT": {
        "pearson": [
            0.337829940094739,
            1.205273359219973e-35
        ],
        "spearman": [
            0.3053043461820929,
            4.183390756497349e-29
        ],
        "count": 1284
    },
    "HU": {
        "pearson": [
            0.33545769926063207,
            7.457227422669377e-35
        ],
        "spearman": [
            0.25724104828619154,
            1.0941591656717989e-20
        ],
        "count": 1273
    },
    "MG132": {
        "pearson": [
            0.36909481590030285,
            2.091054628393369e-41
        ],
        "spearman": [
            0.2572371715815904,
            3.095568300579932e-20
        ],
        "count": 1243
    }
}