{
    "Caffeine": {
        "pearson": [
            0.3029236515714629,
            9.655750798817078e-29
        ],
        "spearman": [
            0.27217295304323286,
            2.6036296910950718e-23
        ],
        "count": 1288
    },
    "DMSO": {
        "pearson": [
            0.27480895584106707,
            2.2727786837948144e-24
        ],
        "spearman": [
            0.2272909292815687,
            5.645866717764992e-17
        ],
        "count": 1324
    },
    "DTT": {
        "pearson": [
            0.2793135840644224,
            1.9300820372626063e-24
        ],
        "spearman": [
            0.2621818028754969,
            1.2575629392244659e-21
        ],
        "count": 1284
    },
    "HU": {
        "pearson": [
            0.2618603604439599,
            2.0985046431802295e-21
        ],
        "spearman": [
            0.18791337364027563,
            1.3962987488065949e-11
        ],
        "count": 1273
    },
    "MG132": {
        "pearson": [
            0.3121157805548556,
            1.72770212341117e-29
        ],
        "spearman": [
            0.22397855071429845,
            1.3448483773736717e-15
        ],
        "count": 1243
    }
}