{
    "Caffeine": {
        "pearson": [
            0.3168073479362531,
            2.0301987669055435e-31
        ],
        "spearman": [
            0.29861684736453,
            6.113973568498696e-28
        ],
        "count": 1288
    },
    "DMSO": {
        "pearson": [
            0.29039258431363385,
            3.845100151374966e-27
        ],
        "spearman": [
            0.2486943412570291,
            4.1025959854312904e-20
        ],
        "count": 1324
    },
    "DTT": {
        "pearson": [
            0.2907805671681232,
            1.938831396421729e-26
        ],
        "spearman": [
            0.2840585498821456,
            2.9518059126629604e-25
        ],
        "count": 1284
    },
    "HU": {
        "pearson": [
            0.27850357767374595,
            4.1485343346972685e-24
        ],
        "spearman": [
            0.2117512804448,
            2.2685651166464847e-14
        ],
        "count": 1273
    },
    "MG132": {
        "pearson": [
            0.32097444156981786,
            3.514215981145098e-31
        ],
        "spearman": [
            0.23112340687369928,
            1.5535252404395752e-16
        ],
        "count": 1243
    }
}