{
    "Ami11_avg": {
        "pearson": [
            0.19592355870777658,
            1.5292645426795438e-46
        ],
        "spearman": [
            0.15832444227671122,
            8.653934320008583e-31
        ],
        "count": 5245
    },
    "Ami12_avg": {
        "pearson": [
            0.32597417560231007,
            3.106616213391366e-125
        ],
        "spearman": [
            0.3968066655865695,
            6.260606207188481e-190
        ],
        "count": 5046
    },
    "Ami14_avg": {
        "pearson": [
            0.2981203572596587,
            4.192237798758386e-103
        ],
        "spearman": [
            0.34195492147409773,
            4.334868505389672e-137
        ],
        "count": 4997
    },
    "Ami18_avg": {
        "pearson": [
            0.015433422946451744,
            0.26317854943759444
        ],
        "spearman": [
            0.01724066635850879,
            0.21131707178935444
        ],
        "count": 5258
    },
    "G41811_avg": {
        "pearson": [
            0.3018291994747131,
            6.633991004835808e-107
        ],
        "spearman": [
            0.3350299991118037,
            9.215814102053837e-133
        ],
        "count": 5052
    },
    "G41812_avg": {
        "pearson": [
            0.37007584601960913,
            8.768783375397928e-161
        ],
        "spearman": [
            0.4387818614408155,
            1.6792025946423716e-232
        ],
        "count": 4959
    },
    "G41814_avg": {
        "pearson": [
            0.3331546626248845,
            1.2211464433464908e-135
        ],
        "spearman": [
            0.35646309208697863,
            2.308919544171016e-156
        ],
        "count": 5225
    },
    "Kan11_avg": {
        "pearson": [
            0.33533427712547925,
            7.141549760820927e-132
        ],
        "spearman": [
            0.36105537696610823,
            4.566441926247478e-154
        ],
        "count": 5008
    },
    "Kan12_avg": {
        "pearson": [
            0.37753643027152095,
            6.314561738740012e-164
        ],
        "spearman": [
            0.45155737686544545,
            4.381191633158731e-242
        ],
        "count": 4844
    },
    "Kan14_avg": {
        "pearson": [
            0.3667197903712756,
            6.808770976357202e-159
        ],
        "spearman": [
            0.41716515423324324,
            1.1335778759809407e-209
        ],
        "count": 4997
    },
    "Kan18_avg": {
        "pearson": [
            0.3572868380796665,
            4.245769804187391e-157
        ],
        "spearman": [
            0.3883559198043975,
            1.1782619145629228e-187
        ],
        "count": 5224
    },
    "Neo11_avg": {
        "pearson": [
            0.29944264708980106,
            1.0073911244031731e-105
        ],
        "spearman": [
            0.3103988796219512,
            7.347372230207866e-114
        ],
        "count": 5079
    },
    "Neo12_avg": {
        "pearson": [
            0.37510874526507093,
            7.701965075646651e-166
        ],
        "spearman": [
            0.44854057095732364,
            1.1834436371011462e-244
        ],
        "count": 4970
    },
    "Neo14_avg": {
        "pearson": [
            0.3707112623454296,
            1.7822448283267525e-168
        ],
        "spearman": [
            0.403432675425355,
            5.011816134359446e-202
        ],
        "count": 5180
    },
    "Neo18_avg": {
        "pearson": [
            0.3138705741248874,
            7.895052856860601e-120
        ],
        "spearman": [
            0.31940199688241006,
            2.9741647301692645e-124
        ],
        "count": 5226
    },
    "Paro11_avg": {
        "pearson": [
            0.23816365583933688,
            2.5016519895603264e-68
        ],
        "spearman": [
            0.22388933161387733,
            2.1477452063368066e-60
        ],
        "count": 5228
    },
    "Paro12_avg": {
        "pearson": [
            0.3343655105246736,
            1.2988024040458621e-130
        ],
        "spearman": [
            0.39704503024196114,
            4.354009833532947e-188
        ],
        "count": 4990
    },
    "Paro14_avg": {
        "pearson": [
            0.3842159948288547,
            3.7673079601292815e-174
        ],
        "spearman": [
            0.4402181099558599,
            3.8571270615371075e-234
        ],
        "count": 4958
    },
    "Paro18_avg": {
        "pearson": [
            0.3831984241517235,
            6.796850639397827e-178
        ],
        "spearman": [
            0.43418528759586983,
            2.4582983842009456e-233
        ],
        "count": 5095
    },
    "Ribo11_avg": {
        "pearson": [
            0.3307478771221968,
            5.905837706169231e-128
        ],
        "spearman": [
            0.3900164992253906,
            2.1971032997531827e-181
        ],
        "count": 5001
    },
    "Ribo12_avg": {
        "pearson": [
            0.40492411298981956,
            1.0178079055859313e-196
        ],
        "spearman": [
            0.47079614137923514,
            2.0797253495528097e-274
        ],
        "count": 5002
    },
    "Ribo14_avg": {
        "pearson": [
            0.39592903771340343,
            3.858555078885592e-194
        ],
        "spearman": [
            0.43311938959382545,
            4.286163257175556e-236
        ],
        "count": 5184
    },
    "Ribo18_avg": {
        "pearson": [
            0.3621884888567018,
            5.786806119644448e-161
        ],
        "spearman": [
            0.3756081996491204,
            6.454600658331232e-174
        ],
        "count": 5200
    }
}