{
    "Ami11_avg": {
        "pearson": [
            0.19182521053817428,
            3.3252275149667143e-43
        ],
        "spearman": [
            0.15171318142181586,
            1.7738273366743194e-27
        ],
        "count": 5068
    },
    "Ami12_avg": {
        "pearson": [
            0.32467142138342925,
            8.409519718234506e-121
        ],
        "spearman": [
            0.3975188659262849,
            1.9732809679755414e-185
        ],
        "count": 4906
    },
    "Ami14_avg": {
        "pearson": [
            0.30346167600686397,
            2.7014226634288572e-104
        ],
        "spearman": [
            0.35135285784888676,
            1.5962309099968946e-141
        ],
        "count": 4871
    },
    "Ami18_avg": {
        "pearson": [
            0.01521976505388576,
            0.2781116158176701
        ],
        "spearman": [
            0.02307406777156589,
            0.10009400952835991
        ],
        "count": 5080
    },
    "G41811_avg": {
        "pearson": [
            0.2988881205434406,
            8.485497389060402e-102
        ],
        "spearman": [
            0.322616211219642,
            3.2352214307570804e-119
        ],
        "count": 4906
    },
    "G41812_avg": {
        "pearson": [
            0.3745409765976973,
            1.9303611565203124e-160
        ],
        "spearman": [
            0.44820834884993155,
            4.891375244826626e-237
        ],
        "count": 4822
    },
    "G41814_avg": {
        "pearson": [
            0.3427837116716297,
            3.3495251743717586e-139
        ],
        "spearman": [
            0.3696757312367772,
            2.7339136159356665e-163
        ],
        "count": 5049
    },
    "Kan11_avg": {
        "pearson": [
            0.32628549206409624,
            1.8150484630694531e-121
        ],
        "spearman": [
            0.34552290536539715,
            6.241833335785154e-137
        ],
        "count": 4882
    },
    "Kan12_avg": {
        "pearson": [
            0.3877064148293097,
            1.475684262622159e-169
        ],
        "spearman": [
            0.46296068862657797,
            4.347220011660494e-250
        ],
        "count": 4732
    },
    "Kan14_avg": {
        "pearson": [
            0.3766468866751506,
            3.8941251466628475e-163
        ],
        "spearman": [
            0.4295432641252707,
            8.502119254574168e-217
        ],
        "count": 4845
    },
    "Kan18_avg": {
        "pearson": [
            0.37196835951550944,
            1.6173486176012547e-165
        ],
        "spearman": [
            0.4035929302815032,
            3.251066058180958e-197
        ],
        "count": 5051
    },
    "Neo11_avg": {
        "pearson": [
            0.30229192314458486,
            3.0591607141360553e-105
        ],
        "spearman": [
            0.3033701114800002,
            5.136338376709576e-106
        ],
        "count": 4956
    },
    "Neo12_avg": {
        "pearson": [
            0.3911900072578201,
            2.743285256050353e-177
        ],
        "spearman": [
            0.46668062380404496,
            3.4485007099733067e-261
        ],
        "count": 4855
    },
    "Neo14_avg": {
        "pearson": [
            0.39167055470832374,
            1.632145520638783e-183
        ],
        "spearman": [
            0.42549440332822386,
            1.1262575181026327e-219
        ],
        "count": 5014
    },
    "Neo18_avg": {
        "pearson": [
            0.323276760969858,
            2.80495553578036e-123
        ],
        "spearman": [
            0.32907056382528155,
            6.313273790453675e-128
        ],
        "count": 5054
    },
    "Paro11_avg": {
        "pearson": [
            0.23436417242080057,
            3.9267584608442625e-64
        ],
        "spearman": [
            0.21231216895130103,
            1.0754024148887498e-52
        ],
        "count": 5063
    },
    "Paro12_avg": {
        "pearson": [
            0.33658926837226066,
            1.8670985904295967e-129
        ],
        "spearman": [
            0.39525592440440954,
            4.700616881714539e-182
        ],
        "count": 4876
    },
    "Paro14_avg": {
        "pearson": [
            0.3854410187267253,
            4.8384617869907545e-171
        ],
        "spearman": [
            0.4483668964293444,
            7.394887047780301e-238
        ],
        "count": 4835
    },
    "Paro18_avg": {
        "pearson": [
            0.39716043799767287,
            1.4553376928605519e-186
        ],
        "spearman": [
            0.4494774670798187,
            1.2960457774108615e-244
        ],
        "count": 4946
    },
    "Ribo11_avg": {
        "pearson": [
            0.3360344786526613,
            2.2507071375098863e-129
        ],
        "spearman": [
            0.38937898978889174,
            8.840610991510343e-177
        ],
        "count": 4890
    },
    "Ribo12_avg": {
        "pearson": [
            0.4239636358567853,
            7.123197053101817e-212
        ],
        "spearman": [
            0.4893786591364718,
            6.268857529474764e-292
        ],
        "count": 4873
    },
    "Ribo14_avg": {
        "pearson": [
            0.41530969700952086,
            1.132368847183895e-208
        ],
        "spearman": [
            0.45363687191244007,
            1.7265589557588067e-253
        ],
        "count": 5022
    },
    "Ribo18_avg": {
        "pearson": [
            0.38402492385238884,
            1.4448449526378104e-176
        ],
        "spearman": [
            0.3990103508412063,
            1.0048823819273374e-191
        ],
        "count": 5033
    }
}