{
    "selection_coefficient": {
        "pearson": [
            0.2970452901101001,
            2.8822462818006865e-27
        ],
        "spearman": [
            0.26441701657002886,
            9.603468285676117e-22
        ],
        "count": 1269
    }
}