{
    "selection_coefficient": {
        "pearson": [
            0.3056957567135031,
            7.406802740862189e-29
        ],
        "spearman": [
            0.2875438786009053,
            1.3949744667937695e-25
        ],
        "count": 1269
    }
}