{
    "selection_coefficient": {
        "pearson": [
            0.35725172955454676,
            1.696170917846351e-39
        ],
        "spearman": [
            0.3217879205641194,
            5.834805377017342e-32
        ],
        "count": 1269
    }
}