{
    "CRIPT": {
        "pearson": [
            0.46258768857427607,
            9.759423244057422e-89
        ],
        "spearman": [
            0.36232417651057613,
            1.2411517992830126e-52
        ],
        "count": 1659
    },
    "Tm2F": {
        "pearson": [
            0.4104583459925214,
            1.9674364791641278e-68
        ],
        "spearman": [
            0.28325158202990036,
            5.556096801568492e-32
        ],
        "count": 1659
    }
}