{
    "fitness": {
        "pearson": [
            0.32847776307137894,
            1.5208201486379838e-39
        ],
        "spearman": [
            0.30466502124187594,
            5.43269837425455e-34
        ],
        "count": 1519
    }
}