{
    "fitness": {
        "pearson": [
            0.3265414252558685,
            4.493878035856028e-39
        ],
        "spearman": [
            0.29822719380697965,
            1.414252331962384e-32
        ],
        "count": 1519
    }
}