{
    "overall": {
        "pearson": [
            -0.4522322808421917,
            4.271129560779018e-19
        ],
        "spearman": [
            -0.409805840644479,
            1.198448608451617e-15
        ],
        "count": 351
    }
}