{
    "function_score": {
        "pearson": [
            0.3750719547187285,
            5.325288875006119e-26
        ],
        "spearman": [
            0.359649152984883,
            6.795758760717725e-24
        ],
        "count": 736
    }
}