{
    "screenscore": {
        "pearson": [
            0.06443368251598178,
            0.005437589155837655
        ],
        "spearman": [
            0.03454353739609988,
            0.13642764561650012
        ],
        "count": 1860
    }
}