{
    "screenscore": {
        "pearson": [
            0.08270232020795866,
            0.00024521691406338377
        ],
        "spearman": [
            0.047523423512620525,
            0.03530240038384326
        ],
        "count": 1962
    }
}