{
    "Overall": {
        "all_types_of_mutations": {
            "Pr": -0.16813632160439607,
            "Pr_pval": 1.7062654482676112e-37,
            "Sr": -0.15613619679672322,
            "Sr_pval": 1.659532508882254e-32,
            "precision": 0.2570921985815603,
            "recall": 0.6954436450839329,
            "f1": 0.37540453074433655,
            "auroc": 0.566009585876794,
            "accuracy": 0.4932609837213373,
            "num": 5713.0,
            "num_struc": 331.0
        },
        "single_point_mutations": {
            "Pr": -0.1847483463619144,
            "Pr_pval": 7.53547944924949e-33,
            "Sr": -0.1469792676353642,
            "Sr_pval": 2.887259868631389e-21,
            "precision": 0.2513303315595579,
            "recall": 0.6961451247165533,
            "f1": 0.36932330827067666,
            "auroc": 0.5644187162044305,
            "accuracy": 0.4892839746712129,
            "num": 4106.0,
            "num_struc": 308.0
        },
        "multi_point_mutations": {
            "Pr": -0.17526567609117033,
            "Pr_pval": 1.491131304711155e-12,
            "Sr": -0.17071808043480952,
            "Sr_pval": 5.620582421084683e-12,
            "precision": 0.2720510095642933,
            "recall": 0.6937669376693767,
            "f1": 0.39083969465648855,
            "auroc": 0.570227572227257,
            "accuracy": 0.5034225264467953,
            "num": 1607.0,
            "num_struc": 142.0
        }
    },
    "Per-Structure": {
        "all_types_of_mutations": {
            "Pr": -0.0923584848567254,
            "Pr_std": 0.28098255289381835,
            "Pr_pval": 5.413923844035277e-35,
            "Sr": -0.09289520221059842,
            "Sr_std": 0.27114392462837344,
            "Sr_pval": 0.22314245474506464,
            "precision": 0.5652346697154452,
            "recall": 0.2896338463065153,
            "f1": 0.5686888941871091,
            "auroc": 0.48596982131833405,
            "accuracy": 1.491444458633519e-26,
            "num": 5025.0,
            "num_struc": 116.0
        },
        "single_point_mutations": {
            "Pr": -0.1069903561481094,
            "Pr_std": 0.28494771781229983,
            "Pr_pval": 1.4512068871615965e-26,
            "Sr": -0.1038724000741091,
            "Sr_std": 0.25918768899214856,
            "Sr_pval": 0.22413369489826707,
            "precision": 0.5833162233035638,
            "recall": 0.30117654455089476,
            "f1": 0.5771878028569613,
            "auroc": 0.4837503073252437,
            "accuracy": 2.1528031916025682e-13,
            "num": 3485.0,
            "num_struc": 93.0
        },
        "multi_point_mutations": {
            "Pr": -0.08870290095182631,
            "Pr_std": 0.3336432764488311,
            "Pr_pval": 1.7743776317420207e-15,
            "Sr": -0.06907389351556138,
            "Sr_std": 0.3150297252230675,
            "Sr_pval": 0.2683501096451502,
            "precision": 0.488858261338534,
            "recall": 0.3017969148187003,
            "f1": 0.5169604510803572,
            "auroc": 0.5067367243601569,
            "accuracy": 1.9309602482027608e-08,
            "num": 1304.0,
            "num_struc": 41.0
        }
    }
}