{
    "Overall": {
        "all_types_of_mutations": {
            "Pr": -0.16813632160439607,
            "Pr_pval": 1.7062654482676112e-37,
            "Sr": -0.15613619679672322,
            "Sr_pval": 1.659532508882254e-32,
            "num": 5713.0,
            "num_struc": 331.0
        },
        "single_point_mutations": {
            "Pr": -0.1847483463619144,
            "Pr_pval": 7.53547944924949e-33,
            "Sr": -0.1469792676353642,
            "Sr_pval": 2.887259868631389e-21,
            "num": 4106.0,
            "num_struc": 308.0
        },
        "multi_point_mutations": {
            "Pr": -0.17526567609117033,
            "Pr_pval": 1.491131304711155e-12,
            "Sr": -0.17071808043480952,
            "Sr_pval": 5.620582421084683e-12,
            "num": 1607.0,
            "num_struc": 142.0
        }
    },
    "Per-Structure": {
        "all_types_of_mutations": {
            "Pr": -0.0923584848567254,
            "Pr_std": 0.28098255289381835,
            "Pr_pval": 5.413923844034974e-35,
            "Sr": -0.09289520221059842,
            "Sr_std": 0.27114392462837344,
            "Sr_pval": 1.491444458633519e-26,
            "num": 5025.0,
            "num_struc": 116.0
        },
        "single_point_mutations": {
            "Pr": -0.1069903561481094,
            "Pr_std": 0.28494771781229983,
            "Pr_pval": 1.4512068871615965e-26,
            "Sr": -0.1038724000741091,
            "Sr_std": 0.25918768899214856,
            "Sr_pval": 2.1528031916025682e-13,
            "num": 3485.0,
            "num_struc": 93.0
        },
        "multi_point_mutations": {
            "Pr": -0.08870290095182631,
            "Pr_std": 0.3336432764488311,
            "Pr_pval": 1.7743776317420207e-15,
            "Sr": -0.06907389351556138,
            "Sr_std": 0.3150297252230675,
            "Sr_pval": 1.9309602482027608e-08,
            "num": 1304.0,
            "num_struc": 41.0
        }
    }
}