{
    "NONSEL_24h": {
        "pearson": [
            -0.19346414649032903,
            1.3355289426676313e-10
        ],
        "spearman": [
            -0.24695260561031523,
            1.5916204903090337e-16
        ],
        "count": 1084
    },
    "SEL_A_24h": {
        "pearson": [
            0.34306325536269866,
            2.671961399800943e-31
        ],
        "spearman": [
            0.3131292972862181,
            4.3562777102411366e-26
        ],
        "count": 1084
    },
    "SEL_A_40h": {
        "pearson": [
            0.3265546047715747,
            2.3624583361185447e-28
        ],
        "spearman": [
            0.30676370277778137,
            4.715613959283689e-25
        ],
        "count": 1084
    },
    "SEL_B_40h": {
        "pearson": [
            0.29981861043137953,
            5.934505376245529e-24
        ],
        "spearman": [
            0.29011269388635375,
            1.8236134501960309e-22
        ],
        "count": 1084
    },
    "SEL_C_40h": {
        "pearson": [
            0.30042877439723786,
            4.763751308462358e-24
        ],
        "spearman": [
            0.2932315127027978,
            6.154260244645878e-23
        ],
        "count": 1084
    },
    "SEL_C_64h": {
        "pearson": [
            0.29382019843910934,
            5.0057604064855935e-23
        ],
        "spearman": [
            0.2877279465206381,
            4.1466471433274857e-22
        ],
        "count": 1084
    }
}