{
    "SelectionTwo": {
        "pearson": [
            0.4855991705529253,
            0.0
        ],
        "spearman": [
            0.49259151793974293,
            0.0
        ],
        "count": 8329
    }
}