{
    "1A7V": {
        "pearson": [
            -0.2995860146758463,
            0.32001647140668515
        ],
        "spearman": [
            -0.2809928017717934,
            0.35238105236003736
        ],
        "count": 13
    },
    "1BA3": {
        "pearson": [
            -0.9280018882894174,
            0.07199811171058257
        ],
        "spearman": [
            -0.19999999999999998,
            0.8
        ],
        "count": 4
    },
    "1BFM": {
        "pearson": [
            1.0,
            1.0
        ],
        "spearman": [
            0.9999999999999999,
            NaN
        ],
        "count": 2
    },
    "1D5G": {
        "pearson": [
            1.0,
            1.0
        ],
        "spearman": [
            0.9999999999999999,
            NaN
        ],
        "count": 2
    },
    "1DIV": {
        "pearson": [
            -0.8263680673290604,
            1.4694881540683424e-13
        ],
        "spearman": [
            -0.8502413161060681,
            5.61221575711206e-15
        ],
        "count": 50
    },
    "1EKG": {
        "pearson": [
            -0.6243736745433445,
            0.3756263254566554
        ],
        "spearman": [
            -0.19999999999999998,
            0.8
        ],
        "count": 4
    },
    "1FT8": {
        "pearson": [
            -0.8325443551880545,
            0.000412459949324014
        ],
        "spearman": [
            -0.8516483516483516,
            0.00022021941625366222
        ],
        "count": 13
    },
    "1FXA": {
        "pearson": [
            -0.6126748640257372,
            0.04506868232779351
        ],
        "spearman": [
            -0.790909090909091,
            0.003746082953397406
        ],
        "count": 11
    },
    "1G3P": {
        "pearson": [
            -0.6934329229343733,
            6.064547251587844e-05
        ],
        "spearman": [
            -0.16768482053580666,
            0.40313813067236315
        ],
        "count": 27
    },
    "1GUA": {
        "pearson": [
            -0.9048844673263439,
            4.686726083350752e-19
        ],
        "spearman": [
            -0.8760204081632653,
            1.7109276481480492e-16
        ],
        "count": 49
    },
    "1H0X": {
        "pearson": [
            1.0,
            1.0
        ],
        "spearman": [
            0.9999999999999999,
            NaN
        ],
        "count": 2
    },
    "1HCQ": {
        "pearson": [
            1.0,
            1.0
        ],
        "spearman": [
            0.9999999999999999,
            NaN
        ],
        "count": 2
    },
    "1ITM": {
        "pearson": [
            0.8484003788333434,
            0.3551321145249178
        ],
        "spearman": [
            1.0,
            0.0
        ],
        "count": 3
    },
    "1IV7": {
        "pearson": [
            -0.9417293100216487,
            0.21839967395790688
        ],
        "spearman": [
            -0.5,
            0.6666666666666667
        ],
        "count": 3
    },
    "1J8I": {
        "pearson": [
            -0.6699355376273755,
            0.14543479199637063
        ],
        "spearman": [
            -0.8827348295047495,
            0.01982041658888203
        ],
        "count": 6
    },
    "1JLV": {
        "pearson": [
            0.9997828491082875,
            0.013267337853605336
        ],
        "spearman": [
            0.5,
            0.6666666666666667
        ],
        "count": 3
    },
    "1L6H": {
        "pearson": [
            -0.9841736993712993,
            0.11341206769989268
        ],
        "spearman": [
            -1.0,
            0.0
        ],
        "count": 3
    },
    "1LVM": {
        "pearson": [
            -0.6000401364865213,
            0.28471609794502634
        ],
        "spearman": [
            -0.6668859288553503,
            0.21889398131323154
        ],
        "count": 5
    },
    "1N18": {
        "pearson": [
            -0.6289316226277839,
            0.3710683773722161
        ],
        "spearman": [
            -0.6000000000000001,
            0.3999999999999999
        ],
        "count": 4
    },
    "1N88": {
        "pearson": [
            -0.3984973953005347,
            0.11311468694585596
        ],
        "spearman": [
            -0.2922043015315455,
            0.25508685289484534
        ],
        "count": 17
    },
    "1NM1": {
        "pearson": [
            -1.0,
            1.0
        ],
        "spearman": [
            -0.9999999999999999,
            NaN
        ],
        "count": 2
    },
    "1O1U": {
        "pearson": [
            -0.425260976406913,
            0.40056209961305245
        ],
        "spearman": [
            -0.4553825555391872,
            0.3641432519429783
        ],
        "count": 6
    },
    "1O6X": {
        "pearson": [
            -0.5075777341475868,
            0.022337367907124366
        ],
        "spearman": [
            -0.43416114623123564,
            0.05578535342940553
        ],
        "count": 20
    },
    "1OSI": {
        "pearson": [
            -0.7467282372505254,
            0.2532717627494745
        ],
        "spearman": [
            -0.39999999999999997,
            0.6
        ],
        "count": 4
    },
    "1PFL": {
        "pearson": [
            -0.5495024515544306,
            0.33735930792655244
        ],
        "spearman": [
            -0.49999999999999994,
            0.39100221895577053
        ],
        "count": 5
    },
    "1PRG": {
        "pearson": [
            -0.44057330027414154,
            0.32248362511933326
        ],
        "spearman": [
            -0.42857142857142866,
            0.337368311085824
        ],
        "count": 7
    },
    "1R6R": {
        "pearson": [
            -0.8789300651960431,
            0.12106993480395678
        ],
        "spearman": [
            -1.0,
            0.0
        ],
        "count": 4
    },
    "1SPD": {
        "pearson": [
            1.0,
            1.0
        ],
        "spearman": [
            0.9999999999999999,
            NaN
        ],
        "count": 2
    },
    "1X0J": {
        "pearson": [
            -0.21668017563067216,
            0.6407264295503878
        ],
        "spearman": [
            -0.14285714285714288,
            0.7599453002180929
        ],
        "count": 7
    },
    "1XWS": {
        "pearson": [
            0.35879538448791265,
            0.6412046155120874
        ],
        "spearman": [
            0.39999999999999997,
            0.6
        ],
        "count": 4
    },
    "1XXN": {
        "pearson": [
            -0.7028605687794968,
            0.18552448083923223
        ],
        "spearman": [
            -0.5642880936468347,
            0.32172333582430024
        ],
        "count": 5
    },
    "1XZO": {
        "pearson": [
            -0.7845969075489514,
            0.2154030924510486
        ],
        "spearman": [
            -0.7999999999999999,
            0.20000000000000007
        ],
        "count": 4
    },
    "2BJD": {
        "pearson": [
            -0.9011806145170008,
            0.28540344101539145
        ],
        "spearman": [
            -0.5,
            0.6666666666666667
        ],
        "count": 3
    },
    "2C9Q": {
        "pearson": [
            -1.0,
            1.0
        ],
        "spearman": [
            -0.9999999999999999,
            NaN
        ],
        "count": 2
    },
    "2CLR": {
        "pearson": [
            -0.7075495428967566,
            0.29245045710324336
        ],
        "spearman": [
            -1.0,
            0.0
        ],
        "count": 4
    },
    "2DVV": {
        "pearson": [
            -1.0,
            1.0
        ],
        "spearman": [
            -0.9999999999999999,
            NaN
        ],
        "count": 2
    },
    "2HBB": {
        "pearson": [
            -0.8137356207506478,
            6.223727222496025e-12
        ],