{
    "myoglobin": {
        "pearson": [
            -0.36728563427645416,
            6.28940408031205e-05
        ],
        "spearman": [
            -0.3999534219848882,
            1.1391545037785194e-05
        ],
        "precision": 0.625,
        "recall": 0.15625,
        "auroc": 0.6851851851851852,
        "accuracy": 0.7345132743362832,
        "count": 113,
        "num_stabilizing": 32,
        "num_destabilizing": 81
    },
    "p53": {
        "pearson": [
            -0.6803297326705872,
            7.179798582446401e-07
        ],
        "spearman": [
            -0.6393841187931099,
            5.164807993906725e-06
        ],
        "precision": 0.6666666666666666,
        "recall": 0.5454545454545454,
        "auroc": 0.7976539589442815,
        "accuracy": 0.8095238095238095,
        "count": 42,
        "num_stabilizing": 11,
        "num_destabilizing": 31
    },
    "s669": {
        "pearson": [
            -0.38515731475850684,
            4.691200847443405e-22
        ],
        "spearman": [
            -0.4122302358822936,
            2.5305359736972435e-25
        ],
        "precision": 0.5517241379310345,
        "recall": 0.2318840579710145,
        "auroc": 0.6893665526787168,
        "accuracy": 0.7735849056603774,
        "count": 583,
        "num_stabilizing": 138,
        "num_destabilizing": 445
    },
    "ssym": {
        "pearson": [
            -0.5780594876213443,
            1.2939972791430339e-31
        ],
        "spearman": [
            -0.5709443814006849,
            1.0238493090081381e-30
        ],
        "precision": 0.6122448979591837,
        "recall": 0.3488372093023256,
        "auroc": 0.7484143763213531,
        "accuracy": 0.7787610619469026,
        "count": 339,
        "num_stabilizing": 86,
        "num_destabilizing": 253
    },
    "t2226": {
        "pearson": [
            -0.40611806411399054,
            2.1844865321768963e-66
        ],
        "spearman": [
            -0.4489243926147368,
            1.9764793160369225e-82
        ],
        "precision": 0.460431654676259,
        "recall": 0.22695035460992907,
        "auroc": 0.7395384871362908,
        "accuracy": 0.8219927095990279,
        "count": 1646,
        "num_stabilizing": 282,
        "num_destabilizing": 1364
    },
    "overall": {
        "pearson": [
            -0.42427024931268126,
            1.9775933777151724e-119
        ],
        "spearman": [
            -0.45866045719143056,
            9.284270951482859e-142
        ],
        "precision": 0.5209125475285171,
        "recall": 0.2495446265938069,
        "auroc": 0.7280520072457576,
        "accuracy": 0.8024237972824091,
        "count": 2723,
        "num_stabilizing": 549,
        "num_destabilizing": 2174
    }
}