{
    "linear": {
        "pearson": [
            0.35144470953777673,
            5.8029423354144536e-12
        ],
        "spearman": [
            0.4130828719163205,
            2.375727767773139e-16
        ],
        "count": 362
    }
}