{
    "log2_ratio": {
        "pearson": [
            0.23676458290487556,
            6.403270303701851e-13
        ],
        "spearman": [
            0.21572317230295862,
            6.309795984275257e-11
        ],
        "count": 899
    }
}