{
    "log2_ratio": {
        "pearson": [
            0.22170032603667725,
            1.7938706657237252e-11
        ],
        "spearman": [
            0.21338176727735939,
            1.0225631060268875e-10
        ],
        "count": 899
    }
}