{
    "5BON": {
        "pearson": [
            0.5865450939358616,
            1.3619498755572852e-258
        ],
        "spearman": [
            0.5450973615682391,
            1.3872409869265364e-216
        ],
        "count": 2801
    },
    "1D5R": {
        "pearson": [
            0.5593334335903738,
            1.119568525280407e-264
        ],
        "spearman": [
            0.5223346142884708,
            4.5734021210739864e-225
        ],
        "count": 3222
    },
    "2H11": {
        "pearson": [
            0.5398541812482697,
            1.4767699334848636e-258
        ],
        "spearman": [
            0.4783439202628656,
            1.6424365014233404e-195
        ],
        "count": 3427
    },
    "overall": {
        "pearson": [
            0.5252385941355427,
            0.0
        ],
        "spearman": [
            0.49122089868691937,
            0.0
        ],
        "count": 9450
    }
}