{
    "acetamide_normalized_fitness": {
        "pearson": [
            0.266584306473841,
            3.0238544489765268e-108
        ],
        "spearman": [
            0.35830382833893737,
            5.1051345136050743e-200
        ],
        "count": 6629
    },
    "isobutyramide_normalized_fitness": {
        "pearson": [
            0.5081453844830887,
            0.0
        ],
        "spearman": [
            0.49854283870957494,
            0.0
        ],
        "count": 6568
    },
    "propionamide_normalized_fitness": {
        "pearson": [
            0.3396352967555916,
            1.0722323828246647e-178
        ],
        "spearman": [
            0.36673494320836064,
            3.215542554533165e-210
        ],
        "count": 6631
    }
}