{
    "ETP_AVERAGE": {
        "pearson": [
            0.10606494898758949,
            1.1961779785390517e-17
        ],
        "spearman": [
            0.11276461298121478,
            9.291013202291804e-20
        ],
        "count": 6469
    },
    "DOX_Average": {
        "pearson": [
            -0.06484850000868757,
            1.7867398902760728e-07
        ],
        "spearman": [
            -0.0906219920776314,
            2.827730638707466e-13
        ],
        "count": 6469
    },
    "SCH_Average": {
        "pearson": [
            0.11639912708659941,
            5.880257995772888e-21
        ],
        "spearman": [
            0.11887883171227343,
            8.50444159031655e-22
        ],
        "count": 6469
    },
    "VRT_AVERAGE": {
        "pearson": [
            0.12259665584433055,
            4.336763022035453e-23
        ],
        "spearman": [
            0.1310287214367486,
            3.6013950684736543e-26
        ],
        "count": 6469
    }
}