{
    "ETP_AVERAGE": {
        "pearson": [
            0.09329266369166347,
            1.2230494096165561e-14
        ],
        "spearman": [
            0.10314680986138287,
            1.431762222003572e-17
        ],
        "count": 6809
    },
    "DOX_Average": {
        "pearson": [
            -0.06208644651622112,
            2.9412600015594734e-07
        ],
        "spearman": [
            -0.07531545057773968,
            4.893644541123337e-10
        ],
        "count": 6809
    },
    "SCH_Average": {
        "pearson": [
            0.1029507498305088,
            1.6483293167787015e-17
        ],
        "spearman": [
            0.10722005831561941,
            7.223178188499937e-19
        ],
        "count": 6809
    },
    "VRT_AVERAGE": {
        "pearson": [
            0.11336503824711669,
            6.409230454943863e-21
        ],
        "spearman": [
            0.11936474953707778,
            4.927234362258339e-23
        ],
        "count": 6809
    }
}