{
    "score": {
        "pearson": [
            0.554114283044904,
            2.671559951853894e-282
        ],
        "spearman": [
            0.514012285328749,
            1.7337942949087253e-236
        ],
        "count": 3517
    }
}