{
    "score": {
        "pearson": [
            0.5715458614280515,
            0.0
        ],
        "spearman": [
            0.5164373881626184,
            3.1919954139820878e-257
        ],
        "count": 3786
    }
}