{
    "score": {
        "pearson": [
            0.5484434377878082,
            1.9373861346517368e-275
        ],
        "spearman": [
            0.5052260362075219,
            3.0209598538877296e-227
        ],
        "count": 3517
    }
}