{
    "screenscore": {
        "pearson": [
            0.24970423860545554,
            1.2450178012047249e-45
        ],
        "spearman": [
            0.2576925853249249,
            1.392416540400634e-48
        ],
        "count": 3125
    }
}