{
    "screenscore": {
        "pearson": [
            0.2792420146736606,
            2.297026185587694e-62
        ],
        "spearman": [
            0.28967384641929056,
            3.522788512018202e-67
        ],
        "count": 3424
    }
}