{
    "myoglobin": {
        "pearson": [
            -0.45311027158601064,
            4.669917791512456e-07
        ],
        "spearman": [
            -0.49073113351004805,
            3.4300718842212165e-08
        ],
        "precision": 0.8333333333333334,
        "recall": 0.15625,
        "auroc": 0.7214506172839507,
        "accuracy": 0.7522123893805309,
        "count": 113,
        "num_stabilizing": 32,
        "num_destabilizing": 81
    },
    "p53": {
        "pearson": [
            -0.6835569789060212,
            6.064234561554939e-07
        ],
        "spearman": [
            -0.6421393862251714,
            4.563957089440808e-06
        ],
        "precision": 0.6666666666666666,
        "recall": 0.36363636363636365,
        "auroc": 0.750733137829912,
        "accuracy": 0.7857142857142857,
        "count": 42,
        "num_stabilizing": 11,
        "num_destabilizing": 31
    },
    "s669": {
        "pearson": [
            -0.27907041814319833,
            4.870442475324549e-13
        ],
        "spearman": [
            -0.3019952198466117,
            4.1343122159018245e-15
        ],
        "precision": 0.4,
        "recall": 0.18292682926829268,
        "auroc": 0.6229611674998737,
        "accuracy": 0.723338485316847,
        "count": 647,
        "num_stabilizing": 164,
        "num_destabilizing": 483
    },
    "ssym": {
        "pearson": [
            -0.5702985484957164,
            1.2322447249348795e-30
        ],
        "spearman": [
            -0.585912491110415,
            1.243441443549763e-32
        ],
        "precision": 0.5882352941176471,
        "recall": 0.3488372093023256,
        "auroc": 0.7478168949351962,
        "accuracy": 0.7728613569321534,
        "count": 339,
        "num_stabilizing": 86,
        "num_destabilizing": 253
    },
    "t2226": {
        "pearson": [
            -0.4162875682166035,
            5.565372806343789e-72
        ],
        "spearman": [
            -0.4566135071207168,
            5.230489267182828e-88
        ],
        "precision": 0.5,
        "recall": 0.2422145328719723,
        "auroc": 0.749123865581401,
        "accuracy": 0.8293978748524203,
        "count": 1694,
        "num_stabilizing": 289,
        "num_destabilizing": 1405
    },
    "overall": {
        "pearson": [
            -0.41696228733095214,
            1.1568512150240917e-119
        ],
        "spearman": [
            -0.44659812890188766,
            4.732499294914568e-139
        ],
        "precision": 0.5,
        "recall": 0.23883161512027493,
        "auroc": 0.7198923771740772,
        "accuracy": 0.7947089947089947,
        "count": 2835,
        "num_stabilizing": 582,
        "num_destabilizing": 2253
    }
}