{
    "ETP_AVERAGE": {
        "pearson": [
            0.1331478136865403,
            4.732519106047784e-27
        ],
        "spearman": [
            0.16726871060200288,
            6.347593568179773e-42
        ],
        "count": 6488
    },
    "DOX_Average": {
        "pearson": [
            -0.008839490831634605,
            0.47653840335548564
        ],
        "spearman": [
            -0.017836567796772975,
            0.15084888845633376
        ],
        "count": 6488
    },
    "SCH_Average": {
        "pearson": [
            0.13679275764084445,
            1.786771738391452e-28
        ],
        "spearman": [
            0.1506476225517672,
            3.0425736401880753e-34
        ],
        "count": 6488
    },
    "VRT_AVERAGE": {
        "pearson": [
            0.13940943321692476,
            1.6079329671564508e-29
        ],
        "spearman": [
            0.16855797132948244,
            1.485313072357187e-42
        ],
        "count": 6488
    }
}