{
    "ETP_AVERAGE": {
        "pearson": [
            0.1352182745779606,
            3.758238951052942e-29
        ],
        "spearman": [
            0.15188162713441608,
            2.0160568811490886e-36
        ],
        "count": 6809
    },
    "DOX_Average": {
        "pearson": [
            0.00989383120815173,
            0.41434227317717387
        ],
        "spearman": [
            0.0027716971823305487,
            0.8191256805075839
        ],
        "count": 6809
    },
    "SCH_Average": {
        "pearson": [
            0.13186114082421618,
            8.612162328408209e-28
        ],
        "spearman": [
            0.13391126592377212,
            1.2842853159429116e-28
        ],
        "count": 6809
    },
    "VRT_AVERAGE": {
        "pearson": [
            0.125311635605253,
            3.0791177756005944e-25
        ],
        "spearman": [
            0.14118451780200966,
            1.1788960910657246e-31
        ],
        "count": 6809
    }
}