{
    "SelectionTwo": {
        "pearson": [
            0.4562885871652803,
            0.0
        ],
        "spearman": [
            0.4778420019025352,
            0.0
        ],
        "count": 8329
    }
}