{
    "react_rel": {
        "pearson": [
            0.5135164895146539,
            2.277481193908157e-97
        ],
        "spearman": [
            0.46934189695039125,
            1.6769585178998952e-79
        ],
        "count": 1435
    }
}