{
    "react_rel": {
        "pearson": [
            0.46806901532361317,
            5.0294561092135114e-79
        ],
        "spearman": [
            0.41864031906609384,
            5.5178088953211975e-62
        ],
        "count": 1435
    }
}