{
    "react_rel": {
        "pearson": [
            0.4640261583489015,
            1.5967224825259523e-77
        ],
        "spearman": [
            0.4287410574369744,
            3.0567939493203658e-65
        ],
        "count": 1435
    }
}