{
    "fitness": {
        "pearson": [
            0.23779834610039494,
            5.6947911649475025e-21
        ],
        "spearman": [
            0.24641270997866815,
            1.9086824205964513e-22
        ],
        "count": 1519
    }
}