{
    "Caffeine": {
        "pearson": [
            0.3353354005997828,
            3.214961209325463e-35
        ],
        "spearman": [
            0.30642476656530193,
            2.1045456247528407e-29
        ],
        "count": 1288
    },
    "DMSO": {
        "pearson": [
            0.28715657253857624,
            1.4963090670865857e-26
        ],
        "spearman": [
            0.2414317918156673,
            5.161412417434722e-19
        ],
        "count": 1324
    },
    "DTT": {
        "pearson": [
            0.2991727758426869,
            5.830853637564582e-28
        ],
        "spearman": [
            0.28968572070731985,
            3.0362749813541905e-26
        ],
        "count": 1284
    },
    "HU": {
        "pearson": [
            0.2629565080858528,
            1.411304541081035e-21
        ],
        "spearman": [
            0.1886347173947102,
            1.1632167532376032e-11
        ],
        "count": 1273
    },
    "MG132": {
        "pearson": [
            0.3193663700328827,
            7.197103219168814e-31
        ],
        "spearman": [
            0.23473546038321166,
            5.0734008941056293e-17
        ],
        "count": 1243
    }
}