{
    "Caffeine": {
        "pearson": [
            0.352297348711525,
            6.19382855805922e-39
        ],
        "spearman": [
            0.3129061665631419,
            1.1867251956728987e-30
        ],
        "count": 1288
    },
    "DMSO": {
        "pearson": [
            0.30780740458444594,
            1.885139535094121e-30
        ],
        "spearman": [
            0.24847949964763197,
            4.426983194567583e-20
        ],
        "count": 1324
    },
    "DTT": {
        "pearson": [
            0.3295717178183852,
            6.58132925871218e-34
        ],
        "spearman": [
            0.30759341789943123,
            1.5391972217110192e-29
        ],
        "count": 1284
    },
    "HU": {
        "pearson": [
            0.29997497619782487,
            6.993117946826843e-28
        ],
        "spearman": [
            0.22822899255466314,
            1.664752464130125e-16
        ],
        "count": 1273
    },
    "MG132": {
        "pearson": [
            0.3536559885150647,
            6.27515814441289e-38
        ],
        "spearman": [
            0.2504032024111358,
            3.1726842451080136e-19
        ],
        "count": 1243
    }
}