{
    "Caffeine": {
        "pearson": [
            0.32910583974014684,
            6.523746610808755e-34
        ],
        "spearman": [
            0.3006593889576341,
            2.5578715463714377e-28
        ],
        "count": 1288
    },
    "DMSO": {
        "pearson": [
            0.2788797768024492,
            4.462076773838506e-25
        ],
        "spearman": [
            0.2244638732262911,
            1.3910839677632942e-16
        ],
        "count": 1324
    },
    "DTT": {
        "pearson": [
            0.28854519696920455,
            4.8345816095479874e-26
        ],
        "spearman": [
            0.27998275726536187,
            1.4843213208620234e-24
        ],
        "count": 1284
    },
    "HU": {
        "pearson": [
            0.25015973885643394,
            1.2906861522612543e-19
        ],
        "spearman": [
            0.1699680999217266,
            1.0421829234185046e-09
        ],
        "count": 1273
    },
    "MG132": {
        "pearson": [
            0.31395688729283366,
            7.773013963813311e-30
        ],
        "spearman": [
            0.22848568130896374,
            3.4759469173882135e-16
        ],
        "count": 1243
    }
}