{
    "screenscore": {
        "pearson": [
            0.37445395466669196,
            6.5405595218457064e-21
        ],
        "spearman": [
            0.3966921528403076,
            1.7399650178704423e-23
        ],
        "count": 585
    }
}