{
    "screenscore": {
        "pearson": [
            0.48238228112598275,
            5.735496498854372e-85
        ],
        "spearman": [
            0.49135266233889247,
            1.4727555613743853e-88
        ],
        "count": 1443
    }
}