{
    "screenscore": {
        "pearson": [
            0.4848892649253878,
            7.609300637023659e-107
        ],
        "spearman": [
            0.44576647549027293,
            1.2140651292258569e-88
        ],
        "count": 1801
    }
}