{
    "fitness": {
        "pearson": [
            0.42908866263130935,
            4.4390337907299125e-69
        ],
        "spearman": [
            0.39741649109680527,
            1.2116149533153578e-58
        ],
        "count": 1519
    }
}