{
    "fitness": {
        "pearson": [
            0.4236452953044711,
            3.323415904531277e-67
        ],
        "spearman": [
            0.39106848759625296,
            1.1029838353296334e-56
        ],
        "count": 1519
    }
}