{
    "fitness_min": {
        "pearson": [
            0.3664356738559614,
            5.816707848202858e-47
        ],
        "spearman": [
            0.13659539033765392,
            1.976595288545351e-07
        ],
        "count": 1439
    },
    "fitness_rich": {
        "pearson": [
            0.327647742744687,
            2.3368976136795198e-37
        ],
        "spearman": [
            0.18574613325345105,
            1.2306436086969095e-12
        ],
        "count": 1439
    }
}