{
    "fitness_min": {
        "pearson": [
            0.3424520605238548,
            2.398468170676093e-40
        ],
        "spearman": [
            0.15341015165209962,
            6.237144094787602e-09
        ],
        "count": 1420
    },
    "fitness_rich": {
        "pearson": [
            0.28680401116786974,
            2.7195219129668995e-28
        ],
        "spearman": [
            0.14389041832128838,
            5.157501089088474e-08
        ],
        "count": 1420
    }
}