{
    "screenscore": {
        "pearson": [
            0.2262763371220637,
            1.4288859075438916e-37
        ],
        "spearman": [
            0.23194568371542504,
            1.9277411959548204e-39
        ],
        "count": 3125
    }
}