{
    "screenscore": {
        "pearson": [
            0.23787275640930167,
            2.9785702601814307e-45
        ],
        "spearman": [
            0.24093725457995066,
            2.050605663783584e-46
        ],
        "count": 3424
    }
}