{
    "1A7V": {
        "pearson": [
            -0.20188258370969847,
            0.5083441748128368
        ],
        "spearman": [
            -0.3112959470609084,
            0.30052135539537694
        ],
        "count": 13
    },
    "1BA3": {
        "pearson": [
            -0.9256827334978299,
            0.07431726650217008
        ],
        "spearman": [
            -0.19999999999999998,
            0.8
        ],
        "count": 4
    },
    "1BFM": {
        "pearson": [
            -1.0,
            1.0
        ],
        "spearman": [
            -0.9999999999999999,
            NaN
        ],
        "count": 2
    },
    "1D5G": {
        "pearson": [
            1.0,
            1.0
        ],
        "spearman": [
            0.9999999999999999,
            NaN
        ],
        "count": 2
    },
    "1DIV": {
        "pearson": [
            -0.8678655528245207,
            3.423593079789045e-16
        ],
        "spearman": [
            -0.8711311761741923,
            1.951215424388847e-16
        ],
        "count": 50
    },
    "1EKG": {
        "pearson": [
            -0.6102343809422891,
            0.389765619057711
        ],
        "spearman": [
            -0.39999999999999997,
            0.6
        ],
        "count": 4
    },
    "1FT8": {
        "pearson": [
            -0.8637013487839676,
            0.00014157715453281682
        ],
        "spearman": [
            -0.9065934065934067,
            1.9296152005272254e-05
        ],
        "count": 13
    },
    "1FXA": {
        "pearson": [
            -0.6153311893558574,
            0.04388832072804168
        ],
        "spearman": [
            -0.7000000000000001,
            0.01647097883651441
        ],
        "count": 11
    },
    "1G3P": {
        "pearson": [
            -0.6341324566473543,
            0.000382517999565642
        ],
        "spearman": [
            -0.4172267119342658,
            0.0303696225004216
        ],
        "count": 27
    },
    "1GUA": {
        "pearson": [
            -0.8759420293517131,
            1.7349706980917725e-16
        ],
        "spearman": [
            -0.8693877551020407,
            5.39641694968491e-16
        ],
        "count": 49
    },
    "1H0X": {
        "pearson": [
            1.0,
            1.0
        ],
        "spearman": [
            0.9999999999999999,
            NaN
        ],
        "count": 2
    },
    "1HCQ": {
        "pearson": [
            1.0,
            1.0
        ],
        "spearman": [
            0.9999999999999999,
            NaN
        ],
        "count": 2
    },
    "1ITM": {
        "pearson": [
            0.14548996654772178,
            0.9070482990086298
        ],
        "spearman": [
            0.5,
            0.6666666666666667
        ],
        "count": 3
    },
    "1IV7": {
        "pearson": [
            -0.9647927207896788,
            0.1694313815792439
        ],
        "spearman": [
            -0.5,
            0.6666666666666667
        ],
        "count": 3
    },
    "1J8I": {
        "pearson": [
            -0.3242768482982563,
            0.5306344704531221
        ],
        "spearman": [
            -0.41194292043554975,
            0.41703835198969164
        ],
        "count": 6
    },
    "1JLV": {
        "pearson": [
            -0.970707538429786,
            0.15446814258093064
        ],
        "spearman": [
            -0.5,
            0.6666666666666667
        ],
        "count": 3
    },
    "1L6H": {
        "pearson": [
            -0.9967218736129054,
            0.05156163477718156
        ],
        "spearman": [
            -1.0,
            0.0
        ],
        "count": 3
    },
    "1LVM": {
        "pearson": [
            -0.34072170273449826,
            0.574726041176024
        ],
        "spearman": [
            -0.15389675281277312,
            0.8048288166080632
        ],
        "count": 5
    },
    "1N18": {
        "pearson": [
            -0.5904569957475845,
            0.4095430042524155
        ],
        "spearman": [
            -0.6000000000000001,
            0.3999999999999999
        ],
        "count": 4
    },
    "1N88": {
        "pearson": [
            -0.5069984726086715,
            0.0377887984234771
        ],
        "spearman": [
            -0.4284844589685267,
            0.08615588837249176
        ],
        "count": 17
    },
    "1NM1": {
        "pearson": [
            -1.0,
            1.0
        ],
        "spearman": [
            -0.9999999999999999,
            NaN
        ],
        "count": 2
    },
    "1O1U": {
        "pearson": [
            -0.629029701022543,
            0.18090217021189775
        ],
        "spearman": [
            -0.6982532518267538,
            0.12283946337339596
        ],
        "count": 6
    },
    "1O6X": {
        "pearson": [
            -0.40751638412534996,
            0.07451010000463139
        ],
        "spearman": [
            -0.33258098203501935,
            0.15193158478177307
        ],
        "count": 20
    },
    "1OSI": {
        "pearson": [
            -0.6826577190207961,
            0.3173422809792039
        ],
        "spearman": [
            -0.39999999999999997,
            0.6
        ],
        "count": 4
    },
    "1PFL": {
        "pearson": [
            -0.6563189477611914,
            0.2289826028613203
        ],
        "spearman": [
            -0.6,
            0.28475697986529375
        ],
        "count": 5
    },
    "1PRG": {
        "pearson": [
            -0.36626267496004555,
            0.41906583604957365
        ],
        "spearman": [
            -0.14285714285714288,
            0.7599453002180929
        ],
        "count": 7
    },
    "1R6R": {
        "pearson": [
            -0.8513833820842777,
            0.14861661791572223
        ],
        "spearman": [
            -1.0,
            0.0
        ],
        "count": 4
    },
    "1SPD": {
        "pearson": [
            1.0,
            1.0
        ],
        "spearman": [
            0.9999999999999999,
            NaN
        ],
        "count": 2
    },
    "1X0J": {
        "pearson": [
            -0.18728437779197754,
            0.6876027141795396
        ],
        "spearman": [
            -0.07142857142857144,
            0.8790481931481541
        ],
        "count": 7
    },
    "1XWS": {
        "pearson": [
            0.21349086117218002,
            0.78650913882782
        ],
        "spearman": [
            0.19999999999999998,
            0.8
        ],
        "count": 4
    },
    "1XXN": {
        "pearson": [
            -0.6608657600109563,
            0.22462625627555913
        ],
        "spearman": [
            -0.5642880936468347,
            0.32172333582430024
        ],
        "count": 5
    },
    "1XZO": {
        "pearson": [
            -0.599497383112815,
            0.400502616887185
        ],
        "spearman": [
            -0.39999999999999997,
            0.6
        ],
        "count": 4
    },
    "2BJD": {
        "pearson": [
            -0.8446646469890946,
            0.3595997404166353
        ],
        "spearman": [
            -0.5,
            0.6666666666666667
        ],
        "count": 3
    },
    "2C9Q": {
        "pearson": [
            -1.0,
            1.0
        ],
        "spearman": [
            -0.9999999999999999,
            NaN
        ],
        "count": 2
    },
    "2CLR": {
        "pearson": [
            -0.8296462316942718,
            0.17035376830572835
        ],
        "spearman": [
            -1.0,
            0.0
        ],
        "count": 4
    },
    "2DVV": {
        "pearson": [
            -1.0,
            1.0
        ],
        "spearman": [
            -0.9999999999999999,
            NaN
        ],
        "count": 2
    },
    "2HBB": {
        "pearson": [
            -0.818709113240585,
            3.6236643291760904e-12
        ],