{
    "Ami11_avg": {
        "pearson": [
            0.09475380797941842,
            1.3888958856890977e-11
        ],
        "spearman": [
            0.09651277040014988,
            5.774060803844885e-12
        ],
        "count": 5068
    },
    "Ami12_avg": {
        "pearson": [
            0.26485254187646495,
            1.529249089920557e-79
        ],
        "spearman": [
            0.33274418333646755,
            3.783157959250574e-127
        ],
        "count": 4906
    },
    "Ami14_avg": {
        "pearson": [
            0.27800772093816056,
            3.684131531712365e-87
        ],
        "spearman": [
            0.3288607967394682,
            3.3617431632552134e-123
        ],
        "count": 4871
    },
    "Ami18_avg": {
        "pearson": [
            0.00806702912456837,
            0.5654006957908737
        ],
        "spearman": [
            0.02447888963209105,
            0.08106439480080882
        ],
        "count": 5080
    },
    "G41811_avg": {
        "pearson": [
            0.23545921887136317,
            8.808706217908605e-63
        ],
        "spearman": [
            0.26855781029182796,
            8.177423953169295e-82
        ],
        "count": 4906
    },
    "G41812_avg": {
        "pearson": [
            0.37739298647964964,
            4.6588683335069954e-163
        ],
        "spearman": [
            0.44168693069119025,
            1.8595581931431567e-229
        ],
        "count": 4822
    },
    "G41814_avg": {
        "pearson": [
            0.39660596170326334,
            7.802065395753441e-190
        ],
        "spearman": [
            0.39994799897215516,
            2.636316939361536e-193
        ],
        "count": 5049
    },
    "Kan11_avg": {
        "pearson": [
            0.2569923958565199,
            1.7448430920581239e-74
        ],
        "spearman": [
            0.2898784201074095,
            3.84908470662185e-95
        ],
        "count": 4882
    },
    "Kan12_avg": {
        "pearson": [
            0.3752814220976667,
            3.795820629881417e-158
        ],
        "spearman": [
            0.4415962888822306,
            4.140459027997116e-225
        ],
        "count": 4732
    },
    "Kan14_avg": {
        "pearson": [
            0.40013429197437705,
            9.21389898775229e-186
        ],
        "spearman": [
            0.44225844979824447,
            3.339426782988364e-231
        ],
        "count": 4845
    },
    "Kan18_avg": {
        "pearson": [
            0.41594447062231676,
            1.4472169788362907e-210
        ],
        "spearman": [
            0.42381904201808385,
            2.2403952138622065e-219
        ],
        "count": 5051
    },
    "Neo11_avg": {
        "pearson": [
            0.22677626825069197,
            7.961060615354076e-59
        ],
        "spearman": [
            0.2431981260455781,
            1.2090447554342642e-67
        ],
        "count": 4956
    },
    "Neo12_avg": {
        "pearson": [
            0.39922585028732194,
            3.139324999826113e-185
        ],
        "spearman": [
            0.46801330771961114,
            7.192462605389838e-263
        ],
        "count": 4855
    },
    "Neo14_avg": {
        "pearson": [
            0.4426593833087116,
            1.118000634747926e-239
        ],
        "spearman": [
            0.4593845385215269,
            2.6137867270184203e-260
        ],
        "count": 5014
    },
    "Neo18_avg": {
        "pearson": [
            0.3826434050416101,
            6.237237692509146e-176
        ],
        "spearman": [
            0.36867691354923066,
            1.6401983373603442e-162
        ],
        "count": 5054
    },
    "Paro11_avg": {
        "pearson": [
            0.13802282193859725,
            5.856155283985824e-23
        ],
        "spearman": [
            0.14127737444686073,
            5.480779616905198e-24
        ],
        "count": 5063
    },
    "Paro12_avg": {
        "pearson": [
            0.28118995214278864,
            2.6962446320176853e-89
        ],
        "spearman": [
            0.3392420812953934,
            1.335519149683631e-131
        ],
        "count": 4876
    },
    "Paro14_avg": {
        "pearson": [
            0.37484099755179795,
            3.832977904160573e-161
        ],
        "spearman": [
            0.43482260122760025,
            3.009683316738078e-222
        ],
        "count": 4835
    },
    "Paro18_avg": {
        "pearson": [
            0.42020917245216605,
            7.123224295698492e-211
        ],
        "spearman": [
            0.4624736872237007,
            1.0846395390553794e-260
        ],
        "count": 4946
    },
    "Ribo11_avg": {
        "pearson": [
            0.2848206614195378,
            6.353897519384067e-92
        ],
        "spearman": [
            0.3467769704303786,
            3.3540970365944834e-138
        ],
        "count": 4890
    },
    "Ribo12_avg": {
        "pearson": [
            0.4233794855127404,
            3.099948880523285e-211
        ],
        "spearman": [
            0.48479799998295064,
            9.759931228605795e-286
        ],
        "count": 4873
    },
    "Ribo14_avg": {
        "pearson": [
            0.45921940082012896,
            1.64015437488052e-260
        ],
        "spearman": [
            0.4846216850331788,
            3.6153834752808894e-294
        ],
        "count": 5022
    },
    "Ribo18_avg": {
        "pearson": [
            0.4479653845391618,
            5.0461516071062515e-247
        ],
        "spearman": [
            0.44105677907159846,
            1.1802160104095946e-238
        ],
        "count": 5033
    }
}