{
    "Ami11_avg": {
        "pearson": [
            0.10210340411777477,
            1.2423449846316397e-13
        ],
        "spearman": [
            0.10127819920929072,
            1.9530810060381932e-13
        ],
        "count": 5245
    },
    "Ami12_avg": {
        "pearson": [
            0.2800673813072709,
            1.3599131855697594e-91
        ],
        "spearman": [
            0.34809559767562814,
            1.0854818384789815e-143
        ],
        "count": 5046
    },
    "Ami14_avg": {
        "pearson": [
            0.2893149784300104,
            5.96648923281571e-97
        ],
        "spearman": [
            0.3369531769921907,
            6.400947312423723e-133
        ],
        "count": 4997
    },
    "Ami18_avg": {
        "pearson": [
            0.010097680322081543,
            0.4641391152231769
        ],
        "spearman": [
            0.023313754057439462,
            0.09095980808663597
        ],
        "count": 5258
    },
    "G41811_avg": {
        "pearson": [
            0.24503853392687697,
            5.706089932383186e-70
        ],
        "spearman": [
            0.28386887959513796,
            2.931280056748235e-94
        ],
        "count": 5052
    },
    "G41812_avg": {
        "pearson": [
            0.3856281700186589,
            1.465409376352527e-175
        ],
        "spearman": [
            0.4474639939352655,
            8.133276630743922e-243
        ],
        "count": 4959
    },
    "G41814_avg": {
        "pearson": [
            0.39794448552498285,
            8.136855451494809e-198
        ],
        "spearman": [
            0.3983067478950993,
            3.3211598134600378e-198
        ],
        "count": 5225
    },
    "Kan11_avg": {
        "pearson": [
            0.27223072937629345,
            8.219131648388167e-86
        ],
        "spearman": [
            0.31082401553958194,
            1.2965423661477376e-112
        ],
        "count": 5008
    },
    "Kan12_avg": {
        "pearson": [
            0.38389229940265446,
            6.951003338052887e-170
        ],
        "spearman": [
            0.44975375145644475,
            6.139757837536847e-240
        ],
        "count": 4844
    },
    "Kan14_avg": {
        "pearson": [
            0.40769009062128647,
            1.902721116980985e-199
        ],
        "spearman": [
            0.4460139049246961,
            6.63908031982423e-243
        ],
        "count": 4997
    },
    "Kan18_avg": {
        "pearson": [
            0.4180084244047967,
            4.490540632994046e-220
        ],
        "spearman": [
            0.4225333626508322,
            2.5678783310928517e-225
        ],
        "count": 5224
    },
    "Neo11_avg": {
        "pearson": [
            0.23794476665004566,
            2.60614226291327e-66
        ],
        "spearman": [
            0.2570267710622987,
            1.947145341602624e-77
        ],
        "count": 5079
    },
    "Neo12_avg": {
        "pearson": [
            0.3995042514566503,
            7.421613054890128e-190
        ],
        "spearman": [
            0.46426279844392365,
            3.167352873032521e-264
        ],
        "count": 4970
    },
    "Neo14_avg": {
        "pearson": [
            0.43534276525394,
            1.364141151905408e-238
        ],
        "spearman": [
            0.4465902625480418,
            1.893848620035405e-252
        ],
        "count": 5180
    },
    "Neo18_avg": {
        "pearson": [
            0.3791956529324203,
            2.312936731552064e-178
        ],
        "spearman": [
            0.3604036473781694,
            4.490044924317893e-160
        ],
        "count": 5226
    },
    "Paro11_avg": {
        "pearson": [
            0.1503119063886684,
            8.485547904526914e-28
        ],
        "spearman": [
            0.15609568254019762,
            7.129821624581779e-30
        ],
        "count": 5228
    },
    "Paro12_avg": {
        "pearson": [
            0.29120647661421656,
            4.048721622592696e-98
        ],
        "spearman": [
            0.35276138315411043,
            3.6744781628502386e-146
        ],
        "count": 4990
    },
    "Paro14_avg": {
        "pearson": [
            0.38634200593660367,
            3.1863985031598804e-176
        ],
        "spearman": [
            0.4426466818601038,
            5.223654577957347e-237
        ],
        "count": 4958
    },
    "Paro18_avg": {
        "pearson": [
            0.42407480257616065,
            1.459165601938908e-221
        ],
        "spearman": [
            0.46281520685314426,
            6.276476438180259e-269
        ],
        "count": 5095
    },
    "Ribo11_avg": {
        "pearson": [
            0.290520405859371,
            7.404114686136314e-98
        ],
        "spearman": [
            0.35309924564714074,
            8.936398274109167e-147
        ],
        "count": 5001
    },
    "Ribo12_avg": {
        "pearson": [
            0.42025769822661263,
            2.7156258956032202e-213
        ],
        "spearman": [
            0.4806192119011458,
            1.561338258929202e-287
        ],
        "count": 5002
    },
    "Ribo14_avg": {
        "pearson": [
            0.4546384748663028,
            6.832797149135622e-263
        ],
        "spearman": [
            0.47568177156743574,
            4.985619055418197e-291
        ],
        "count": 5184
    },
    "Ribo18_avg": {
        "pearson": [
            0.4400792526058987,
            2.674790718251624e-245
        ],
        "spearman": [
            0.42798106811233366,
            1.1104223646527158e-230
        ],
        "count": 5200
    }
}