{
    "overall": {
        "pearson": [
            -0.5713962966026032,
            6.759850747176658e-32
        ],
        "spearman": [
            -0.5980580436271875,
            1.6141548395437072e-35
        ],
        "count": 352
    }
}