{
    "NONSEL_24h": {
        "pearson": [
            -0.1916520857761122,
            1.9945023427676534e-10
        ],
        "spearman": [
            -0.20365182293510428,
            1.302322400902301e-11
        ],
        "count": 1084
    },
    "SEL_A_24h": {
        "pearson": [
            0.35356765724412537,
            2.8651074726310088e-33
        ],
        "spearman": [
            0.2860665869620282,
            7.315155999738462e-22
        ],
        "count": 1084
    },
    "SEL_A_40h": {
        "pearson": [
            0.3371525560028749,
            3.1803771235135186e-30
        ],
        "spearman": [
            0.28053539879004424,
            4.71107365427848e-21
        ],
        "count": 1084
    },
    "SEL_B_40h": {
        "pearson": [
            0.2906713167434452,
            1.502680241967681e-22
        ],
        "spearman": [
            0.2452898293656476,
            2.566830211482326e-16
        ],
        "count": 1084
    },
    "SEL_C_40h": {
        "pearson": [
            0.2811844100277978,
            3.7944440727557936e-21
        ],
        "spearman": [
            0.2428099702875282,
            5.20099117828542e-16
        ],
        "count": 1084
    },
    "SEL_C_64h": {
        "pearson": [
            0.2722752835361932,
            7.037772604679907e-20
        ],
        "spearman": [
            0.23768235908849858,
            2.184816225372947e-15
        ],
        "count": 1084
    }
}