{
    "attenuated": {
        "pearson": [
            0.10512088361140452,
            5.647567814165731e-09
        ],
        "spearman": [
            0.07785965238069185,
            1.629894505063521e-05
        ],
        "count": 3058
    },
    "regulated": {
        "pearson": [
            0.401790680404967,
            5.225471792671645e-119
        ],
        "spearman": [
            0.37980186442592206,
            1.6048302602236093e-105
        ],
        "count": 3058
    },
    "unregulated": {
        "pearson": [
            0.3960990393804152,
            2.0341446811910735e-115
        ],
        "spearman": [
            0.37323183456941184,
            1.0926654266603061e-101
        ],
        "count": 3058
    }
}