{
    "attenuated": {
        "pearson": [
            0.12321727815983786,
            4.4655509316607174e-12
        ],
        "spearman": [
            0.09653844628083441,
            6.131474766178253e-08
        ],
        "count": 3134
    },
    "regulated": {
        "pearson": [
            0.374928854280875,
            3.560885212938281e-105
        ],
        "spearman": [
            0.35016579154567723,
            4.4030941426506734e-91
        ],
        "count": 3134
    },
    "unregulated": {
        "pearson": [
            0.384581467178962,
            5.177476767684851e-111
        ],
        "spearman": [
            0.3650796188840977,
            2.0252805199208164e-99
        ],
        "count": 3134
    }
}