{
    "attenuated": {
        "pearson": [
            0.12298433345260909,
            4.900839822703812e-12
        ],
        "spearman": [
            0.08743644990027462,
            9.471242881360941e-07
        ],
        "count": 3134
    },
    "regulated": {
        "pearson": [
            0.38132649977521926,
            5.066313638317756e-109
        ],
        "spearman": [
            0.35108325946922864,
            1.3922997333339568e-91
        ],
        "count": 3134
    },
    "unregulated": {
        "pearson": [
            0.36085872442606937,
            5.148146586057287e-97
        ],
        "spearman": [
            0.33452333699486425,
            8.227613053431162e-83
        ],
        "count": 3134
    }
}