{
    "function_score": {
        "pearson": [
            0.43400772354663364,
            7.566855647703882e-68
        ],
        "spearman": [
            0.41244986742921386,
            8.149153381472002e-61
        ],
        "count": 1454
    }
}