{
    "function_score": {
        "pearson": [
            0.5083244409614296,
            1.4051112753965547e-98
        ],
        "spearman": [
            0.46071080957621785,
            4.63574774199739e-79
        ],
        "count": 1488
    }
}