{
    "fitness_min": {
        "pearson": [
            0.6702377376238287,
            7.140156019807509e-186
        ],
        "spearman": [
            0.25516528370421165,
            1.5287834607104918e-22
        ],
        "count": 1420
    },
    "fitness_rich": {
        "pearson": [
            0.6085159356846348,
            1.3524130902361362e-144
        ],
        "spearman": [
            0.3218361053519429,
            1.4027667239465465e-35
        ],
        "count": 1420
    }
}