{
    "fitness_min": {
        "pearson": [
            0.6161508588158295,
            3.52024115144526e-151
        ],
        "spearman": [
            0.2483302394449973,
            1.1529890754617738e-21
        ],
        "count": 1439
    },
    "fitness_rich": {
        "pearson": [
            0.5710315188608845,
            2.644488278244234e-125
        ],
        "spearman": [
            0.326576500015447,
            4.120372236692089e-37
        ],
        "count": 1439
    }
}