{
    "Ami11_avg": {
        "pearson": [
            0.10277275974050167,
            2.2337879421871587e-13
        ],
        "spearman": [
            0.11643358571237182,
            9.164131189743245e-17
        ],
        "count": 5068
    },
    "Ami12_avg": {
        "pearson": [
            0.27149860895066746,
            1.2123706420381813e-83
        ],
        "spearman": [
            0.3505996611357675,
            6.969330914210288e-142
        ],
        "count": 4906
    },
    "Ami14_avg": {
        "pearson": [
            0.28481642910531035,
            1.4312530747594392e-91
        ],
        "spearman": [
            0.3432861766774257,
            8.921902025061299e-135
        ],
        "count": 4871
    },
    "Ami18_avg": {
        "pearson": [
            0.01838108509016003,
            0.19023511718682545
        ],
        "spearman": [
            0.03712669894787205,
            0.008134540425807624
        ],
        "count": 5080
    },
    "G41811_avg": {
        "pearson": [
            0.24236708824126252,
            1.6020144373187548e-66
        ],
        "spearman": [
            0.29035447827740946,
            6.382393915543393e-96
        ],
        "count": 4906
    },
    "G41812_avg": {
        "pearson": [
            0.39020697409803573,
            3.800287444037378e-175
        ],
        "spearman": [
            0.4636845160169709,
            1.0599258891570697e-255
        ],
        "count": 4822
    },
    "G41814_avg": {
        "pearson": [
            0.4179662034046518,
            1.010401259416716e-212
        ],
        "spearman": [
            0.4219683113603565,
            3.3683543734549678e-217
        ],
        "count": 5049
    },
    "Kan11_avg": {
        "pearson": [
            0.2578170050802304,
            5.735899290217121e-75
        ],
        "spearman": [
            0.30918361265166694,
            1.2383450759419024e-108
        ],
        "count": 4882
    },
    "Kan12_avg": {
        "pearson": [
            0.3776709726007017,
            2.650862933503006e-160
        ],
        "spearman": [
            0.4581903265145092,
            2.351170323002591e-244
        ],
        "count": 4732
    },
    "Kan14_avg": {
        "pearson": [
            0.40854329752519825,
            2.5477727372758487e-194
        ],
        "spearman": [
            0.46143874872969654,
            3.953529820128322e-254
        ],
        "count": 4845
    },
    "Kan18_avg": {
        "pearson": [
            0.43423727004829615,
            2.1248168501292e-231
        ],
        "spearman": [
            0.4462161446094324,
            9.369486978655956e-246
        ],
        "count": 5051
    },
    "Neo11_avg": {
        "pearson": [
            0.23008994171919078,
            1.5013185232433788e-60
        ],
        "spearman": [
            0.2577403770502445,
            4.9631480201238815e-76
        ],
        "count": 4956
    },
    "Neo12_avg": {
        "pearson": [
            0.4035086038204458,
            1.4912238486571743e-189
        ],
        "spearman": [
            0.4851865157551886,
            3.294729263038504e-285
        ],
        "count": 4855
    },
    "Neo14_avg": {
        "pearson": [
            0.45770841176462546,
            3.4453907525667027e-258
        ],
        "spearman": [
            0.4781337094021401,
            7.553101914528994e-285
        ],
        "count": 5014
    },
    "Neo18_avg": {
        "pearson": [
            0.4063853907334728,
            2.6605124174791334e-200
        ],
        "spearman": [
            0.3911563649881267,
            1.9345502979930354e-184
        ],
        "count": 5054
    },
    "Paro11_avg": {
        "pearson": [
            0.13938302067349756,
            2.1909213929892136e-23
        ],
        "spearman": [
            0.15458362582789043,
            1.8921409054581998e-28
        ],
        "count": 5063
    },
    "Paro12_avg": {
        "pearson": [
            0.28579317697341805,
            2.6303565518998813e-92
        ],
        "spearman": [
            0.3558161423738224,
            1.723701946477684e-145
        ],
        "count": 4876
    },
    "Paro14_avg": {
        "pearson": [
            0.3831877596167278,
            6.604341880220801e-169
        ],
        "spearman": [
            0.4555270230615513,
            2.1195482553775356e-246
        ],
        "count": 4835
    },
    "Paro18_avg": {
        "pearson": [
            0.43496930359764424,
            1.7908845619829226e-227
        ],
        "spearman": [
            0.4848377221211565,
            4.8436138974808334e-290
        ],
        "count": 4946
    },
    "Ribo11_avg": {
        "pearson": [
            0.2798962026207616,
            1.042399230016972e-88
        ],
        "spearman": [
            0.3594068919273228,
            4.946700104676292e-149
        ],
        "count": 4890
    },
    "Ribo12_avg": {
        "pearson": [
            0.42332980077902355,
            3.512521008844363e-211
        ],
        "spearman": [
            0.5004224232016752,
            2.9788590211066915e-307
        ],
        "count": 4873
    },
    "Ribo14_avg": {
        "pearson": [
            0.4725964892830869,
            7.014336068615891e-278
        ],
        "spearman": [
            0.5037978265217967,
            0.0
        ],
        "count": 5022
    },
    "Ribo18_avg": {
        "pearson": [
            0.4701798818199472,
            2.7800892704302765e-275
        ],
        "spearman": [
            0.46468447790406925,
            4.2745950460169566e-268
        ],
        "count": 5033
    }
}