{
    "Ami11_avg": {
        "pearson": [
            0.10802443805212626,
            4.347338968312624e-15
        ],
        "spearman": [
            0.11550976592639378,
            4.7957520878523985e-17
        ],
        "count": 5245
    },
    "Ami12_avg": {
        "pearson": [
            0.28770514178766354,
            9.030463523368427e-97
        ],
        "spearman": [
            0.36204754831332425,
            3.983074946776291e-156
        ],
        "count": 5046
    },
    "Ami14_avg": {
        "pearson": [
            0.29402307439995023,
            3.257183139091049e-100
        ],
        "spearman": [
            0.34537022293465475,
            5.56609680089641e-140
        ],
        "count": 4997
    },
    "Ami18_avg": {
        "pearson": [
            0.015996599857470994,
            0.24615266438874317
        ],
        "spearman": [
            0.030692956674476093,
            0.026040656626274226
        ],
        "count": 5258
    },
    "G41811_avg": {
        "pearson": [
            0.25452400748911624,
            1.5766100972492043e-75
        ],
        "spearman": [
            0.3006522998537845,
            4.771085637596199e-106
        ],
        "count": 5052
    },
    "G41812_avg": {
        "pearson": [
            0.40026259119487473,
            3.224044973057297e-190
        ],
        "spearman": [
            0.4637010978802262,
            6.259542059053093e-263
        ],
        "count": 4959
    },
    "G41814_avg": {
        "pearson": [
            0.4161763519674274,
            5.138396373439747e-218
        ],
        "spearman": [
            0.41223969227303736,
            1.512482422015335e-213
        ],
        "count": 5225
    },
    "Kan11_avg": {
        "pearson": [
            0.27873685540812315,
            4.8740342288813615e-90
        ],
        "spearman": [
            0.3248880412640291,
            1.913485261602422e-123
        ],
        "count": 5008
    },
    "Kan12_avg": {
        "pearson": [
            0.3918325820265257,
            1.6217390882653052e-177
        ],
        "spearman": [
            0.46285319570280403,
            7.939275823804839e-256
        ],
        "count": 4844
    },
    "Kan14_avg": {
        "pearson": [
            0.42335529251618836,
            1.5634057931031276e-216
        ],
        "spearman": [
            0.46378924486557577,
            4.832362545015974e-265
        ],
        "count": 4997
    },
    "Kan18_avg": {
        "pearson": [
            0.4369303258946184,
            1.5297434833393926e-242
        ],
        "spearman": [
            0.43900287356101636,
            4.3192239148286245e-245
        ],
        "count": 5224
    },
    "Neo11_avg": {
        "pearson": [
            0.24594618700522336,
            7.374520585546503e-71
        ],
        "spearman": [
            0.26558125392273507,
            9.666439552039335e-83
        ],
        "count": 5079
    },
    "Neo12_avg": {
        "pearson": [
            0.4041480085650183,
            1.1593879687157103e-194
        ],
        "spearman": [
            0.4718536118115905,
            4.754915688641472e-274
        ],
        "count": 4970
    },
    "Neo14_avg": {
        "pearson": [
            0.44797975371731286,
            3.379429031083174e-254
        ],
        "spearman": [
            0.45589764464269084,
            2.5614986952223336e-264
        ],
        "count": 5180
    },
    "Neo18_avg": {
        "pearson": [
            0.3945816222003103,
            2.9048531192166306e-194
        ],
        "spearman": [
            0.3727293513082279,
            6.240125391212966e-172
        ],
        "count": 5226
    },
    "Paro11_avg": {
        "pearson": [
            0.15597969577477072,
            7.861365827273144e-30
        ],
        "spearman": [
            0.16709872297171827,
            4.7868226845861344e-34
        ],
        "count": 5228
    },
    "Paro12_avg": {
        "pearson": [
            0.2958088519351098,
            2.5027169786695632e-101
        ],
        "spearman": [
            0.3620318298190024,
            2.1153677961763472e-154
        ],
        "count": 4990
    },
    "Paro14_avg": {
        "pearson": [
            0.3961213840572841,
            5.873918195220993e-186
        ],
        "spearman": [
            0.45582076049020415,
            5.561883404281094e-253
        ],
        "count": 4958
    },
    "Paro18_avg": {
        "pearson": [
            0.4386470094811033,
            1.1642006598586237e-238
        ],
        "spearman": [
            0.47730754951086163,
            2.7609208511662056e-288
        ],
        "count": 5095
    },
    "Ribo11_avg": {
        "pearson": [
            0.292228074992788,
            4.858175615284086e-99
        ],
        "spearman": [
            0.3607497652866271,
            1.405653254977175e-153
        ],
        "count": 5001
    },
    "Ribo12_avg": {
        "pearson": [
            0.42365680045011866,
            4.377472861071596e-217
        ],
        "spearman": [
            0.48896702551194493,
            4.987556814301279e-299
        ],
        "count": 5002
    },
    "Ribo14_avg": {
        "pearson": [
            0.46522063309928086,
            8.549638168682645e-277
        ],
        "spearman": [
            0.4856933836310031,
            4.0091964272791753e-305
        ],
        "count": 5184
    },
    "Ribo18_avg": {
        "pearson": [
            0.4554542878929706,
            9.370816878293133e-265
        ],
        "spearman": [
            0.43892302208118894,
            7.083209295332101e-244
        ],
        "count": 5200
    }
}