{
    "function_score": {
        "pearson": [
            0.18050893201684226,
            4.086293097927322e-12
        ],
        "spearman": [
            0.13074893748627212,
            5.649300664214526e-07
        ],
        "count": 1454
    }
}