{
    "function_score": {
        "pearson": [
            0.15231379324512967,
            3.526653342620479e-09
        ],
        "spearman": [
            0.14635047039168458,
            1.4177765572006752e-08
        ],
        "count": 1488
    }
}