{
    "screenscore": {
        "pearson": [
            0.23250558847609584,
            2.9488369037431335e-43
        ],
        "spearman": [
            0.23182950297575008,
            5.217554462995195e-43
        ],
        "count": 3424
    }
}