{
    "screenscore": {
        "pearson": [
            0.21413266535155578,
            9.783818134231601e-34
        ],
        "spearman": [
            0.22732651698569112,
            6.493000863121109e-38
        ],
        "count": 3125
    }
}