{
    "screenscore": {
        "pearson": [
            0.3562038363741174,
            3.1016018552043633e-82
        ],
        "spearman": [
            0.3797066598618389,
            4.428951380579382e-94
        ],
        "count": 2722
    }
}