{
    "screenscore": {
        "pearson": [
            0.37420362177502353,
            3.119541903916287e-90
        ],
        "spearman": [
            0.41774732740102993,
            3.4732908765001125e-114
        ],
        "count": 2692
    }
}