{
    "Caffeine": {
        "pearson": [
            0.33149113239064426,
            2.077296238740164e-34
        ],
        "spearman": [
            0.3171278200071796,
            1.7540312174310797e-31
        ],
        "count": 1288
    },
    "DMSO": {
        "pearson": [
            0.28216865237789246,
            1.1737828408942735e-25
        ],
        "spearman": [
            0.2542700541560941,
            5.549288882987453e-21
        ],
        "count": 1324
    },
    "DTT": {
        "pearson": [
            0.3001658063906287,
            3.821974007065212e-28
        ],
        "spearman": [
            0.3080553097829403,
            1.256622784474573e-29
        ],
        "count": 1284
    },
    "HU": {
        "pearson": [
            0.26169121908820114,
            2.2306062283501987e-21
        ],
        "spearman": [
            0.1947255287649972,
            2.4175195493787604e-12
        ],
        "count": 1273
    },
    "MG132": {
        "pearson": [
            0.3157136626034408,
            3.60835604302045e-30
        ],
        "spearman": [
            0.2494826791829341,
            4.3177068182147124e-19
        ],
        "count": 1243
    }
}