{
    "Caffeine": {
        "pearson": [
            0.3433585361046099,
            6.005038369773681e-37
        ],
        "spearman": [
            0.3193306051723311,
            6.389320728540705e-32
        ],
        "count": 1288
    },
    "DMSO": {
        "pearson": [
            0.3093199300292613,
            9.48623845488526e-31
        ],
        "spearman": [
            0.2689338543471414,
            2.2699487310290272e-23
        ],
        "count": 1324
    },
    "DTT": {
        "pearson": [
            0.31610948726428373,
            3.44874107697174e-31
        ],
        "spearman": [
            0.31887824689761124,
            9.764031964459622e-32
        ],
        "count": 1284
    },
    "HU": {
        "pearson": [
            0.2915760886164475,
            2.2883695342435173e-26
        ],
        "spearman": [
            0.23407452388152342,
            2.6467382448989707e-17
        ],
        "count": 1273
    },
    "MG132": {
        "pearson": [
            0.35185046176749096,
            1.5555035720244346e-37
        ],
        "spearman": [
            0.2564509030411454,
            4.060396806252628e-20
        ],
        "count": 1243
    }
}