{
    "Caffeine": {
        "pearson": [
            0.3293260178106124,
            5.872267755630617e-34
        ],
        "spearman": [
            0.30463035794482224,
            4.6066775781403566e-29
        ],
        "count": 1288
    },
    "DMSO": {
        "pearson": [
            0.2762511725854403,
            1.280668180891156e-24
        ],
        "spearman": [
            0.22771205269738595,
            4.9310618383266435e-17
        ],
        "count": 1324
    },
    "DTT": {
        "pearson": [
            0.2924089451152456,
            9.913404650485764e-27
        ],
        "spearman": [
            0.29495380595467824,
            3.444550295925333e-27
        ],
        "count": 1284
    },
    "HU": {
        "pearson": [
            0.25429386867823556,
            3.084473086643508e-20
        ],
        "spearman": [
            0.17640350612357986,
            2.3352154595519296e-10
        ],
        "count": 1273
    },
    "MG132": {
        "pearson": [
            0.31344086531949983,
            9.728804006824959e-30
        ],
        "spearman": [
            0.23337705340522008,
            7.745343722793716e-17
        ],
        "count": 1243
    }
}