{
    "acetamide_normalized_fitness": {
        "pearson": [
            0.2554332109257997,
            5.8542133085102795e-99
        ],
        "spearman": [
            0.35763155905590116,
            1.170766213607051e-198
        ],
        "count": 6610
    },
    "isobutyramide_normalized_fitness": {
        "pearson": [
            0.451191202653734,
            0.0
        ],
        "spearman": [
            0.4483758680912366,
            0.0
        ],
        "count": 6548
    },
    "propionamide_normalized_fitness": {
        "pearson": [
            0.3042895846325896,
            1.1651779942533482e-141
        ],
        "spearman": [
            0.36119233807577683,
            6.54944372201016e-203
        ],
        "count": 6611
    }
}