{
    "acetamide_normalized_fitness": {
        "pearson": [
            0.2556422670526289,
            2.106810456607774e-99
        ],
        "spearman": [
            0.3583841619965517,
            4.1006475136180755e-200
        ],
        "count": 6629
    },
    "isobutyramide_normalized_fitness": {
        "pearson": [
            0.45429021494308036,
            0.0
        ],
        "spearman": [
            0.45602268894264214,
            0.0
        ],
        "count": 6568
    },
    "propionamide_normalized_fitness": {
        "pearson": [
            0.3057085589280192,
            1.8534973415340536e-143
        ],
        "spearman": [
            0.36383860367693227,
            1.0607454180947718e-206
        ],
        "count": 6631
    }
}