{
    "Ami11_avg": {
        "pearson": [
            0.10795906727859002,
            4.515882494531767e-15
        ],
        "spearman": [
            0.10081844719247776,
            2.509013406786553e-13
        ],
        "count": 5245
    },
    "Ami12_avg": {
        "pearson": [
            0.26794366581832585,
            1.0488490412530582e-83
        ],
        "spearman": [
            0.3381625216556409,
            3.2434976832335317e-135
        ],
        "count": 5046
    },
    "Ami14_avg": {
        "pearson": [
            0.28667774040754507,
            3.76975617745125e-95
        ],
        "spearman": [
            0.3350904617945952,
            2.1840445542301136e-131
        ],
        "count": 4997
    },
    "Ami18_avg": {
        "pearson": [
            0.03358720294574685,
            0.014867705577095732
        ],
        "spearman": [
            0.03394457365019041,
            0.013835148750908797
        ],
        "count": 5258
    },
    "G41811_avg": {
        "pearson": [
            0.22830195042737367,
            9.781095102587274e-61
        ],
        "spearman": [
            0.2677732510612778,
            1.0752635287997528e-83
        ],
        "count": 5052
    },
    "G41812_avg": {
        "pearson": [
            0.3894528694684939,
            2.5515067068776843e-179
        ],
        "spearman": [
            0.46648588362550397,
            1.72206180945674e-266
        ],
        "count": 4959
    },
    "G41814_avg": {
        "pearson": [
            0.432815310267113,
            1.407891179477217e-237
        ],
        "spearman": [
            0.4383426874921526,
            2.52919478771396e-244
        ],
        "count": 5225
    },
    "Kan11_avg": {
        "pearson": [
            0.2507222212427148,
            1.192353766211115e-72
        ],
        "spearman": [
            0.2976317285556564,
            5.592508733537496e-103
        ],
        "count": 5008
    },
    "Kan12_avg": {
        "pearson": [
            0.3719016283516431,
            9.382478392619775e-159
        ],
        "spearman": [
            0.4591851867939553,
            2.624214176683838e-251
        ],
        "count": 4844
    },
    "Kan14_avg": {
        "pearson": [
            0.4180472221987612,
            1.2180558096628189e-210
        ],
        "spearman": [
            0.4709772780553591,
            2.2509746854881136e-274
        ],
        "count": 4997
    },
    "Kan18_avg": {
        "pearson": [
            0.44786594519848977,
            3.4004193254522625e-256
        ],
        "spearman": [
            0.463772980825513,
            5.724404443126412e-277
        ],
        "count": 5224
    },
    "Neo11_avg": {
        "pearson": [
            0.2188422826182845,
            4.0023890741003973e-56
        ],
        "spearman": [
            0.23842844020868148,
            1.3990343177361414e-66
        ],
        "count": 5079
    },
    "Neo12_avg": {
        "pearson": [
            0.3897259371118652,
            5.5271997995960135e-180
        ],
        "spearman": [
            0.4681588180495027,
            3.0884854868651446e-269
        ],
        "count": 4970
    },
    "Neo14_avg": {
        "pearson": [
            0.4540075823300382,
            7.058330797007316e-262
        ],
        "spearman": [
            0.4722358367877025,
            4.578577331513215e-286
        ],
        "count": 5180
    },
    "Neo18_avg": {
        "pearson": [
            0.42544012943986864,
            8.169957469718844e-229
        ],
        "spearman": [
            0.40375992298026286,
            3.6757518897223914e-204
        ],
        "count": 5226
    },
    "Paro11_avg": {
        "pearson": [
            0.134269839582993,
            1.8405729855317624e-22
        ],
        "spearman": [
            0.13636698349404763,
            4.0018714854160266e-23
        ],
        "count": 5228
    },
    "Paro12_avg": {
        "pearson": [
            0.26753857783320495,
            1.5234429273593103e-82
        ],
        "spearman": [
            0.3353566997542971,
            2.0065545776784588e-131
        ],
        "count": 4990
    },
    "Paro14_avg": {
        "pearson": [
            0.3805023430505527,
            1.4448736414757454e-170
        ],
        "spearman": [
            0.45191538874856596,
            3.580060951615335e-248
        ],
        "count": 4958
    },
    "Paro18_avg": {
        "pearson": [
            0.4350100804513081,
            2.58430490143798e-234
        ],
        "spearman": [
            0.484958772671779,
            6.899205498568857e-299
        ],
        "count": 5095
    },
    "Ribo11_avg": {
        "pearson": [
            0.26236323589151334,
            1.641055918716472e-79
        ],
        "spearman": [
            0.321598374469772,
            1.081581761606355e-120
        ],
        "count": 5001
    },
    "Ribo12_avg": {
        "pearson": [
            0.4003208863298468,
            6.543273972997501e-192
        ],
        "spearman": [
            0.4752883635953533,
            2.3399700262514455e-280
        ],
        "count": 5002
    },
    "Ribo14_avg": {
        "pearson": [
            0.4598628046365829,
            1.0772568807383362e-269
        ],
        "spearman": [
            0.4903099947292805,
            0.0
        ],
        "count": 5184
    },
    "Ribo18_avg": {
        "pearson": [
            0.4680624994820637,
            1.7955339266741363e-281
        ],
        "spearman": [
            0.45973270477358835,
            2.385319121675633e-270
        ],
        "count": 5200
    }
}