{
    "Ami11_avg": {
        "pearson": [
            0.10752848869353158,
            1.6501322517350387e-14
        ],
        "spearman": [
            0.10685988969501743,
            2.3969452309335338e-14
        ],
        "count": 5068
    },
    "Ami12_avg": {
        "pearson": [
            0.2665969846938479,
            1.3164238873258906e-80
        ],
        "spearman": [
            0.3379335145802968,
            2.4850470570589675e-131
        ],
        "count": 4906
    },
    "Ami14_avg": {
        "pearson": [
            0.286294980020756,
            1.5185210731238114e-92
        ],
        "spearman": [
            0.3406599495827607,
            1.2717205865253788e-132
        ],
        "count": 4871
    },
    "Ami18_avg": {
        "pearson": [
            0.034987597841474816,
            0.012636236901778302
        ],
        "spearman": [
            0.043025574025880635,
            0.0021601963576806282
        ],
        "count": 5080
    },
    "G41811_avg": {
        "pearson": [
            0.22393395782832276,
            8.298595868652238e-57
        ],
        "spearman": [
            0.2619805045829543,
            8.329095432294822e-78
        ],
        "count": 4906
    },
    "G41812_avg": {
        "pearson": [
            0.387941756593169,
            5.7061684037259846e-173
        ],
        "spearman": [
            0.4719188934672145,
            4.95314658856389e-266
        ],
        "count": 4822
    },
    "G41814_avg": {
        "pearson": [
            0.44016020319762383,
            2.483243019944876e-238
        ],
        "spearman": [
            0.44978952774266345,
            4.7279724370522776e-250
        ],
        "count": 5049
    },
    "Kan11_avg": {
        "pearson": [
            0.24150634229761972,
            9.807121117344955e-66
        ],
        "spearman": [
            0.2852804805019552,
            4.439274605646124e-92
        ],
        "count": 4882
    },
    "Kan12_avg": {
        "pearson": [
            0.36874089168239527,
            2.4436091823913517e-152
        ],
        "spearman": [
            0.45970530243668334,
            3.634523278339555e-246
        ],
        "count": 4732
    },
    "Kan14_avg": {
        "pearson": [
            0.41760958081164645,
            7.921508556236737e-204
        ],
        "spearman": [
            0.478650800050456,
            5.442774668456742e-276
        ],
        "count": 4845
    },
    "Kan18_avg": {
        "pearson": [
            0.4527931089470549,
            6.93603900633887e-254
        ],
        "spearman": [
            0.4745884743615579,
            3.841095917192692e-282
        ],
        "count": 5051
    },
    "Neo11_avg": {
        "pearson": [
            0.21522891337346065,
            4.968765138962723e-53
        ],
        "spearman": [
            0.23513779084590217,
            3.1354386103642896e-63
        ],
        "count": 4956
    },
    "Neo12_avg": {
        "pearson": [
            0.39435738147144433,
            2.160010031032601e-180
        ],
        "spearman": [
            0.4777788191778492,
            2.0444932365958938e-275
        ],
        "count": 4855
    },
    "Neo14_avg": {
        "pearson": [
            0.46475504497137776,
            3.50141027842577e-267
        ],
        "spearman": [
            0.48948117550259734,
            1.8413300223996093e-300
        ],
        "count": 5014
    },
    "Neo18_avg": {
        "pearson": [
            0.43416769559690055,
            1.8742420234853463e-231
        ],
        "spearman": [
            0.41601482375740145,
            9.09779899031948e-211
        ],
        "count": 5054
    },
    "Paro11_avg": {
        "pearson": [
            0.12799399961430288,
            6.087837011942482e-20
        ],
        "spearman": [
            0.13314643969219317,
            1.8337928637523658e-21
        ],
        "count": 5063
    },
    "Paro12_avg": {
        "pearson": [
            0.26597723599642026,
            9.50604416148978e-80
        ],
        "spearman": [
            0.33175607945500185,
            1.3367140799327078e-125
        ],
        "count": 4876
    },
    "Paro14_avg": {
        "pearson": [
            0.37798459752585445,
            4.855722712884695e-164
        ],
        "spearman": [
            0.45666010295695786,
            9.026916430243328e-248
        ],
        "count": 4835
    },
    "Paro18_avg": {
        "pearson": [
            0.4376004443903279,
            1.6077572669481662e-230
        ],
        "spearman": [
            0.49400890303914125,
            1.0072449158139915e-302
        ],
        "count": 4946
    },
    "Ribo11_avg": {
        "pearson": [
            0.2593305350903651,
            5.570804663737891e-76
        ],
        "spearman": [
            0.32064894716431513,
            2.473344289000122e-117
        ],
        "count": 4890
    },
    "Ribo12_avg": {
        "pearson": [
            0.40723320298171434,
            4.488012954823907e-194
        ],
        "spearman": [
            0.4877925988220469,
            8.95273098265952e-290
        ],
        "count": 4873
    },
    "Ribo14_avg": {
        "pearson": [
            0.4688527480578424,
            6.097518787569685e-273
        ],
        "spearman": [
            0.5056068552553916,
            0.0
        ],
        "count": 5022
    },
    "Ribo18_avg": {
        "pearson": [
            0.47831195664272,
            3.670831788281179e-286
        ],
        "spearman": [
            0.47874603437651525,
            9.456379845938761e-287
        ],
        "count": 5033
    }
}