{
    "react_rel": {
        "pearson": [
            0.4551509645359159,
            2.6911726087852474e-74
        ],
        "spearman": [
            0.418687236829469,
            5.332068256386365e-62
        ],
        "count": 1435
    }
}