{
    "react_rel": {
        "pearson": [
            0.45187929064193594,
            3.940608168379248e-73
        ],
        "spearman": [
            0.41522175591331417,
            6.591308035477057e-61
        ],
        "count": 1435
    }
}