{
    "react_rel": {
        "pearson": [
            0.5099324799129005,
            8.068753812691575e-96
        ],
        "spearman": [
            0.48223423291108236,
            1.896437279636113e-84
        ],
        "count": 1435
    }
}