{
    "screenscore": {
        "pearson": [
            0.2256320080298026,
            3.1964191687454514e-22
        ],
        "spearman": [
            0.17096914427395504,
            2.784520371266554e-13
        ],
        "count": 1801
    }
}