{
    "screenscore": {
        "pearson": [
            0.23804870259947386,
            4.865016636583156e-20
        ],
        "spearman": [
            0.20950614469073084,
            8.91250009025848e-16
        ],
        "count": 1443
    }
}