{
    "screenscore": {
        "pearson": [
            0.13324992319606746,
            0.00026011201840991607
        ],
        "spearman": [
            0.15081025529396094,
            3.493851811692249e-05
        ],
        "count": 747
    }
}