{
    "ETP_AVERAGE": {
        "pearson": [
            0.08569928375032194,
            1.4070603271305667e-12
        ],
        "spearman": [
            0.09369615191500273,
            9.399908667421881e-15
        ],
        "count": 6809
    },
    "DOX_Average": {
        "pearson": [
            -0.07109002101654988,
            4.293622128526346e-09
        ],
        "spearman": [
            -0.08173817747147422,
            1.4300463534638887e-11
        ],
        "count": 6809
    },
    "SCH_Average": {
        "pearson": [
            0.10522316728775048,
            3.1688877839459755e-18
        ],
        "spearman": [
            0.10499185098205013,
            3.754196805004835e-18
        ],
        "count": 6809
    },
    "VRT_AVERAGE": {
        "pearson": [
            0.11337571677716024,
            6.355362921986178e-21
        ],
        "spearman": [
            0.11499853737484259,
            1.7460447841513474e-21
        ],
        "count": 6809
    }
}