{
    "ETP_AVERAGE": {
        "pearson": [
            0.0979344803148777,
            2.918562175534206e-15
        ],
        "spearman": [
            0.10744072504496273,
            4.51955056531753e-18
        ],
        "count": 6469
    },
    "DOX_Average": {
        "pearson": [
            -0.07724248401838875,
            4.948949890453866e-10
        ],
        "spearman": [
            -0.09843637091498955,
            2.1050652830694027e-15
        ],
        "count": 6469
    },
    "SCH_Average": {
        "pearson": [
            0.11493075243583147,
            1.8124484960752305e-20
        ],
        "spearman": [
            0.11411924316887577,
            3.355581794645294e-20
        ],
        "count": 6469
    },
    "VRT_AVERAGE": {
        "pearson": [
            0.12617001091601146,
            2.275027134411014e-24
        ],
        "spearman": [
            0.12998901503965396,
            8.862846189633556e-26
        ],
        "count": 6469
    }
}