{
    "screenscore": {
        "pearson": [
            0.17153175903006881,
            2.012456349317218e-14
        ],
        "spearman": [
            0.12072450288235516,
            8.155801222829192e-08
        ],
        "count": 1962
    }
}