{
    "screenscore": {
        "pearson": [
            0.047489750328349865,
            0.04056949185574254
        ],
        "spearman": [
            0.021560526386882568,
            0.3527133199005925
        ],
        "count": 1860
    }
}