{
    "function_score": {
        "pearson": [
            0.5595945623316756,
            1.3674114276280925e-120
        ],
        "spearman": [
            0.43646327421690523,
            1.1092657569712935e-68
        ],
        "count": 1454
    }
}