{
    "function_score": {
        "pearson": [
            0.6027831151843251,
            6.834617268638397e-148
        ],
        "spearman": [
            0.46576140836782626,
            5.482289939172759e-81
        ],
        "count": 1488
    }
}