{
    "NONSEL_24h": {
        "pearson": [
            -0.24332479530595308,
            4.494671705565827e-16
        ],
        "spearman": [
            -0.2983657363793469,
            9.993290794907623e-24
        ],
        "count": 1084
    },
    "SEL_A_24h": {
        "pearson": [
            0.4205504828209459,
            1.0704464935243929e-47
        ],
        "spearman": [
            0.4257846894863332,
            5.7066331295493626e-49
        ],
        "count": 1084
    },
    "SEL_A_40h": {
        "pearson": [
            0.3967242812562998,
            3.532403990216567e-42
        ],
        "spearman": [
            0.41833098018148845,
            3.653365918088541e-47
        ],
        "count": 1084
    },
    "SEL_B_40h": {
        "pearson": [
            0.3724462307629411,
            5.313095881006405e-37
        ],
        "spearman": [
            0.39966741244853643,
            7.769932710780582e-43
        ],
        "count": 1084
    },
    "SEL_C_40h": {
        "pearson": [
            0.37162710534894416,
            7.807246422495519e-37
        ],
        "spearman": [
            0.4019397138104277,
            2.3884052167046014e-43
        ],
        "count": 1084
    },
    "SEL_C_64h": {
        "pearson": [
            0.35932506903318334,
            2.215689190360355e-34
        ],
        "spearman": [
            0.39163117582433693,
            4.683276491409765e-41
        ],
        "count": 1084
    }
}