{
    "overall": {
        "pearson": [
            -0.47066552931130795,
            8.324650427664404e-21
        ],
        "spearman": [
            -0.49257070784535834,
            6.496593014032047e-23
        ],
        "count": 352
    }
}