{
    "screenscore": {
        "pearson": [
            0.25319440338410304,
            1.5245136486078154e-22
        ],
        "spearman": [
            0.2112525438519027,
            5.080681914002135e-16
        ],
        "count": 1443
    }
}