{
    "screenscore": {
        "pearson": [
            0.150272927557791,
            3.72810546221077e-05
        ],
        "spearman": [
            0.17641100000186438,
            1.2249005300244891e-06
        ],
        "count": 747
    }
}