{
    "screenscore": {
        "pearson": [
            0.24129268535654735,
            2.8487184793954107e-25
        ],
        "spearman": [
            0.19133501972043682,
            2.611132555452477e-16
        ],
        "count": 1801
    }
}