{
    "fitness_min": {
        "pearson": [
            0.42529532893276795,
            1.8231359704838268e-63
        ],
        "spearman": [
            0.2160342862957342,
            1.8564102744647646e-16
        ],
        "count": 1420
    },
    "fitness_rich": {
        "pearson": [
            0.42185815202368127,
            2.2748283699541213e-62
        ],
        "spearman": [
            0.3004122369998765,
            5.2706368517667565e-31
        ],
        "count": 1420
    }
}