{
    "fitness_min": {
        "pearson": [
            0.4921381973768033,
            1.2305192613970931e-88
        ],
        "spearman": [
            0.2743706343117677,
            2.8826171495972036e-26
        ],
        "count": 1439
    },
    "fitness_rich": {
        "pearson": [
            0.4840728337881301,
            2.1017436163934342e-85
        ],
        "spearman": [
            0.34870525550026205,
            2.104316660936492e-42
        ],
        "count": 1439
    }
}