{
    "fitness": {
        "pearson": [
            0.3678733171754957,
            6.991896918375026e-50
        ],
        "spearman": [
            0.3792332891559261,
            3.8212761442588943e-53
        ],
        "count": 1519
    }
}