{
    "fitness": {
        "pearson": [
            0.3995030287460678,
            2.691414473672061e-59
        ],
        "spearman": [
            0.41109388080044934,
            5.177718739868067e-63
        ],
        "count": 1519
    }
}