{
    "acetamide_normalized_fitness": {
        "pearson": [
            0.24531507656552098,
            1.9269314144969753e-91
        ],
        "spearman": [
            0.3431117637965557,
            1.6330233719681855e-182
        ],
        "count": 6629
    },
    "isobutyramide_normalized_fitness": {
        "pearson": [
            0.45773932473361617,
            0.0
        ],
        "spearman": [
            0.46010121618649835,
            0.0
        ],
        "count": 6568
    },
    "propionamide_normalized_fitness": {
        "pearson": [
            0.3015036275693232,
            2.1016868409049885e-139
        ],
        "spearman": [
            0.35266913420216983,
            1.8031726860237868e-193
        ],
        "count": 6631
    }
}