{
    "acetamide_normalized_fitness": {
        "pearson": [
            0.24547333318087333,
            2.6466093722007545e-91
        ],
        "spearman": [
            0.34466440931430953,
            9.786124515217004e-184
        ],
        "count": 6610
    },
    "isobutyramide_normalized_fitness": {
        "pearson": [
            0.4555033787431426,
            0.0
        ],
        "spearman": [
            0.455349894282239,
            0.0
        ],
        "count": 6548
    },
    "propionamide_normalized_fitness": {
        "pearson": [
            0.3012423636175854,
            9.68448628161215e-139
        ],
        "spearman": [
            0.3546186271433482,
            3.7105608663147174e-195
        ],
        "count": 6611
    }
}