{
    "linear": {
        "pearson": [
            0.4671510927833659,
            1.4061600134518674e-294
        ],
        "spearman": [
            0.5090140814613938,
            0.0
        ],
        "count": 5468
    }
}