{
    "screenscore": {
        "pearson": [
            0.2721718120552446,
            3.217827431765995e-59
        ],
        "spearman": [
            0.2809703224131696,
            3.782580652896365e-63
        ],
        "count": 3424
    }
}