{
    "screenscore": {
        "pearson": [
            0.2670080500371361,
            3.704286783757612e-52
        ],
        "spearman": [
            0.27860747652765594,
            8.188441976492098e-57
        ],
        "count": 3125
    }
}