{
    "fitness": {
        "pearson": [
            0.2868059760549624,
            3.7527882190794645e-30
        ],
        "spearman": [
            0.2882295908507116,
            1.8978798842443277e-30
        ],
        "count": 1519
    }
}