{
    "fitness": {
        "pearson": [
            0.2626026713753661,
            2.2424702519077557e-25
        ],
        "spearman": [
            0.2593999488544506,
            8.849911638234068e-25
        ],
        "count": 1519
    }
}