{
    "1AMQ": {
        "pearson": [
            0.8315490417217739,
            0.1684509582782261
        ],
        "spearman": [
            0.7999999999999999,
            0.20000000000000007
        ],
        "count": 4
    },
    "1BNI": {
        "pearson": [
            -0.7207843169755808,
            0.005439511527705272
        ],
        "spearman": [
            -0.6721788591403686,
            0.011843127316688053
        ],
        "count": 13
    },
    "1CEY": {
        "pearson": [
            0.9703753655522427,
            0.15534584550352548
        ],
        "spearman": [
            1.0,
            0.0
        ],
        "count": 3
    },
    "1EY0": {
        "pearson": [
            -0.6459673036405006,
            0.00020488901742537948
        ],
        "spearman": [
            -0.580309597873852,
            0.0012068982942447133
        ],
        "count": 28
    },
    "1IHB": {
        "pearson": [
            -0.09119885168228,
            0.9418602234084157
        ],
        "spearman": [
            -0.5,
            0.6666666666666667
        ],
        "count": 3
    },
    "1L63": {
        "pearson": [
            -0.6678649850247276,
            1.4494726940959603e-16
        ],
        "spearman": [
            -0.6967058177293086,
            1.9373258694951352e-18
        ],
        "count": 118
    },
    "1LZ1": {
        "pearson": [
            -0.711974646706428,
            8.706795424835047e-11
        ],
        "spearman": [
            -0.7072943100499975,
            1.3088721605587842e-10
        ],
        "count": 62
    },
    "1OH0": {
        "pearson": [
            -1.0,
            1.0
        ],
        "spearman": [
            -0.9999999999999999,
            NaN
        ],
        "count": 2
    },
    "1VQB": {
        "pearson": [
            -0.24815959934321408,
            0.687307060053707
        ],
        "spearman": [
            -0.09999999999999999,
            0.8728885715695383
        ],
        "count": 5
    },
    "2LZM": {
        "pearson": [
            -0.7553516687939434,
            3.581402264282653e-13
        ],
        "spearman": [
            -0.7751283579959787,
            3.495574860157059e-14
        ],
        "count": 65
    },
    "2RN2": {
        "pearson": [
            -0.4844642294554675,
            0.048749942022101374
        ],
        "spearman": [
            -0.5744196549267007,
            0.015880076974509195
        ],
        "count": 17
    },
    "3ZCF": {
        "pearson": [
            -1.0,
            1.0
        ],
        "spearman": [
            -0.9999999999999999,
            NaN
        ],
        "count": 2
    },
    "4BVM": {
        "pearson": [
            -0.9772819432839884,
            0.13595849560650794
        ],
        "spearman": [
            -0.5,
            0.6666666666666667
        ],
        "count": 3
    },
    "4LYZ": {
        "pearson": [
            -0.5232384574477132,
            0.05485281299039098
        ],
        "spearman": [
            -0.5105050289814828,
            0.062140200002779915
        ],
        "count": 14
    },
    "5PTI": {
        "pearson": [
            -0.7847549608354862,
            0.11592827182399705
        ],
        "spearman": [
            -0.7999999999999999,
            0.10408803866182788
        ],
        "count": 5
    },
    "overall": {
        "pearson": [
            -0.6647338156843285,
            1.3188992980246497e-45
        ],
        "spearman": [
            -0.6971091121282448,
            8.608083659699974e-52
        ],
        "count": 347
    }
}