{
    "Overall": {
        "all_types_of_mutations": {
            "Pr": -0.19269559902920333,
            "Pr_pval": 0.0001922114935577405,
            "Sr": -0.25208663350176586,
            "Sr_pval": 9.009210137984694e-07,
            "num": 370.0,
            "num_struc": 38.0
        },
        "single_point_mutations": {
            "Pr": -0.24339814105744684,
            "Pr_pval": 7.562445254261482e-05,
            "Sr": -0.23824184156516037,
            "Sr_pval": 0.00010817401939736061,
            "num": 259.0,
            "num_struc": 35.0
        },
        "multi_point_mutations": {
            "Pr": -0.18050931197005668,
            "Pr_pval": 0.057978562031393135,
            "Sr": -0.13606537602198987,
            "Sr_pval": 0.1544634061429392,
            "num": 111.0,
            "num_struc": 16.0
        }
    },
    "Per-Structure": {
        "all_types_of_mutations": {
            "Pr": -0.30229076495874563,
            "Pr_std": 0.2796009942243139,
            "Pr_pval": 7.582187200915071e-05,
            "Sr": -0.32181945106142373,
            "Sr_std": 0.323171964088651,
            "Sr_pval": 6.267043378236078e-08,
            "num": 266.0,
            "num_struc": 8.0
        },
        "single_point_mutations": {
            "Pr": -0.36997955046506936,
            "Pr_std": 0.29116440943442895,
            "Pr_pval": 1.5974372353932565e-05,
            "Sr": -0.3833501267532967,
            "Sr_std": 0.2893896117355016,
            "Sr_pval": 1.8390222426870497e-06,
            "num": 180.0,
            "num_struc": 7.0
        },
        "multi_point_mutations": {
            "Pr": -0.01684943811353823,
            "Pr_std": 0.2184214640646956,
            "Pr_pval": 0.13087444060636097,
            "Sr": -0.06014833954784157,
            "Sr_std": 0.1918612558351976,
            "Sr_pval": 0.14476323368177368,
            "num": 79.0,
            "num_struc": 2.0
        }
    }
}