{
    "Overall": {
        "all_types_of_mutations": {
            "Pr": -0.1997254783070179,
            "Pr_pval": 0.00010980514063886543,
            "Sr": -0.2365983863633237,
            "Sr_pval": 4.201600928248617e-06,
            "num": 370.0,
            "num_struc": 38.0
        },
        "single_point_mutations": {
            "Pr": -0.21049690832281773,
            "Pr_pval": 0.0006507690958205799,
            "Sr": -0.18849419067763765,
            "Sr_pval": 0.002317486793410945,
            "num": 259.0,
            "num_struc": 35.0
        },
        "multi_point_mutations": {
            "Pr": -0.257993215912608,
            "Pr_pval": 0.00626080642819991,
            "Sr": -0.1976153129745704,
            "Sr_pval": 0.03761855985843623,
            "num": 111.0,
            "num_struc": 16.0
        }
    },
    "Per-Structure": {
        "all_types_of_mutations": {
            "Pr": -0.2579784103967959,
            "Pr_std": 0.20852348362299133,
            "Pr_pval": 0.0019973138003124896,
            "Sr": -0.3332892376678003,
            "Sr_std": 0.23676574392801988,
            "Sr_pval": 4.8545682823662215e-06,
            "num": 266.0,
            "num_struc": 8.0
        },
        "single_point_mutations": {
            "Pr": -0.2845401305022009,
            "Pr_std": 0.22275908952174642,
            "Pr_pval": 0.004922402320297915,
            "Sr": -0.3506518712151462,
            "Sr_std": 0.23460230063818044,
            "Sr_pval": 0.0001894275571343741,
            "num": 180.0,
            "num_struc": 7.0
        },
        "multi_point_mutations": {
            "Pr": -0.16237432402804114,
            "Pr_std": 0.19417163541758253,
            "Pr_pval": 0.0354541789058009,
            "Sr": -0.2132198075502509,
            "Sr_std": 0.09959621882167338,
            "Sr_pval": 0.06041629329686307,
            "num": 79.0,
            "num_struc": 2.0
        }
    }
}