{
    "CRIPT": {
        "pearson": [
            0.46129355062497013,
            3.4477962451051425e-88
        ],
        "spearman": [
            0.37519104090610034,
            1.3388948831276292e-56
        ],
        "count": 1659
    },
    "Tm2F": {
        "pearson": [
            0.4103494667587134,
            2.151217544106986e-68
        ],
        "spearman": [
            0.2806030060995399,
            2.1504933072537195e-31
        ],
        "count": 1659
    }
}