{
    "selection_coefficient": {
        "pearson": [
            0.3007266632803628,
            6.160707891782884e-28
        ],
        "spearman": [
            0.2707063940355912,
            9.441921539834871e-23
        ],
        "count": 1269
    }
}