{
    "selection_coefficient": {
        "pearson": [
            0.2849715090609228,
            3.888183525474445e-25
        ],
        "spearman": [
            0.2470341269836491,
            4.2527472848922905e-19
        ],
        "count": 1269
    }
}