{
    "selection_coefficient": {
        "pearson": [
            0.34621820681731913,
            4.786026548385447e-37
        ],
        "spearman": [
            0.2652457820147825,
            7.099340464750775e-22
        ],
        "count": 1269
    }
}