{
    "screenscore": {
        "pearson": [
            0.27159968039814975,
            5.663461426953414e-54
        ],
        "spearman": [
            0.299693417181762,
            7.189162943872724e-66
        ],
        "count": 3125
    }
}