{
    "screenscore": {
        "pearson": [
            0.28286042734131184,
            5.1835595871953835e-64
        ],
        "spearman": [
            0.30702014167304403,
            1.197676763461633e-75
        ],
        "count": 3424
    }
}