{
    "react_rel": {
        "pearson": [
            0.45533214238116043,
            2.3175016883436214e-74
        ],
        "spearman": [
            0.41379278545552145,
            1.8431422694074027e-60
        ],
        "count": 1435
    }
}