{
    "react_rel": {
        "pearson": [
            0.5208541471490552,
            1.3399490879311337e-100
        ],
        "spearman": [
            0.4834555605436803,
            6.284445449937902e-85
        ],
        "count": 1435
    }
}