{
    "react_rel": {
        "pearson": [
            0.4596056338661989,
            6.641837670458196e-76
        ],
        "spearman": [
            0.4169068569116732,
            1.9478169087356763e-61
        ],
        "count": 1435
    }
}