{
    "function_score": {
        "pearson": [
            0.5790529102028193,
            6.063708308816874e-131
        ],
        "spearman": [
            0.4406429173902984,
            4.071833237738352e-70
        ],
        "count": 1454
    }
}