{
    "function_score": {
        "pearson": [
            0.5897894736487659,
            4.0179396186239398e-140
        ],
        "spearman": [
            0.45183793860262306,
            9.425215081936548e-76
        ],
        "count": 1488
    }
}