{
    "screenscore": {
        "pearson": [
            0.374645537130519,
            2.587023162934756e-91
        ],
        "spearman": [
            0.41457506919771814,
            2.2008008773879216e-113
        ],
        "count": 2718
    }
}