{
    "screenscore": {
        "pearson": [
            0.3578867005720863,
            4.7431027457596535e-83
        ],
        "spearman": [
            0.3731634656190423,
            1.1061945852876636e-90
        ],
        "count": 2722
    }
}