{
    "screenscore": {
        "pearson": [
            0.1056838347691533,
            2.7138285648088792e-06
        ],
        "spearman": [
            0.084122681392117,
            0.00019116956838147875
        ],
        "count": 1962
    }
}