{
    "screenscore": {
        "pearson": [
            0.05691936576559728,
            0.014082871310584534
        ],
        "spearman": [
            0.04388146651821542,
            0.05847144192706215
        ],
        "count": 1860
    }
}