{
    "selection_coefficient": {
        "pearson": [
            0.11107071257304127,
            3.487855363233133e-13
        ],
        "spearman": [
            0.11312050043404191,
            1.2707950673457238e-13
        ],
        "count": 4265
    }
}