{
    "1A7V": {
        "pearson": [
            -0.36566742925756923,
            0.21918330919907703
        ],
        "spearman": [
            -0.3168056098407474,
            0.29158888073138317
        ],
        "count": 13
    },
    "1BA3": {
        "pearson": [
            -0.8841452840923583,
            0.11585471590764174
        ],
        "spearman": [
            -0.19999999999999998,
            0.8
        ],
        "count": 4
    },
    "1BFM": {
        "pearson": [
            1.0,
            1.0
        ],
        "spearman": [
            0.9999999999999999,
            NaN
        ],
        "count": 2
    },
    "1D5G": {
        "pearson": [
            1.0,
            1.0
        ],
        "spearman": [
            0.9999999999999999,
            NaN
        ],
        "count": 2
    },
    "1DIV": {
        "pearson": [
            -0.8597381028927535,
            1.3033832521480883e-15
        ],
        "spearman": [
            -0.8318006120459309,
            7.313279332362022e-14
        ],
        "count": 50
    },
    "1EKG": {
        "pearson": [
            -0.6097484978304084,
            0.3902515021695916
        ],
        "spearman": [
            -0.39999999999999997,
            0.6
        ],
        "count": 4
    },
    "1FT8": {
        "pearson": [
            -0.8798793517270731,
            7.298888267353938e-05
        ],
        "spearman": [
            -0.9065934065934067,
            1.9296152005272254e-05
        ],
        "count": 13
    },
    "1FXA": {
        "pearson": [
            -0.773937252157559,
            0.0051834940148298946
        ],
        "spearman": [
            -0.8545454545454546,
            0.0008066741521648989
        ],
        "count": 11
    },
    "1G3P": {
        "pearson": [
            -0.3186289931991965,
            0.10526615861523626
        ],
        "spearman": [
            -0.38973739709233024,
            0.04447672253937314
        ],
        "count": 27
    },
    "1GUA": {
        "pearson": [
            -0.8797548045587683,
            8.702358367586852e-17
        ],
        "spearman": [
            -0.8798979591836733,
            8.475972131950415e-17
        ],
        "count": 49
    },
    "1H0X": {
        "pearson": [
            -1.0,
            1.0
        ],
        "spearman": [
            -0.9999999999999999,
            NaN
        ],
        "count": 2
    },
    "1HCQ": {
        "pearson": [
            1.0,
            1.0
        ],
        "spearman": [
            0.9999999999999999,
            NaN
        ],
        "count": 2
    },
    "1ITM": {
        "pearson": [
            0.684224471547683,
            0.5202817031620958
        ],
        "spearman": [
            0.5,
            0.6666666666666667
        ],
        "count": 3
    },
    "1IV7": {
        "pearson": [
            -0.9924345066963474,
            0.07835882792764422
        ],
        "spearman": [
            -1.0,
            0.0
        ],
        "count": 3
    },
    "1J8I": {
        "pearson": [
            -0.6696729900688737,
            0.1456519302122535
        ],
        "spearman": [
            -0.7356123579206245,
            0.09561078073827967
        ],
        "count": 6
    },
    "1JLV": {
        "pearson": [
            -0.842537435766815,
            0.3621217267241516
        ],
        "spearman": [
            -0.5,
            0.6666666666666667
        ],
        "count": 3
    },
    "1L6H": {
        "pearson": [
            -0.9237415498126911,
            0.2502294437363872
        ],
        "spearman": [
            -1.0,
            0.0
        ],
        "count": 3
    },
    "1LVM": {
        "pearson": [
            -0.5369007158812585,
            0.3508305712820709
        ],
        "spearman": [
            -0.6668859288553503,
            0.21889398131323154
        ],
        "count": 5
    },
    "1N18": {
        "pearson": [
            -0.8051601703547022,
            0.19483982964529778
        ],
        "spearman": [
            -0.6000000000000001,
            0.3999999999999999
        ],
        "count": 4
    },
    "1N88": {
        "pearson": [
            -0.5602791223577314,
            0.019323430902599706
        ],
        "spearman": [
            -0.45058394395830753,
            0.06950721458250053
        ],
        "count": 17
    },
    "1NM1": {
        "pearson": [
            -1.0,
            1.0
        ],
        "spearman": [
            -0.9999999999999999,
            NaN
        ],
        "count": 2
    },
    "1O1U": {
        "pearson": [
            -0.7552032604486213,
            0.08255338892612729
        ],
        "spearman": [
            -0.6982532518267538,
            0.12283946337339596
        ],
        "count": 6
    },
    "1O6X": {
        "pearson": [
            -0.37179996261456916,
            0.10649309506964859
        ],
        "spearman": [
            -0.2746426661601404,
            0.2412538657159824
        ],
        "count": 20
    },
    "1OSI": {
        "pearson": [
            -0.5202395711365171,
            0.4797604288634829
        ],
        "spearman": [
            -0.39999999999999997,
            0.6
        ],
        "count": 4
    },
    "1PFL": {
        "pearson": [
            -0.6201693420319387,
            0.2644103407571275
        ],
        "spearman": [
            -0.49999999999999994,
            0.39100221895577053
        ],
        "count": 5
    },
    "1PRG": {
        "pearson": [
            -0.50967012615978,
            0.24261070571995275
        ],
        "spearman": [
            -0.28571428571428575,
            0.5345092286010406
        ],
        "count": 7
    },
    "1R6R": {
        "pearson": [
            -0.8399987467479086,
            0.16000125325209136
        ],
        "spearman": [
            -0.6000000000000001,
            0.3999999999999999
        ],
        "count": 4
    },
    "1SPD": {
        "pearson": [
            1.0,
            1.0
        ],
        "spearman": [
            0.9999999999999999,
            NaN
        ],
        "count": 2
    },
    "1X0J": {
        "pearson": [
            -0.026551665316192543,
            0.9549403802192578
        ],
        "spearman": [
            -0.3214285714285715,
            0.4820720382996776
        ],
        "count": 7
    },
    "1XWS": {
        "pearson": [
            0.25582156228448977,
            0.7441784377155103
        ],
        "spearman": [
            0.19999999999999998,
            0.8
        ],
        "count": 4
    },
    "1XXN": {
        "pearson": [
            -0.8805034514167991,
            0.04868836348959204
        ],
        "spearman": [
            -0.8207826816681234,
            0.08858700531354378
        ],
        "count": 5
    },
    "1XZO": {
        "pearson": [
            -0.47364794873202193,
            0.526352051267978
        ],
        "spearman": [
            -0.39999999999999997,
            0.6
        ],
        "count": 4
    },
    "2BJD": {
        "pearson": [
            -0.9738616539811171,
            0.1458762923590569
        ],
        "spearman": [
            -0.5,
            0.6666666666666667
        ],
        "count": 3
    },
    "2C9Q": {
        "pearson": [
            -1.0,
            1.0
        ],
        "spearman": [
            -0.9999999999999999,
            NaN
        ],
        "count": 2
    },
    "2CLR": {
        "pearson": [
            -0.3871675694471359,
            0.6128324305528641
        ],
        "spearman": [
            -0.39999999999999997,
            0.6
        ],
        "count": 4
    },
    "2DVV": {
        "pearson": [
            -1.0,
            1.0
        ],
        "spearman": [
            -0.9999999999999999,
            NaN
        ],
        "count": 2
    },
    "2HBB": {
        "pearson": [
            -0.8429637523083304,
            2.0023383632586628e-13
        ],