{
    "1AMQ": {
        "pearson": [
            0.7144165280536832,
            0.28558347194631684
        ],
        "spearman": [
            0.7999999999999999,
            0.20000000000000007
        ],
        "count": 4
    },
    "1BNI": {
        "pearson": [
            -0.6071874212384982,
            0.027750047840181057
        ],
        "spearman": [
            -0.6804433533101272,
            0.010477704473221227
        ],
        "count": 13
    },
    "1CEY": {
        "pearson": [
            0.9260529883892373,
            0.2463591548837353
        ],
        "spearman": [
            1.0,
            0.0
        ],
        "count": 3
    },
    "1EY0": {
        "pearson": [
            -0.7140645665247561,
            1.9792568045613575e-05
        ],
        "spearman": [
            -0.5986582260274848,
            0.0007640171202378429
        ],
        "count": 28
    },
    "1IHB": {
        "pearson": [
            0.9987946964421553,
            0.031259855856541896
        ],
        "spearman": [
            1.0,
            0.0
        ],
        "count": 3
    },
    "1L63": {
        "pearson": [
            -0.5138891326284007,
            2.6563807270447145e-09
        ],
        "spearman": [
            -0.5367280144806195,
            3.727931455896259e-10
        ],
        "count": 118
    },
    "1LZ1": {
        "pearson": [
            -0.5570424174779105,
            2.574164469871956e-06
        ],
        "spearman": [
            -0.544338629577978,
            4.801835260190337e-06
        ],
        "count": 62
    },
    "1OH0": {
        "pearson": [
            -1.0,
            1.0
        ],
        "spearman": [
            -0.9999999999999999,
            NaN
        ],
        "count": 2
    },
    "1VQB": {
        "pearson": [
            -0.07432552740007377,
            0.9054530027080508
        ],
        "spearman": [
            -0.3,
            0.6238376647810728
        ],
        "count": 5
    },
    "2LZM": {
        "pearson": [
            -0.6935805998087053,
            1.5095836547292236e-10
        ],
        "spearman": [
            -0.7208538471898168,
            1.2774798940295599e-11
        ],
        "count": 65
    },
    "2RN2": {
        "pearson": [
            -0.48813956571581996,
            0.046816383417499906
        ],
        "spearman": [
            -0.6223904612267892,
            0.0076268296843141035
        ],
        "count": 17
    },
    "3ZCF": {
        "pearson": [
            -1.0,
            1.0
        ],
        "spearman": [
            -0.9999999999999999,
            NaN
        ],
        "count": 2
    },
    "4BVM": {
        "pearson": [
            -0.3662680348606703,
            0.7612706601462316
        ],
        "spearman": [
            -0.5,
            0.6666666666666667
        ],
        "count": 3
    },
    "4LYZ": {
        "pearson": [
            -0.4447536268431341,
            0.11106142272173114
        ],
        "spearman": [
            -0.567964469472905,
            0.03410582590460705
        ],
        "count": 14
    },
    "5PTI": {
        "pearson": [
            -0.6265887428934667,
            0.25801939945109703
        ],
        "spearman": [
            -0.6,
            0.28475697986529375
        ],
        "count": 5
    },
    "overall": {
        "pearson": [
            -0.5189388427975964,
            2.5675400792592225e-25
        ],
        "spearman": [
            -0.5484782879222182,
            1.2061264317649495e-28
        ],
        "count": 347
    }
}