{
    "fitness": {
        "pearson": [
            0.06577539253784981,
            0.010340798954585492
        ],
        "spearman": [
            0.07271843055131015,
            0.004574326176997958
        ],
        "count": 1519
    }
}