{
    "screenscore": {
        "pearson": [
            0.15584452475618923,
            2.9071483277371276e-16
        ],
        "spearman": [
            0.15913951868058662,
            6.699316916183848e-17
        ],
        "count": 2722
    }
}