{
    "screenscore": {
        "pearson": [
            0.13915009650036952,
            4.1162494169369543e-13
        ],
        "spearman": [
            0.1489878272044589,
            7.850539217250683e-15
        ],
        "count": 2692
    }
}