{
    "CRIPT": {
        "pearson": [
            0.5153011809922163,
            3.4382778716157056e-113
        ],
        "spearman": [
            0.4045718697160046,
            2.3452084357959646e-66
        ],
        "count": 1659
    },
    "Tm2F": {
        "pearson": [
            0.36909696967368155,
            1.0670777863711923e-54
        ],
        "spearman": [
            0.29176155384911195,
            6.496973831285129e-34
        ],
        "count": 1659
    }
}