{
    "1AMQ": {
        "pearson": [
            -0.8170376944217318,
            0.1829623055782683
        ],
        "spearman": [
            -0.39999999999999997,
            0.6
        ],
        "count": 4
    },
    "1BNI": {
        "pearson": [
            -0.685882040084009,
            0.00964660938801333
        ],
        "spearman": [
            -0.608817737172219,
            0.02722145871767689
        ],
        "count": 13
    },
    "1CEY": {
        "pearson": [
            0.6152734372702346,
            0.578091206504009
        ],
        "spearman": [
            0.5,
            0.6666666666666667
        ],
        "count": 3
    },
    "1EY0": {
        "pearson": [
            -0.670778886859399,
            9.367932876189392e-05
        ],
        "spearman": [
            -0.45762026335403794,
            0.014342143367409892
        ],
        "count": 28
    },
    "1IHB": {
        "pearson": [
            -0.865789860433892,
            0.33363311420016617
        ],
        "spearman": [
            -1.0,
            0.0
        ],
        "count": 3
    },
    "1L63": {
        "pearson": [
            -0.793609527332903,
            8.614866385715782e-27
        ],
        "spearman": [
            -0.8065827704813318,
            2.982951922261153e-28
        ],
        "count": 118
    },
    "1LZ1": {
        "pearson": [
            -0.665889524302825,
            3.5102793426293995e-09
        ],
        "spearman": [
            -0.6662145312883031,
            3.4277209289727054e-09
        ],
        "count": 62
    },
    "1OH0": {
        "pearson": [
            -1.0,
            1.0
        ],
        "spearman": [
            -0.9999999999999999,
            NaN
        ],
        "count": 2
    },
    "1VQB": {
        "pearson": [
            -0.11811166646450752,
            0.8499659439018246
        ],
        "spearman": [
            -0.19999999999999998,
            0.747060078104662
        ],
        "count": 5
    },
    "2LZM": {
        "pearson": [
            -0.8506091414730887,
            1.5753707003018318e-19
        ],
        "spearman": [
            -0.8631138650158154,
            1.1749622297831983e-20
        ],
        "count": 66
    },
    "2RN2": {
        "pearson": [
            -0.604047483010009,
            0.007934840882492895
        ],
        "spearman": [
            -0.6231914110482187,
            0.005727377243774444
        ],
        "count": 18
    },
    "3ZCF": {
        "pearson": [
            -1.0,
            1.0
        ],
        "spearman": [
            -0.9999999999999999,
            NaN
        ],
        "count": 2
    },
    "4BVM": {
        "pearson": [
            -0.150403161013493,
            0.8092252052166199
        ],
        "spearman": [
            0.3,
            0.6238376647810728
        ],
        "count": 5
    },
    "4LYZ": {
        "pearson": [
            -0.4885720745444253,
            0.07627937924532753
        ],
        "spearman": [
            -0.42873582520522796,
            0.12611263125836422
        ],
        "count": 14
    },
    "5PTI": {
        "pearson": [
            -0.1886854075814596,
            0.7611915104410915
        ],
        "spearman": [
            -0.6,
            0.28475697986529375
        ],
        "count": 5
    },
    "overall": {
        "pearson": [
            -0.739365951246415,
            4.30119604021299e-62
        ],
        "spearman": [
            -0.7569718370543183,
            1.1839878015359997e-66
        ],
        "count": 352
    }
}