{
    "fitness": {
        "pearson": [
            0.0781093801454906,
            0.0023159071559902765
        ],
        "spearman": [
            0.07892311509236655,
            0.002082219469124469
        ],
        "count": 1519
    }
}