{
    "fitness": {
        "pearson": [
            0.06892691233964977,
            0.00720178558818211
        ],
        "spearman": [
            0.05918519042499094,
            0.021064424715734317
        ],
        "count": 1519
    }
}