{
    "myoglobin": {
        "pearson": [
            -0.7723529847985405,
            1.740369276875321e-94
        ],
        "spearman": [
            -0.8139453208258761,
            1.0793227451959204e-112
        ],
        "precision": 0.8564356435643564,
        "recall": 0.8160377358490566,
        "auroc": 0.9193378014132731,
        "accuracy": 0.8556263269639066,
        "count": 471,
        "num_stabilizing": 212,
        "num_destabilizing": 259
    },
    "p53": {
        "pearson": [
            -0.748591943546582,
            3.2841492923543776e-11
        ],
        "spearman": [
            -0.6311202278872114,
            1.8432951434279388e-07
        ],
        "precision": 0.631578947368421,
        "recall": 0.631578947368421,
        "auroc": 0.802275960170697,
        "accuracy": 0.75,
        "count": 56,
        "num_stabilizing": 19,
        "num_destabilizing": 37
    },
    "s669": {
        "pearson": [
            -0.5016416908772803,
            2.4084274040196492e-83
        ],
        "spearman": [
            -0.4954094524277227,
            5.07290006188309e-81
        ],
        "precision": 0.5882352941176471,
        "recall": 0.5725971370143149,
        "auroc": 0.7271973466003316,
        "accuracy": 0.6867749419953596,
        "count": 1293,
        "num_stabilizing": 489,
        "num_destabilizing": 804
    },
    "ssym": {
        "pearson": [
            -0.711515741512622,
            8.0570193676510035e-286
        ],
        "spearman": [
            -0.706201490650744,
            9.84109985099553e-280
        ],
        "precision": 0.7325870646766169,
        "recall": 0.7446270543615676,
        "auroc": 0.8441777251382483,
        "accuracy": 0.7748380129589633,
        "count": 1852,
        "num_stabilizing": 791,
        "num_destabilizing": 1061
    },
    "t2226": {
        "pearson": [
            -0.7029665546216927,
            0.0
        ],
        "spearman": [
            -0.7110601138572719,
            0.0
        ],
        "precision": 0.7354304635761589,
        "recall": 0.7473082099596231,
        "auroc": 0.8516283954628039,
        "accuracy": 0.7749382895310004,
        "count": 6887,
        "num_stabilizing": 2972,
        "num_destabilizing": 3915
    },
    "overall": {
        "pearson": [
            -0.6899666386695072,
            0.0
        ],
        "spearman": [
            -0.6937054915790937,
            0.0
        ],
        "precision": 0.7243972572439725,
        "recall": 0.7305375864376533,
        "auroc": 0.8411498996207896,
        "accuracy": 0.7675916279950753,
        "count": 10559,
        "num_stabilizing": 4483,
        "num_destabilizing": 6076
    }
}