{
    "linear": {
        "pearson": [
            0.5740074381041499,
            0.0
        ],
        "spearman": [
            0.5726732536789557,
            0.0
        ],
        "count": 5468
    }
}