{
    "acetamide_normalized_fitness": {
        "pearson": [
            0.2613645166954709,
            1.1076343675500385e-103
        ],
        "spearman": [
            0.3493599023978634,
            4.661020935399951e-189
        ],
        "count": 6610
    },
    "isobutyramide_normalized_fitness": {
        "pearson": [
            0.49829262672490005,
            0.0
        ],
        "spearman": [
            0.4815345296318621,
            0.0
        ],
        "count": 6548
    },
    "propionamide_normalized_fitness": {
        "pearson": [
            0.33309552992621844,
            4.91016431959736e-171
        ],
        "spearman": [
            0.35899437889609426,
            2.685514390394051e-200
        ],
        "count": 6611
    }
}