{
    "linear": {
        "pearson": [
            0.5986299083029466,
            0.0
        ],
        "spearman": [
            0.6123821928854014,
            0.0
        ],
        "count": 5468
    }
}