{
    "linear": {
        "pearson": [
            0.622454035045851,
            0.0
        ],
        "spearman": [
            0.642127024136159,
            0.0
        ],
        "count": 5468
    }
}