{
    "linear": {
        "pearson": [
            0.5093796270109959,
            0.0
        ],
        "spearman": [
            0.49966806530020796,
            0.0
        ],
        "count": 5468
    }
}