{
    "NONSEL_24h": {
        "pearson": [
            -0.1717281537286811,
            1.2718837907828307e-08
        ],
        "spearman": [
            -0.19767125221763698,
            5.1845621248568575e-11
        ],
        "count": 1084
    },
    "SEL_A_24h": {
        "pearson": [
            0.3214679918911519,
            1.759459280173339e-27
        ],
        "spearman": [
            0.2867200525230547,
            5.8540185774593755e-22
        ],
        "count": 1084
    },
    "SEL_A_40h": {
        "pearson": [
            0.3086407650556287,
            2.350426807887622e-25
        ],
        "spearman": [
            0.27715843641038707,
            1.4389964284473892e-20
        ],
        "count": 1084
    },
    "SEL_B_40h": {
        "pearson": [
            0.25807984355666114,
            5.9278276069962366e-18
        ],
        "spearman": [
            0.2349046433934546,
            4.688451511554941e-15
        ],
        "count": 1084
    },
    "SEL_C_40h": {
        "pearson": [
            0.255036294455531,
            1.4814658448268857e-17
        ],
        "spearman": [
            0.23842887625319603,
            1.7765162520859386e-15
        ],
        "count": 1084
    },
    "SEL_C_64h": {
        "pearson": [
            0.2486794325725239,
            9.652748799382002e-17
        ],
        "spearman": [
            0.23138128066163605,
            1.2178068986055679e-14
        ],
        "count": 1084
    }
}