{
    "Overall": {
        "all_types_of_mutations": {
            "Pr": -0.33156210859588575,
            "Pr_pval": 1.1975770424054374e-146,
            "Sr": -0.34912852533421124,
            "Sr_pval": 1.9184754151586213e-163,
            "num": 5713.0,
            "num_struc": 331.0
        },
        "single_point_mutations": {
            "Pr": -0.40111300380864157,
            "Pr_pval": 1.4659723923779128e-158,
            "Sr": -0.35224676239832164,
            "Sr_pval": 3.0691136178863316e-120,
            "num": 4106.0,
            "num_struc": 308.0
        },
        "multi_point_mutations": {
            "Pr": -0.34096534295487446,
            "Pr_pval": 4.907434087548119e-45,
            "Sr": -0.3889705038896623,
            "Sr_pval": 3.4179214365533126e-59,
            "num": 1607.0,
            "num_struc": 142.0
        }
    },
    "Per-Structure": {
        "all_types_of_mutations": {
            "Pr": -0.30833404471281367,
            "Pr_std": 0.26862103217667077,
            "Pr_pval": 5.844816895278896e-117,
            "Sr": -0.3005936047726554,
            "Sr_std": 0.264305506082928,
            "Sr_pval": 2.0810396179365566e-109,
            "num": 5025.0,
            "num_struc": 116.0
        },
        "single_point_mutations": {
            "Pr": -0.34532507862600753,
            "Pr_std": 0.28082466190666494,
            "Pr_pval": 1.0887423453084948e-120,
            "Sr": -0.30718262764368787,
            "Sr_std": 0.26875015573495836,
            "Sr_pval": 4.939356476355576e-77,
            "num": 3485.0,
            "num_struc": 93.0
        },
        "multi_point_mutations": {
            "Pr": -0.3026514026430904,
            "Pr_std": 0.2875260866358012,
            "Pr_pval": 5.21844648596242e-31,
            "Sr": -0.3099452218956033,
            "Sr_std": 0.28789561983412426,
            "Sr_pval": 2.2399243612770536e-31,
            "num": 1304.0,
            "num_struc": 41.0
        }
    }
}