{
    "Overall": {
        "all_types_of_mutations": {
            "Pr": -0.33156210859588575,
            "Pr_pval": 1.1975770424054374e-146,
            "Sr": -0.34912852533421124,
            "Sr_pval": 1.9184754151586213e-163,
            "precision": 0.3669642857142857,
            "recall": 0.328537170263789,
            "f1": 0.34668916069169126,
            "auroc": 0.5848199074089002,
            "accuracy": 0.7288639943987397,
            "num": 5713.0,
            "num_struc": 331.0
        },
        "single_point_mutations": {
            "Pr": -0.40111300380864157,
            "Pr_pval": 1.4659723923779128e-158,
            "Sr": -0.35224676239832164,
            "Sr_pval": 3.0691136178863316e-120,
            "precision": 0.3672566371681416,
            "recall": 0.3764172335600907,
            "f1": 0.3717805151175812,
            "auroc": 0.5994989393606905,
            "accuracy": 0.7267413541159279,
            "num": 4106.0,
            "num_struc": 308.0
        },
        "multi_point_mutations": {
            "Pr": -0.34096534295487446,
            "Pr_pval": 4.907434087548119e-45,
            "Sr": -0.3889705038896623,
            "Sr_pval": 3.4179214365533126e-59,
            "precision": 0.36574074074074076,
            "recall": 0.2140921409214092,
            "f1": 0.27008547008547007,
            "auroc": 0.5517148911392183,
            "accuracy": 0.7342874922215308,
            "num": 1607.0,
            "num_struc": 142.0
        }
    },
    "Per-Structure": {
        "all_types_of_mutations": {
            "Pr": -0.30833404471281367,
            "Pr_std": 0.26862103217667077,
            "Pr_pval": 5.8448168952788946e-117,
            "Sr": -0.3005936047726554,
            "Sr_std": 0.264305506082928,
            "Sr_pval": 0.28431216878374604,
            "precision": 0.27602217445715616,
            "recall": 0.2501625225324848,
            "f1": 0.6000743171326582,
            "auroc": 0.7459720984234433,
            "accuracy": 2.0810396179365566e-109,
            "num": 5025.0,
            "num_struc": 116.0
        },
        "single_point_mutations": {
            "Pr": -0.34532507862600753,
            "Pr_std": 0.28082466190666494,
            "Pr_pval": 1.0887423453084948e-120,
            "Sr": -0.30718262764368787,
            "Sr_std": 0.26875015573495836,
            "Sr_pval": 0.30001394922872765,
            "precision": 0.30194663343982414,
            "recall": 0.27905149032182325,
            "f1": 0.6045188856635747,
            "auroc": 0.7479496452192956,
            "accuracy": 4.939356476355576e-77,
            "num": 3485.0,
            "num_struc": 93.0
        },
        "multi_point_mutations": {
            "Pr": -0.3026514026430904,
            "Pr_std": 0.2875260866358012,
            "Pr_pval": 5.21844648596242e-31,
            "Sr": -0.3099452218956033,
            "Sr_std": 0.28789561983412426,
            "Sr_pval": 0.21202090592334497,
            "precision": 0.18028213317847464,
            "recall": 0.1563957507889691,
            "f1": 0.5271045771295622,
            "auroc": 0.7118667038815941,
            "accuracy": 2.2399243612770536e-31,
            "num": 1304.0,
            "num_struc": 41.0
        }
    }
}