{
    "attenuated": {
        "pearson": [
            0.08037758031686094,
            6.630908673680557e-06
        ],
        "spearman": [
            0.06143489636745751,
            0.0005792782413486513
        ],
        "count": 3134
    },
    "regulated": {
        "pearson": [
            0.40979435116032953,
            3.2354812996837574e-127
        ],
        "spearman": [
            0.34839317054824936,
            4.0283606851949535e-90
        ],
        "count": 3134
    },
    "unregulated": {
        "pearson": [
            0.38814612881318417,
            3.221368990389867e-113
        ],
        "spearman": [
            0.3303843899100759,
            1.0589973688975925e-80
        ],
        "count": 3134
    }
}