{
    "attenuated": {
        "pearson": [
            0.11847601738271603,
            2.865161318125158e-11
        ],
        "spearman": [
            0.10030982903782569,
            1.8282218913600556e-08
        ],
        "count": 3134
    },
    "regulated": {
        "pearson": [
            0.4302961569883503,
            1.8334054060059156e-141
        ],
        "spearman": [
            0.36309575780519315,
            2.763508088277671e-98
        ],
        "count": 3134
    },
    "unregulated": {
        "pearson": [
            0.4309218397826769,
            6.497314251206421e-142
        ],
        "spearman": [
            0.36889616188055124,
            1.2598344003355577e-101
        ],
        "count": 3134
    }
}