{
    "attenuated": {
        "pearson": [
            0.0843911038279815,
            2.965580050432105e-06
        ],
        "spearman": [
            0.04892402843776534,
            0.006810452910685118
        ],
        "count": 3058
    },
    "regulated": {
        "pearson": [
            0.4497249297112515,
            3.5993381833924667e-152
        ],
        "spearman": [
            0.3760163895609482,
            2.6592372829233546e-103
        ],
        "count": 3058
    },
    "unregulated": {
        "pearson": [
            0.43921550895555656,
            1.9615804443262944e-144
        ],
        "spearman": [
            0.36501723913873463,
            5.098048591377497e-97
        ],
        "count": 3058
    }
}