{
    "1A7V": {
        "pearson": [
            -0.281692489058641,
            0.3511321580573885
        ],
        "spearman": [
            -0.1790640403447703,
            0.5583224670118883
        ],
        "count": 13
    },
    "1BA3": {
        "pearson": [
            -0.8330345210356742,
            0.1669654789643258
        ],
        "spearman": [
            -0.19999999999999998,
            0.8
        ],
        "count": 4
    },
    "1BFM": {
        "pearson": [
            1.0,
            1.0
        ],
        "spearman": [
            0.9999999999999999,
            NaN
        ],
        "count": 2
    },
    "1D5G": {
        "pearson": [
            1.0,
            1.0
        ],
        "spearman": [
            0.9999999999999999,
            NaN
        ],
        "count": 2
    },
    "1DIV": {
        "pearson": [
            -0.7951545774461566,
            5.325524177260245e-12
        ],
        "spearman": [
            -0.7587101131409077,
            1.7313747813708222e-10
        ],
        "count": 50
    },
    "1EKG": {
        "pearson": [
            0.6297515003303646,
            0.37024849966963536
        ],
        "spearman": [
            0.39999999999999997,
            0.6
        ],
        "count": 4
    },
    "1FT8": {
        "pearson": [
            -0.7384465358533518,
            0.003942336323425765
        ],
        "spearman": [
            -0.7472527472527472,
            0.003326741383429984
        ],
        "count": 13
    },
    "1FXA": {
        "pearson": [
            0.029464374287400882,
            0.9314702001366627
        ],
        "spearman": [
            0.03636363636363637,
            0.9154683168905347
        ],
        "count": 11
    },
    "1G3P": {
        "pearson": [
            0.20404322017964496,
            0.30732006878874985
        ],
        "spearman": [
            -0.19395238805143392,
            0.3323631882065258
        ],
        "count": 27
    },
    "1GUA": {
        "pearson": [
            -0.644828823183263,
            5.709050783961645e-07
        ],
        "spearman": [
            -0.6411224489795917,
            6.946675585175911e-07
        ],
        "count": 49
    },
    "1H0X": {
        "pearson": [
            1.0,
            1.0
        ],
        "spearman": [
            0.9999999999999999,
            NaN
        ],
        "count": 2
    },
    "1HCQ": {
        "pearson": [
            1.0,
            1.0
        ],
        "spearman": [
            0.9999999999999999,
            NaN
        ],
        "count": 2
    },
    "1ITM": {
        "pearson": [
            -0.5164622432670208,
            0.6544972940354269
        ],
        "spearman": [
            -0.5,
            0.6666666666666667
        ],
        "count": 3
    },
    "1IV7": {
        "pearson": [
            -0.6584026464646118,
            0.5424648553619559
        ],
        "spearman": [
            -0.5,
            0.6666666666666667
        ],
        "count": 3
    },
    "1J8I": {
        "pearson": [
            0.27499909044656523,
            0.5978996986530257
        ],
        "spearman": [
            0.5002164033860248,
            0.3122565813186083
        ],
        "count": 6
    },
    "1JLV": {
        "pearson": [
            0.7592077541341408,
            0.45117327847806105
        ],
        "spearman": [
            0.5,
            0.6666666666666667
        ],
        "count": 3
    },
    "1L6H": {
        "pearson": [
            0.8247296969124809,
            0.3826544854653576
        ],
        "spearman": [
            0.5,
            0.6666666666666667
        ],
        "count": 3
    },
    "1LVM": {
        "pearson": [
            -0.03682261244990306,
            0.953126590885687
        ],
        "spearman": [
            -0.30779350562554625,
            0.614384002810333
        ],
        "count": 5
    },
    "1N18": {
        "pearson": [
            -0.44647873639124036,
            0.5535212636087596
        ],
        "spearman": [
            -0.19999999999999998,
            0.8
        ],
        "count": 4
    },
    "1N88": {
        "pearson": [
            -0.3439492790458829,
            0.17643980870337095
        ],
        "spearman": [
            -0.31675928485352406,
            0.215434934918367
        ],
        "count": 17
    },
    "1NM1": {
        "pearson": [
            1.0,
            1.0
        ],
        "spearman": [
            0.9999999999999999,
            NaN
        ],
        "count": 2
    },
    "1O1U": {
        "pearson": [
            -0.44075954954816415,
            0.3816736298498791
        ],
        "spearman": [
            -0.3946648814672956,
            0.43873925151701676
        ],
        "count": 6
    },
    "1O6X": {
        "pearson": [
            0.0346283311927075,
            0.8847630772163637
        ],
        "spearman": [
            -0.024078261142806826,
            0.9197395625374538
        ],
        "count": 20
    },
    "1OSI": {
        "pearson": [
            -0.6806241329887787,
            0.31937586701122145
        ],
        "spearman": [
            -0.7999999999999999,
            0.20000000000000007
        ],
        "count": 4
    },
    "1PFL": {
        "pearson": [
            -0.5319339142438537,
            0.35617567596413907
        ],
        "spearman": [
            -0.49999999999999994,
            0.39100221895577053
        ],
        "count": 5
    },
    "1PRG": {
        "pearson": [
            -0.41321272364497447,
            0.3568296241726588
        ],
        "spearman": [
            -0.28571428571428575,
            0.5345092286010406
        ],
        "count": 7
    },
    "1R6R": {
        "pearson": [
            -0.9481606272392816,
            0.05183937276071848
        ],
        "spearman": [
            -1.0,
            0.0
        ],
        "count": 4
    },
    "1SPD": {
        "pearson": [
            1.0,
            1.0
        ],
        "spearman": [
            0.9999999999999999,
            NaN
        ],
        "count": 2
    },
    "1X0J": {
        "pearson": [
            0.13106668553270764,
            0.779400503803751
        ],
        "spearman": [
            -0.1785714285714286,
            0.7016579425162729
        ],
        "count": 7
    },
    "1XWS": {
        "pearson": [
            -0.14239447232936803,
            0.857605527670632
        ],
        "spearman": [
            -0.19999999999999998,
            0.8
        ],
        "count": 4
    },
    "1XXN": {
        "pearson": [
            0.002400594088014015,
            0.9969434716120082
        ],
        "spearman": [
            0.05129891760425771,
            0.934712848108234
        ],
        "count": 5
    },
    "1XZO": {
        "pearson": [
            0.4259397793343995,
            0.5740602206656005
        ],
        "spearman": [
            0.19999999999999998,
            0.8
        ],
        "count": 4
    },
    "2BJD": {
        "pearson": [
            -0.8513121923087963,
            0.351614680470919
        ],
        "spearman": [
            -1.0,
            0.0
        ],
        "count": 3
    },
    "2C9Q": {
        "pearson": [
            -1.0,
            1.0
        ],
        "spearman": [
            -0.9999999999999999,
            NaN
        ],
        "count": 2
    },
    "2CLR": {
        "pearson": [
            -0.8217125440879182,
            0.17828745591208195
        ],
        "spearman": [
            -0.39999999999999997,
            0.6
        ],
        "count": 4
    },
    "2DVV": {
        "pearson": [
            -1.0,
            1.0
        ],
        "spearman": [
            -0.9999999999999999,
            NaN
        ],
        "count": 2
    },
    "2HBB": {
        "pearson": [
            -0.512678533113956,
            0.0002696812514813161
        ],