{
    "selection_coefficient": {
        "pearson": [
            0.12330218569258773,
            6.424621384143297e-16
        ],
        "spearman": [
            0.11415920675789977,
            7.565600283994215e-14
        ],
        "count": 4265
    }
}