{
    "myoglobin": {
        "pearson": [
            -0.6727200079601053,
            3.34159032558045e-16
        ],
        "spearman": [
            -0.7835337520568869,
            1.1018624191635814e-24
        ],
        "precision": 0.7272727272727273,
        "recall": 0.5,
        "auroc": 0.8831018518518519,
        "accuracy": 0.8053097345132744,
        "count": 113,
        "num_stabilizing": 32,
        "num_destabilizing": 81
    },
    "p53": {
        "pearson": [
            -0.6803680874097249,
            7.165492767726997e-07
        ],
        "spearman": [
            -0.6240680733619441,
            1.0052127768975114e-05
        ],
        "precision": 0.5555555555555556,
        "recall": 0.45454545454545453,
        "auroc": 0.7947214076246334,
        "accuracy": 0.7619047619047619,
        "count": 42,
        "num_stabilizing": 11,
        "num_destabilizing": 31
    },
    "s669": {
        "pearson": [
            -0.489134302155513,
            2.1295952514246746e-36
        ],
        "spearman": [
            -0.5162222923950882,
            5.082033230876939e-41
        ],
        "precision": 0.5048543689320388,
        "recall": 0.37681159420289856,
        "auroc": 0.7617326168376485,
        "accuracy": 0.7650085763293311,
        "count": 583,
        "num_stabilizing": 138,
        "num_destabilizing": 445
    },
    "ssym": {
        "pearson": [
            -0.6773986186876205,
            7.360927749702191e-47
        ],
        "spearman": [
            -0.6765364099157615,
            1.0596827714410451e-46
        ],
        "precision": 0.6153846153846154,
        "recall": 0.6511627906976745,
        "auroc": 0.8428623954407575,
        "accuracy": 0.8082595870206489,
        "count": 339,
        "num_stabilizing": 86,
        "num_destabilizing": 253
    },
    "t2226": {
        "pearson": [
            -0.5637845036322132,
            9.771411203855917e-139
        ],
        "spearman": [
            -0.5804745528809031,
            6.922827698906816e-149
        ],
        "precision": 0.3883495145631068,
        "recall": 0.425531914893617,
        "auroc": 0.7734474116594912,
        "accuracy": 0.7867557715674363,
        "count": 1646,
        "num_stabilizing": 282,
        "num_destabilizing": 1364
    },
    "overall": {
        "pearson": [
            -0.5650310859555432,
            1.5959938750234838e-229
        ],
        "spearman": [
            -0.5834817098518543,
            3.190937004114541e-248
        ],
        "precision": 0.46629213483146065,
        "recall": 0.453551912568306,
        "auroc": 0.7862463825672839,
        "accuracy": 0.7851634226955564,
        "count": 2723,
        "num_stabilizing": 549,
        "num_destabilizing": 2174
    }
}