{
    "screenscore": {
        "pearson": [
            0.4891943830708197,
            1.100986476346341e-87
        ],
        "spearman": [
            0.49254340357414295,
            4.824409284798728e-89
        ],
        "count": 1443
    }
}