{
    "screenscore": {
        "pearson": [
            0.5001966800216329,
            1.229229448627584e-114
        ],
        "spearman": [
            0.4773135806101377,
            3.921080222600263e-103
        ],
        "count": 1801
    }
}