{
    "screenscore": {
        "pearson": [
            0.38502508865162577,
            8.304251298977722e-28
        ],
        "spearman": [
            0.40524671599041967,
            6.813941002695034e-31
        ],
        "count": 747
    }
}