{
    "screenscore": {
        "pearson": [
            0.23431987255454917,
            6.31965188514497e-44
        ],
        "spearman": [
            0.23178878328095234,
            5.3996697937489286e-43
        ],
        "count": 3424
    }
}