{
    "screenscore": {
        "pearson": [
            0.22858634425574326,
            2.507340614049528e-38
        ],
        "spearman": [
            0.23978482678331928,
            4.123058316294995e-42
        ],
        "count": 3125
    }
}