label,mutation,chain,pdb,delta_logit,perc_bucket,rank_wt,rank_mt,logit_G,logit_A,logit_C,logit_S,logit_P,logit_T,logit_V,logit_D,logit_I,logit_L,logit_N,logit_M,logit_Q,logit_K,logit_E,logit_H,logit_F,logit_R,logit_Y,logit_W
SC.10,A259W,A,1OAN,-0.29058399999999995,60th - 70th,1,4,-1.6635319,-1.0326483,-1.3086593,-1.3912399,-3.065495,-1.7095248,-1.7147229,-1.8181984,-1.6607323,-1.4049237,-1.8519261,-1.2941978,-1.5372527,-1.842063,-1.5688899,-1.6421795,-1.5023048,-1.7737627,-1.4361733,-1.3232323
SC.10,T262R,A,1OAN,0.3509755000000001,97.5th - 99th,16,2,-1.6660475,-1.1631488,-1.3606818,-1.3792942,-3.2757194,-1.5339882,-1.5771621,-1.6350546,-1.436957,-1.2481306,-1.4207708,-1.1851861,-1.2464988,-1.2470963,-1.445159,-1.3021289,-1.384233,-1.1830127,-1.3286822,-1.403196
SC.10,S29K,A,1OAN,-0.053950900000000024,70th - 75th,9,11,-1.453255,-1.3007772,-1.319605,-1.562659,-2.3012938,-1.5897415,-1.3509518,-2.2094858,-1.3272612,-1.3149252,-1.8852886,-1.3826522,-1.7604936,-1.6166099,-2.054522,-1.7460998,-1.5455663,-1.6394478,-1.6325161,-1.6247181
SC.10,T33V,A,1OAN,2.29685522,≥ 99th,10,1,-3.082192,-1.9995916,-1.4651294,-2.9024103,-3.042265,-2.2412677,0.05558752,-3.2215781,-0.20453294,-1.1427562,-3.2584567,-1.8736384,-3.130995,-3.006639,-3.2437425,-2.9278216,-1.9237099,-2.8644707,-2.1846566,-2.109704
SC.10,A35M,A,1OAN,-0.4792444,≤ 50th,1,3,-1.730233,-1.0290228,-1.1943823,-1.6211771,-2.4189363,-2.0189981,-1.5893472,-2.2485967,-1.6251364,-1.5945302,-2.1767929,-1.5082672,-2.062042,-2.3000798,-2.1659706,-1.8980024,-1.5760362,-2.2976983,-1.6350034,-1.6242958
SC.10,G106D,A,1OAN,0.17979999999999996,97.5th - 99th,11,2,-1.4016469,-1.3514996,-1.1931483,-1.3777725,-1.6717961,-1.4083109,-1.5827022,-1.2218469,-1.5654747,-1.4156541,-1.3198497,-1.4104506,-1.4024808,-1.4107381,-1.3205363,-1.3524194,-1.3649237,-1.426052,-1.3461198,-1.3434165
SC.10,T280P,A,1OAN,-1.2298945000000001,60th - 70th,2,20,-1.5893134,-1.5305951,-1.1772395,-1.4374807,-2.5677142,-1.3378197,-1.5206267,-1.573218,-1.4906917,-1.4634581,-1.408331,-1.4140098,-1.4620793,-1.3902402,-1.5802628,-1.3538715,-1.3699504,-1.40921,-1.3417337,-1.3486818
SC.10,F279W,A,1OAN,0.0027757299999999763,85th - 90th,3,2,-2.8517146,-2.3719227,-1.629667,-2.7661557,-2.6894927,-2.3915162,-1.5086172,-3.0143757,-0.929928,-0.8578933,-2.82174,-1.1461065,-2.6260033,-2.6267493,-2.7825007,-2.4429529,-0.89983976,-2.2928722,-1.2416872,-0.89706403
