label,mutation,chain,pdb,delta_logit,rank_wt,rank_mt,logit_G,logit_A,logit_C,logit_S,logit_P,logit_T,logit_V,logit_D,logit_I,logit_L,logit_N,logit_M,logit_Q,logit_K,logit_E,logit_H,logit_F,logit_R,logit_Y,logit_W
SC.10,A259W,A,1OAN,-16.3141996,1,20,4.03199,7.2591186,-2.6298995,4.758877,-3.1924868,-1.1948531,-4.6925464,-1.6669405,-8.283095,-6.6830816,-2.2039454,-7.0154967,-5.2062464,-5.8927984,-4.4941187,-6.057551,-7.586423,-6.336414,-7.9417143,-9.055081
SC.10,T262R,A,1OAN,-2.5212403599999997,6,14,0.72706777,4.280242,-2.4132504,2.6858532,-5.1907334,-0.35558024,-4.020333,0.6985954,-6.1958227,-3.5110927,0.89642715,-4.304717,-1.7840512,-1.548239,-1.2075784,-0.5583068,-2.8213894,-2.8768206,-2.6011567,-4.1921444
SC.10,S29K,A,1OAN,-5.8687317,2,10,3.6072044,2.8260176,-1.1367799,3.1852052,-2.7236927,0.15735574,-2.1074255,-0.5864107,-4.7102365,-3.5823026,0.3107579,-5.275333,-3.0297856,-2.6835265,-2.3140743,-3.406479,-5.95658,-3.4145038,-6.380509,-7.6663504
SC.10,T33V,A,1OAN,1.870899,2,1,-5.342201,1.2766314,3.391636,-0.9740675,-5.5681286,3.9358,5.806699,-3.9818683,-1.308649,-2.6091008,-2.0290625,-5.8325224,-4.6814446,-6.4655395,-3.9410846,-7.956726,-9.247668,-6.9495516,-10.288308,-11.414371
SC.10,A35M,A,1OAN,-11.2146063,1,13,0.9395668,6.1043596,1.179168,2.7124484,-3.521408,-2.5066924,-3.3198402,-1.8305699,-5.916397,-4.564962,-1.8849865,-5.1102467,-4.1633816,-5.811969,-3.5004869,-6.0064793,-7.5652742,-6.3132925,-7.8012023,-9.301636
SC.10,G106D,A,1OAN,-0.21110149999999983,3,4,2.4039783,3.1878111,-2.7217107,3.477073,-1.5260503,0.30914742,-2.819002,2.1928768,-5.196332,-4.178678,0.69024867,-4.5626836,-1.6844685,-0.6135089,0.27970478,-4.081174,-6.1710677,-1.4866793,-5.9939747,-7.283328
SC.10,T280P,A,1OAN,-7.31542386,6,20,-4.421666,-2.0278027,-2.0840306,-0.25177294,-6.91796,0.39746386,-1.5337145,1.9619017,-3.263062,-1.6175535,1.7906153,-2.1286268,0.417561,0.92617095,0.68799776,0.1410617,-2.4987755,-0.16442685,-2.4595416,-3.4563587
SC.10,F279W,A,1OAN,-0.3422337,8,9,-8.816574,-7.376809,-4.8925753,-7.0046873,-5.2389383,-3.546072,-2.5978236,-4.431363,0.59632707,0.37332162,-3.6389363,2.6637888,0.6099427,-0.53740966,0.6136226,-3.1399887,-1.2607635,-0.0059915544,-1.6954056,-1.6029972
