label,mutation,chain,pdb,delta_logit,rank_wt,rank_mt,logit_G,logit_A,logit_C,logit_S,logit_P,logit_T,logit_V,logit_D,logit_I,logit_L,logit_N,logit_M,logit_Q,logit_K,logit_E,logit_H,logit_F,logit_R,logit_Y,logit_W
SC.10,A259W,A,1OAN,0.07904100000000014,3,1,4.918815,5.9310164,5.740226,5.324547,4.230161,5.1839027,5.6232457,5.0060663,5.639531,5.9509487,4.9869123,5.7566667,5.354902,5.2953296,5.3073683,5.2702203,5.830947,5.4267054,5.8033166,6.0100574
SC.10,T262R,A,1OAN,0.22669770000000078,16,8,5.1063995,5.6753035,5.746439,5.4257865,4.078908,5.38958,5.6442957,5.0951796,5.855376,5.9346647,5.3157263,5.8499794,5.6259775,5.5223126,5.410584,5.428526,5.5395937,5.6162777,5.504031,5.514083
SC.10,S29K,A,1OAN,-0.19136669999999967,6,11,5.2622733,5.734987,5.7619133,5.5658584,4.332944,5.6242347,5.9250813,4.4513955,5.7312717,5.461564,4.8492527,5.5438523,5.3386474,5.3744917,4.86049,5.200616,5.5303674,5.335713,5.378703,5.22548
SC.10,T33V,A,1OAN,2.2886247000000006,8,1,4.63083,5.4904466,6.0374823,4.418078,4.1703916,4.996707,7.2853317,4.121195,6.8868766,6.6141624,4.1421165,5.827984,4.212985,4.1797237,4.1745815,4.340416,5.3897953,4.335693,4.9469576,4.874275
SC.10,A35M,A,1OAN,-0.31768459999999976,5,9,5.298045,5.7658033,6.000971,5.325791,4.7685404,5.319476,6.0135174,4.5584164,5.7546167,5.8067966,4.703819,5.4481187,4.8452873,4.7182174,4.535029,5.1379023,5.8305955,4.7851343,5.5609217,5.499548
SC.10,G106D,A,1OAN,0.25910550000000043,18,2,5.3873725,5.522813,5.701052,5.563271,5.6243377,5.518267,5.2734804,5.646478,5.267638,5.5101175,5.587189,5.507821,5.401733,5.419192,5.482377,5.533246,5.5349846,5.461165,5.515563,5.6036253
SC.10,T280P,A,1OAN,-0.12745500000000032,7,16,5.23355,5.429725,5.822089,5.5270386,5.429765,5.55722,5.5308166,5.3283014,5.5318365,5.4991627,5.4814982,5.4839144,5.4771028,5.632104,5.397895,5.5905757,5.586058,5.6048403,5.574087,5.540946
SC.10,F279W,A,1OAN,-0.5279014999999996,1,5,4.6889153,5.110869,5.8789434,4.797492,4.679088,5.1273246,5.8629885,4.4604216,6.2352495,6.3021917,4.546983,6.1521125,4.7776794,4.6347933,4.57025,5.068247,6.7493415,4.749856,6.2255425,6.22144
