label,mutation,chain,pdb,delta_logit,perc_bucket,rank_wt,rank_mt,logit_G,logit_A,logit_C,logit_S,logit_P,logit_T,logit_V,logit_D,logit_I,logit_L,logit_N,logit_M,logit_Q,logit_K,logit_E,logit_H,logit_F,logit_R,logit_Y,logit_W
SC.10,A259W,A,1OAN,-0.3419862,60th - 70th,2,7,2.2500246,3.2097669,2.80891,2.7023015,1.6180302,2.5389838,2.8236585,2.4727764,3.010473,3.2205036,2.291215,3.0233634,2.7526343,2.4724503,2.8117225,2.576382,2.9828365,2.535644,2.9065318,2.8677807
SC.10,T262R,A,1OAN,0.32667350000000006,95th - 97.5th,17,4,2.3198109,3.0122895,2.8857138,2.7963042,1.0623624,2.721457,2.829764,2.5672565,3.0723102,3.219035,2.8321528,3.1342418,2.9648292,2.9418073,2.8215961,2.8590457,2.7993813,3.0481305,2.7439256,2.7480543
SC.10,S29K,A,1OAN,-0.2066817000000003,≤ 50th,8,14,2.49715,3.0149486,2.96819,2.796781,1.6253532,2.86469,3.14111,1.7857313,3.0654552,3.0076327,2.2181597,2.9680629,2.6448581,2.5900993,2.1678245,2.4785244,2.744096,2.6149824,2.6676643,2.6559622
SC.10,T33V,A,1OAN,2.5976824,≥ 99th,9,1,1.276879,2.310144,2.9944801,1.4573565,1.2167631,2.1533716,4.751054,1.1200687,4.5093675,3.4355228,1.1581743,2.6451983,1.2686163,1.3202505,1.1586605,1.5628421,2.571524,1.3220038,2.2560787,2.1511843
SC.10,A35M,A,1OAN,-0.2606090000000001,≤ 50th,3,8,2.46186,3.108908,3.096981,2.5173163,1.9097208,2.454451,3.1555078,1.8256385,2.989919,2.9568496,1.9984274,2.848299,2.0843277,1.986221,1.8588575,2.414566,3.1566837,2.110637,2.8761637,2.7935603
SC.10,G106D,A,1OAN,0.37786699999999973,97.5th - 99th,20,5,2.5304177,2.9246974,2.912423,2.8827527,3.0268018,2.8789024,2.7326765,2.9082847,2.7270799,2.8453288,2.7502444,2.8524773,2.7831442,2.7883847,2.9366312,2.8065012,2.8703542,2.7305036,2.8752644,2.8968
SC.10,T280P,A,1OAN,-0.5017787,85th - 90th,2,19,2.3704736,2.6946232,3.0569818,2.8916109,2.48778,2.9895587,2.8644824,2.6109028,2.89008,2.9066784,2.7301672,2.8625941,2.794826,2.8066654,2.7928104,2.9173799,2.9856255,2.7846951,2.934068,2.924527
SC.10,F279W,A,1OAN,-0.8039073999999999,≤ 50th,2,7,1.670927,2.306321,2.986799,1.8291283,1.7855551,2.0990853,3.361438,1.5468037,3.8475444,3.782296,1.6533111,3.3701782,1.8108314,1.7665583,1.6552713,2.1013463,3.8101087,1.9920899,3.2319367,3.0062013
