label,mutation,chain,pdb,delta_logit,rank_wt,rank_mt,logit_G,logit_A,logit_C,logit_S,logit_P,logit_T,logit_V,logit_D,logit_I,logit_L,logit_N,logit_M,logit_Q,logit_K,logit_E,logit_H,logit_F,logit_R,logit_Y,logit_W
SC.10,A259W,A,1OAN,0.3422131999999998,6,1,1.0403714,1.8803396,1.7959112,1.508999,0.17282106,1.2800713,1.6522955,1.0404525,1.7622207,1.9636745,1.0015533,1.8846111,1.4360216,1.1712239,1.5787882,1.468277,1.9529393,1.1541148,1.9665174,2.2225528
SC.10,T262R,A,1OAN,0.21963489999999997,10,3,1.2772204,1.7808564,1.5811826,1.6693617,0.0776577,1.5989336,1.5530971,1.3408659,1.712874,1.8968451,1.5986903,1.8454698,1.7192932,1.7583544,1.5104939,1.6351036,1.5946532,1.8185685,1.5761744,1.5654968
SC.10,S29K,A,1OAN,-0.18063490000000004,11,13,1.5106025,1.8844639,1.8732023,1.5159895,0.57661045,1.5745609,1.9256718,0.70351255,1.8596659,1.8053601,1.0115769,1.683514,1.1783347,1.3353546,0.7900437,1.2392256,1.6677307,1.2946604,1.5737334,1.5890043
SC.10,T33V,A,1OAN,2.2480466000000003,9,1,0.27062204,1.3476584,1.8757508,0.4824609,0.19202778,1.2177432,3.4657898,0.016458362,3.2070267,2.3497157,0.16146639,1.7247372,0.39424515,0.36655736,0.18191424,0.60030764,1.5881712,0.42478618,1.2192006,1.1597521
SC.10,A35M,A,1OAN,-0.38897440000000016,1,9,1.6700761,2.0229883,1.9709285,1.6782175,1.0687634,1.5083117,1.8353573,1.182207,1.6395054,1.7427543,1.1646467,1.6340139,1.2627442,1.1372449,1.088433,1.4025351,1.6789806,1.0951216,1.5907462,1.6202393
SC.10,G106D,A,1OAN,0.12418409999999991,17,9,1.4798901,1.6552747,1.7310585,1.635669,1.2445073,1.5843318,1.4483491,1.6040742,1.4767468,1.5981046,1.616443,1.7014517,1.6062162,1.5549587,1.5875618,1.5967122,1.6316519,1.5309693,1.5919015,1.683844
SC.10,T280P,A,1OAN,-0.8803895,6,20,1.3877963,1.534965,1.9148115,1.6638546,0.8166583,1.6970478,1.6502243,1.4384252,1.6320404,1.6686008,1.6025021,1.712486,1.5884818,1.5945504,1.479461,1.6757753,1.8719877,1.5633552,1.8344387,1.7559515
SC.10,F279W,A,1OAN,-0.2478530000000001,1,4,0.6729961,1.2280396,1.8261938,0.92285794,0.8119489,1.2322196,2.1867194,0.5407566,2.3723521,2.375745,0.740368,2.0198903,0.9268936,0.83450687,0.83559,1.2267578,2.56557,0.98860013,2.1823416,2.317717
