label,mutation,chain,pdb,delta_logit,perc_bucket,rank_wt,rank_mt,logit_G,logit_A,logit_C,logit_S,logit_P,logit_T,logit_V,logit_D,logit_I,logit_L,logit_N,logit_M,logit_Q,logit_K,logit_E,logit_H,logit_F,logit_R,logit_Y,logit_W
SC.10,A259W,A,1OAN,-13.506007,≤ 50th,1,20,2.7839255,4.603974,-0.43927082,3.1183317,2.1134136,0.5493618,-0.82409936,0.074993856,-4.1957808,-4.2658167,-1.5597593,-5.2457743,-2.7270215,-4.508956,-1.7579682,-4.3830185,-6.4371634,-5.647435,-6.5683303,-8.902033
SC.10,T262R,A,1OAN,-2.93093,75th - 80th,3,14,-0.38831663,2.8429072,-1.8265178,1.9809319,-4.6016355,1.1679219,0.44836503,0.22926828,-1.513842,-1.1824329,-0.019374033,-2.7250562,-0.3432291,-0.5353409,0.053783048,-0.7703391,-2.5550957,-1.7630081,-2.5105274,-4.4051332
SC.10,S29K,A,1OAN,-6.5849215999999995,≤ 50th,1,12,1.056722,2.654766,-0.1095472,3.8793054,-6.3135743,2.7574596,-0.9947832,0.07040209,-4.191828,-3.931701,0.5051653,-4.4549694,-0.7771895,-2.7056162,-0.72356397,-2.497233,-6.9339705,-4.2841506,-7.0604277,-9.360916
SC.10,T33V,A,1OAN,4.992638899999999,≥ 99th,3,1,-6.1692653,0.5351488,2.0299957,-2.3770347,-6.0695853,1.6270411,6.61968,-5.762141,0.9415005,1.457733,-3.3781903,-1.7695135,-3.3749568,-5.2663856,-3.6787727,-5.6674585,-6.478891,-6.9774795,-7.3313513,-10.246273
SC.10,A35M,A,1OAN,-5.1608454,75th - 80th,1,12,0.07545708,3.1320784,2.3211102,1.6950201,-2.2554824,0.85608613,0.14091271,-1.8166702,-3.0016236,-1.8158888,-1.2664665,-2.028767,-1.4352422,-4.048068,-0.9259146,-2.7376847,-4.4925833,-5.021892,-5.3116875,-7.780786
SC.10,G106D,A,1OAN,2.37697447,≥ 99th,8,1,0.41913253,1.5751812,-2.770081,1.8702654,2.209969,0.7766551,-1.2978544,2.796107,-2.7842898,-1.797069,1.3635571,-3.4203289,-0.82453203,0.09351158,1.0526532,-2.048954,-4.3343515,-1.2298533,-4.280875,-6.171649
SC.10,T280P,A,1OAN,-4.5320868,75th - 80th,4,19,-2.2000754,0.17754741,-2.4220402,1.0102066,-3.440581,1.0915058,-0.16549963,1.9835304,-1.4135406,-0.77025366,1.2626702,-1.6245397,0.4564623,0.8534638,1.2208536,-0.6325274,-2.2283447,-0.096863665,-2.2087736,-3.8989887
SC.10,F279W,A,1OAN,-2.0830409,75th - 80th,1,6,-9.46585,-6.3370423,-4.0885015,-5.936797,-2.4387946,-2.837653,-1.3342607,-3.8641953,0.78881854,1.6924384,-3.053826,1.8640038,-0.45137048,-1.6260045,-0.8533932,-0.8685873,2.7141013,-0.6272072,2.2243047,0.6310604
