label,mutation,chain,pdb,delta_logit,perc_bucket,rank_wt,rank_mt,logit_G,logit_A,logit_C,logit_S,logit_P,logit_T,logit_V,logit_D,logit_I,logit_L,logit_N,logit_M,logit_Q,logit_K,logit_E,logit_H,logit_F,logit_R,logit_Y,logit_W
SC.10,A259W,A,1OAN,-1.9221750000000002,85th - 90th,1,10,-4.044899,-3.442157,-8.370142,-4.250267,-7.9363327,-5.821398,-7.1767435,-4.359399,-7.84657,-5.5773964,-5.4283004,-6.2723856,-4.829127,-5.016719,-3.7810612,-5.476673,-5.6061444,-5.1007953,-5.1900234,-5.364332
SC.10,T262R,A,1OAN,0.9656579999999995,97.5th - 99th,11,6,-3.6567924,-3.6522803,-7.6985397,-4.568724,-9.34331,-5.497622,-5.6097727,-4.9007525,-5.8497887,-4.5626364,-5.0564604,-6.107217,-4.4291844,-4.0139623,-4.1352825,-5.512328,-6.2271013,-4.531964,-5.7568727,-5.7603183
SC.10,S29K,A,1OAN,-0.31083399999999983,70th - 75th,3,5,-3.0963693,-4.0171266,-7.1222587,-4.304816,-8.889595,-5.1482472,-5.8353148,-6.2350883,-7.081375,-6.864661,-5.9035683,-6.5777307,-5.684302,-4.61565,-5.817106,-5.6655893,-6.444159,-4.4187446,-6.1101747,-7.7868233
SC.10,T33V,A,1OAN,3.1153505,≥ 99th,4,1,-8.591592,-3.9407775,-4.424144,-6.951162,-9.979658,-4.736753,-1.6214025,-10.651717,-5.8158355,-7.3816133,-9.405371,-7.489895,-8.799624,-8.646082,-9.194143,-9.366442,-9.800925,-7.894397,-9.251264,-8.22381
SC.10,A35M,A,1OAN,-3.4151323000000002,50th - 60th,1,12,-4.428268,-3.2173607,-6.9012427,-4.386401,-9.319942,-7.577128,-7.5653687,-6.085597,-8.570514,-6.8609443,-6.3672214,-6.632493,-6.0788703,-5.2326746,-6.1169252,-5.6598835,-6.90005,-5.131833,-6.152276,-7.0489435
SC.10,G106D,A,1OAN,0.5392647999999998,≥ 99th,4,1,-3.94656,-4.5211487,-9.00915,-4.2370577,-3.8022614,-4.8576636,-5.6700063,-3.4072952,-5.925857,-5.4168787,-4.6987314,-6.621169,-5.3666058,-4.727966,-3.904461,-5.2213554,-5.3894606,-5.522133,-5.324369,-5.567774
SC.10,T280P,A,1OAN,-3.730176000000001,60th - 70th,10,20,-4.071993,-5.0710797,-8.258616,-4.27064,-8.635241,-4.905065,-5.428847,-3.9544373,-5.9960127,-5.799303,-4.3398085,-6.9340696,-5.1870646,-4.591382,-4.647813,-4.312037,-4.6763163,-4.9124193,-4.477757,-5.4579897
SC.10,F279W,A,1OAN,-0.9420970000000004,85th - 90th,7,12,-3.8270595,-4.291606,-7.1605735,-4.941594,-5.4679213,-4.936995,-4.360488,-6.9147177,-4.3333354,-4.2503777,-7.2827935,-4.6380544,-6.6188874,-6.30791,-6.214942,-7.4522123,-4.936509,-5.905748,-5.1562023,-5.878606
