label,mutation,chain,pdb,delta_logit,rank_wt,rank_mt,logit_G,logit_A,logit_C,logit_S,logit_P,logit_T,logit_V,logit_D,logit_I,logit_L,logit_N,logit_M,logit_Q,logit_K,logit_E,logit_H,logit_F,logit_R,logit_Y,logit_W
SC.10,A259W,A,1OAN,-2.3044269999999996,1,14,-6.5593324,-5.433295,-9.718867,-6.870453,-8.561215,-7.6256285,-7.131295,-7.2022576,-7.8832855,-6.8006086,-8.44904,-8.525973,-7.056784,-7.355254,-6.0836644,-7.864173,-7.344232,-7.121707,-6.696026,-7.737722
SC.10,T262R,A,1OAN,1.0007614,10,4,-5.6479406,-5.5923357,-9.615542,-6.53123,-12.779707,-7.0082564,-7.271838,-6.9609427,-7.2047005,-6.4961267,-7.20923,-7.8118386,-6.2948594,-6.2507653,-5.8396454,-7.8705344,-8.20827,-6.007495,-7.9070563,-8.342085
SC.10,S29K,A,1OAN,-0.38539429999999975,2,4,-6.940933,-5.796549,-8.635024,-5.8219347,-11.5549965,-5.9419794,-6.7044,-8.151983,-7.966905,-8.0928,-7.9983115,-8.401472,-6.4528527,-6.207329,-6.8288817,-7.720651,-8.737375,-6.363634,-8.315268,-9.356508
SC.10,T33V,A,1OAN,5.3610374,6,1,-11.164127,-6.521066,-6.5750628,-10.270922,-13.17722,-7.233288,-1.8722506,-14.477867,-5.123458,-5.9360633,-12.598108,-8.822135,-11.474192,-11.725436,-12.162577,-11.850441,-8.829079,-11.8792515,-8.773999,-9.619726
SC.10,A35M,A,1OAN,-2.984825700000001,1,13,-6.6457243,-5.4368563,-8.19767,-7.027734,-10.290837,-7.7270865,-6.4838233,-9.960823,-8.17608,-7.4793396,-9.738045,-8.421682,-8.946372,-9.062596,-8.976193,-8.185929,-6.6784964,-8.652819,-6.571023,-8.173491
SC.10,G106D,A,1OAN,1.8004230999999997,9,2,-6.9509706,-6.207558,-10.731175,-6.042062,-4.8908396,-6.6236672,-7.778672,-5.1505475,-8.342878,-7.2062545,-6.593374,-8.253652,-7.194757,-6.427794,-5.5885973,-7.378478,-7.3825235,-7.0850058,-7.1808763,-7.454094
SC.10,T280P,A,1OAN,0.6535480000000007,6,1,-7.205928,-6.621566,-10.281263,-6.306696,-5.743243,-6.396791,-7.134514,-6.028075,-7.641652,-7.251748,-6.8525743,-8.449045,-6.7116737,-6.0926595,-5.928295,-7.055903,-7.159209,-6.468997,-6.807209,-7.850647
SC.10,F279W,A,1OAN,-1.6984382,2,9,-6.195069,-6.283143,-9.368209,-7.6796217,-8.728798,-7.963992,-6.6108427,-10.284847,-6.0345836,-5.508813,-10.10374,-6.8270736,-9.102374,-9.893362,-9.568149,-9.404833,-5.6256685,-8.85748,-6.2439947,-7.3241067
