label,mutation,chain,pdb,delta_logit,perc_bucket,rank_wt,rank_mt,logit_G,logit_A,logit_C,logit_S,logit_P,logit_T,logit_V,logit_D,logit_I,logit_L,logit_N,logit_M,logit_Q,logit_K,logit_E,logit_H,logit_F,logit_R,logit_Y,logit_W
SC.10,A259W,A,1OAN,-0.20204449999999996,75th - 80th,1,2,-3.0296242,-2.2615035,-2.6675758,-2.7896953,-3.6451735,-2.9935122,-2.6882718,-3.0646942,-2.6423893,-2.5416443,-3.2696197,-2.6322627,-2.8522787,-3.157995,-2.7951133,-2.9079125,-2.606611,-3.1217532,-2.5969293,-2.463548
SC.10,T262R,A,1OAN,0.3008347999999996,95th - 97.5th,16,3,-3.0910106,-2.4223404,-2.6204944,-2.6628456,-4.445797,-2.7122998,-2.5324397,-2.9680026,-2.3855584,-2.3270795,-2.7489505,-2.416401,-2.457129,-2.5057774,-2.6095927,-2.610043,-2.6340094,-2.411465,-2.6043966,-2.5947628
SC.10,S29K,A,1OAN,-0.1647846000000004,50th - 60th,6,12,-3.1055222,-2.5999207,-2.631831,-2.7003994,-4.117265,-2.6534352,-2.6006808,-3.550645,-2.6869798,-2.7410588,-3.2430115,-2.7238545,-2.763495,-2.865184,-3.150412,-2.9288387,-2.8474288,-2.8553033,-2.8971798,-2.9927025
SC.10,T33V,A,1OAN,2.734704,≥ 99th,10,1,-4.3645244,-3.334975,-2.661725,-4.386663,-4.595839,-3.7549565,-1.0202525,-4.5099535,-1.3036659,-2.0279136,-4.6836615,-2.9364254,-4.471864,-4.4135914,-4.412204,-4.289271,-2.9825864,-4.4358764,-3.4214432,-3.7394073
SC.10,A35M,A,1OAN,-0.3193455999999997,50th - 60th,1,7,-3.1297612,-2.5423694,-2.6327307,-3.2180495,-3.9889731,-3.3236141,-2.5507953,-3.9801087,-2.7436538,-2.8087285,-3.8503098,-2.861715,-3.5447528,-3.8002687,-3.8396885,-3.3474476,-2.7126002,-3.7445953,-2.8706079,-2.93788
SC.10,G106D,A,1OAN,0.41635849999999985,≥ 99th,20,1,-2.8363788,-2.5309353,-2.5194466,-2.5445132,-2.5499098,-2.6096706,-2.752468,-2.4200203,-2.7836223,-2.645997,-2.5607734,-2.656544,-2.57651,-2.604981,-2.4454014,-2.5396917,-2.6099916,-2.6411214,-2.5804405,-2.5671797
SC.10,T280P,A,1OAN,-0.8780301000000001,75th - 80th,2,20,-3.0329738,-2.7690456,-2.396414,-2.6276717,-3.4170463,-2.5390162,-2.6531272,-2.8168502,-2.6530938,-2.6428607,-2.7265832,-2.625286,-2.6826637,-2.5958076,-2.7765164,-2.609654,-2.5556498,-2.5816324,-2.543825,-2.5953221
SC.10,F279W,A,1OAN,-0.5834875000000002,≤ 50th,1,4,-3.8523133,-3.462851,-2.760202,-3.8393497,-3.7803626,-3.5289085,-2.5294094,-4.0186167,-2.1175072,-1.9921138,-4.035796,-2.4670463,-3.8509068,-3.9452846,-3.966106,-3.6094983,-1.8227909,-3.7802544,-2.4115653,-2.4062784
