label,mutation,chain,pdb,delta_logit,rank_wt,rank_mt,logit_G,logit_A,logit_C,logit_S,logit_P,logit_T,logit_V,logit_D,logit_I,logit_L,logit_N,logit_M,logit_Q,logit_K,logit_E,logit_H,logit_F,logit_R,logit_Y,logit_W
SC.10,A259W,A,1OAN,0.0003889999999999727,2,1,-1.9710315,-1.1123388,-1.4436111,-1.5842692,-2.8552442,-1.6727333,-1.4772017,-2.0026839,-1.3840665,-1.2295659,-1.9655287,-1.2620757,-1.5508626,-1.75221,-1.728927,-1.7095022,-1.2454716,-1.6998246,-1.2473176,-1.1119498
SC.10,T262R,A,1OAN,0.18384770000000006,12,5,-1.8409132,-1.206507,-1.3541696,-1.4750459,-3.0297985,-1.4444005,-1.3446634,-1.7747673,-1.1640114,-1.0474775,-1.549596,-1.127015,-1.2639474,-1.3568445,-1.4439498,-1.5017389,-1.4850419,-1.2605528,-1.4985563,-1.3910726
SC.10,S29K,A,1OAN,-0.25212429999999997,10,16,-1.3430629,-1.340296,-1.1860412,-1.5543468,-2.125681,-1.4998853,-1.2409433,-1.971941,-1.3062071,-1.3404524,-1.8271564,-1.4591407,-1.7144878,-1.8064711,-1.8158596,-1.6680921,-1.4422712,-1.8044134,-1.575317,-1.556855
SC.10,T33V,A,1OAN,1.4609683100000002,8,1,-2.4783368,-1.5160033,-1.0593209,-2.3237388,-2.7787354,-1.6587719,-0.19780359,-2.816852,-0.7196449,-0.8931659,-2.7649195,-1.3871063,-2.6697366,-2.9007516,-2.7201638,-2.5744867,-1.482424,-2.718636,-2.0218856,-1.9069093
SC.10,A35M,A,1OAN,-0.3384971000000001,2,9,-1.7333565,-1.2356713,-1.0000465,-1.7852335,-2.1461349,-1.9234216,-1.2753605,-2.2234056,-1.4683994,-1.4088051,-2.0932374,-1.5741684,-2.1003745,-2.215031,-2.1714144,-1.9138544,-1.4291945,-2.1723454,-1.5509249,-1.520306
SC.10,G106D,A,1OAN,0.06621710000000003,6,3,-1.3531328,-1.3303798,-1.2014016,-1.2921178,-1.52145,-1.3781781,-1.624415,-1.2869157,-1.6058851,-1.438072,-1.2315444,-1.4130255,-1.4321035,-1.4129202,-1.4352305,-1.3965403,-1.4046223,-1.4466195,-1.4450434,-1.4242381
SC.10,T280P,A,1OAN,-1.2127135,3,20,-1.604357,-1.6430597,-1.0665352,-1.3442231,-2.5178523,-1.3051388,-1.4051487,-1.4349171,-1.4151657,-1.5679859,-1.3441045,-1.4833809,-1.4627395,-1.4762895,-1.4984227,-1.3042171,-1.3588858,-1.4617416,-1.3943536,-1.4481971
SC.10,F279W,A,1OAN,-0.19064360000000002,1,3,-2.1469038,-1.8639514,-1.2729332,-1.9369428,-2.0577517,-1.6890984,-1.2875007,-2.2367394,-1.0549393,-1.2513952,-2.1682823,-1.2961963,-1.9931123,-2.2845404,-2.0797338,-1.8672539,-0.908183,-2.1586099,-1.1424172,-1.0988266
