label,mutation,chain,pdb,delta_logit,rank_wt,rank_mt,logit_G,logit_A,logit_C,logit_S,logit_P,logit_T,logit_V,logit_D,logit_I,logit_L,logit_N,logit_M,logit_Q,logit_K,logit_E,logit_H,logit_F,logit_R,logit_Y,logit_W
SC.10,A259W,A,1OAN,0.15375879999999986,2,1,-2.9465456,-2.1124053,-2.2962546,-2.642693,-3.3021874,-2.7792442,-2.421372,-3.1014369,-2.327329,-2.184448,-3.012919,-2.3026068,-2.657937,-2.7503781,-2.8508503,-2.7482967,-2.2578244,-2.6835861,-2.255454,-1.9586465
SC.10,T262R,A,1OAN,0.31106060000000024,17,4,-2.7642677,-2.2341592,-2.2686563,-2.4394164,-3.7343113,-2.4943995,-2.3779385,-2.6653023,-2.1414542,-2.0356727,-2.477802,-2.106172,-2.251872,-2.2743392,-2.4544785,-2.3839507,-2.3629022,-2.1833389,-2.3630176,-2.33925
SC.10,S29K,A,1OAN,-0.2501340000000001,9,14,-2.798759,-2.4128537,-2.3316462,-2.5200868,-3.7185268,-2.3893273,-2.1882186,-3.6692405,-2.197289,-2.493341,-3.1810741,-2.410416,-2.7384493,-2.7702208,-3.1620228,-2.8588586,-2.3940346,-2.694288,-2.5809023,-2.6486337
SC.10,T33V,A,1OAN,2.35954745,10,1,-3.8118439,-2.7723122,-2.1409721,-3.8339696,-3.9002686,-3.329583,-0.97003555,-4.0763845,-1.3536246,-1.5071981,-4.0723815,-2.436613,-3.9821255,-3.9516976,-4.0505204,-3.8887467,-2.6638274,-3.9693465,-3.1713316,-3.2684646
SC.10,A35M,A,1OAN,-0.09919789999999962,6,7,-2.9769735,-2.4263248,-2.1559925,-3.0133255,-3.4116204,-3.0609384,-2.211476,-3.5722508,-2.3183866,-2.3337443,-3.417939,-2.5255227,-3.3915076,-3.4883912,-3.5679848,-3.1081033,-2.3804543,-3.3714619,-2.5767486,-2.7352433
SC.10,G106D,A,1OAN,0.42235250000000013,18,1,-2.5941105,-2.3558424,-2.2622228,-2.3274498,-2.3294086,-2.4242132,-2.62841,-2.171758,-2.5976892,-2.4166222,-2.3344436,-2.4009032,-2.456227,-2.4509573,-2.3859563,-2.380398,-2.3600101,-2.4945765,-2.353436,-2.3707283
SC.10,T280P,A,1OAN,-0.3421151,8,19,-2.8074882,-2.5552135,-2.0854452,-2.4105487,-2.7062435,-2.3641284,-2.4784954,-2.580277,-2.4652505,-2.4902341,-2.4552789,-2.4640427,-2.441894,-2.322619,-2.6210678,-2.3191044,-2.319147,-2.3254476,-2.3247943,-2.2845256
SC.10,F279W,A,1OAN,-0.31274480000000016,1,2,-3.5615869,-3.0271287,-2.2656312,-3.3932834,-3.5801835,-3.0112026,-2.2595363,-3.5891922,-1.9886875,-1.9928858,-3.609406,-2.110981,-3.346044,-3.6391366,-3.5113652,-3.1682332,-1.6261457,-3.373447,-2.0196261,-1.9388905
