label,mutation,chain,pdb,delta_logit,rank_wt,rank_mt,logit_G,logit_A,logit_C,logit_S,logit_P,logit_T,logit_V,logit_D,logit_I,logit_L,logit_N,logit_M,logit_Q,logit_K,logit_E,logit_H,logit_F,logit_R,logit_Y,logit_W
SC.10,A259W,A,1OAN,0.2221175999999998,2,1,2.6842997,3.533846,3.321036,3.0233092,1.8241361,2.879,3.191419,2.4676294,3.2723114,3.5099857,2.576705,3.465421,2.914847,2.7232652,2.868546,2.9427323,3.4514542,2.8630707,3.4509773,3.7559636
SC.10,T262R,A,1OAN,0.2868293999999998,15,6,2.61632,3.2357082,3.3197598,3.0786839,1.6460831,2.946431,3.091451,2.5809023,3.3121288,3.457606,2.9088912,3.397839,3.1975932,3.162553,2.8994632,3.0120606,3.0698009,3.2332604,3.0409703,3.1435983
SC.10,S29K,A,1OAN,-0.20879799999999982,11,15,3.1670315,3.2873585,3.4052188,3.028985,2.209759,3.1128623,3.3925877,2.5024505,3.332402,3.255099,2.7216058,3.1341984,2.783215,2.820187,2.474311,2.858757,3.1440728,2.8785121,3.0150094,3.0836854
SC.10,T33V,A,1OAN,1.6847282,8,1,2.2284198,3.22233,3.6171231,2.3887553,2.0345602,3.048777,4.7335052,1.8628557,4.293961,3.9895024,1.9812196,3.5175717,2.19238,2.024284,2.0034165,2.1604862,3.3271573,2.0964444,2.791231,2.8774846
SC.10,A35M,A,1OAN,-0.3256017,2,8,3.2025223,3.50746,3.5552826,3.0475821,2.4093375,2.9130821,3.40289,2.502618,3.2508862,3.3740172,2.5614476,3.1818583,2.6089475,2.5205853,2.4360611,2.8414085,3.2529044,2.5921686,3.1231098,3.1339548
SC.10,G106D,A,1OAN,0.2192457000000001,16,3,2.961328,3.14578,3.350594,3.1202095,2.8875165,3.062204,2.9279032,3.1805737,2.9420402,3.0522044,3.1244338,3.0643392,3.003802,2.9705584,3.076407,3.0693643,3.0960212,2.9496229,3.090227,3.1812425
SC.10,T280P,A,1OAN,-0.7201632999999998,7,20,2.924685,2.9903002,3.3709831,3.130785,2.3981073,3.1182706,3.0555112,3.0209358,3.0541008,3.026604,3.1360428,3.0960407,3.0564313,3.0259151,2.9568944,3.1587868,3.182095,3.0044582,3.1465793,3.095871
SC.10,F279W,A,1OAN,-0.053083400000000225,1,2,2.6277928,3.0100143,3.50817,2.7224045,2.594377,2.9444396,3.4436932,2.4540067,3.6698136,3.61107,2.4993765,3.5915198,2.7129357,2.4668987,2.6838498,2.88757,3.8079567,2.6111681,3.6327024,3.7548733
