label,mutation,chain,pdb,delta_logit,perc_bucket,rank_wt,rank_mt
SC.10,S29K,A,1OAN,1.3763066999999998,90th - 95th,3,1
SC.10,T33V,A,1OAN,3.15540171,≥ 99th,3,1
SC.10,A35M,A,1OAN,1.4064418,≥ 99th,6,1
SC.10,G106D,A,1OAN,2.3810672999999998,≥ 99th,11,1
SC.10,A259W,A,1OAN,-5.549139486,≤ 50th,1,3
SC.10,T262R,A,1OAN,-5.68874928,≤ 50th,1,15
SC.10,F279W,A,1OAN,-1.5743602,70th - 75th,4,11
SC.10,T280P,A,1OAN,-0.6669257000000002,90th - 95th,7,10
