label,mutation,chain,pdb,delta_logit,rank_wt,rank_mt
SC.10,S29K,A,1OAN,1.7138846,4,2
SC.10,T33V,A,1OAN,3.40654513,3,1
SC.10,A35M,A,1OAN,-2.0319493000000004,4,11
SC.10,G106D,A,1OAN,2.066102,12,1
SC.10,A259W,A,1OAN,-5.587392125,1,7
SC.10,T262R,A,1OAN,-5.44905212,1,4
SC.10,F279W,A,1OAN,-1.5969315999999998,2,5
SC.10,T280P,A,1OAN,-1.2121849999999998,8,14
