label,mutation,chain,pdb,delta_logit,rank_wt,rank_mt
SC.10,S29K,A,1OAN,1.3763066999999998,3,1
SC.10,T33V,A,1OAN,3.15540171,3,1
SC.10,A35M,A,1OAN,1.4064418,6,1
SC.10,G106D,A,1OAN,2.3810672999999998,11,1
SC.10,A259W,A,1OAN,-5.549139486,1,3
SC.10,T262R,A,1OAN,-5.68874928,1,15
SC.10,F279W,A,1OAN,-1.5743602,4,11
SC.10,T280P,A,1OAN,-0.6669257000000002,7,10
