{
    "enrichment": {
        "pearson": [
            0.466048538926006,
            6.209766711475697e-168
        ],
        "spearman": [
            0.5193225467565075,
            5.999444343284359e-215
        ],
        "count": 3118
    }
}