{
    "enrichment": {
        "pearson": [
            0.483416513193401,
            2.0243739330434384e-49
        ],
        "spearman": [
            0.5548959665969012,
            1.2192796662822883e-67
        ],
        "count": 823
    }
}