{
    "enrichment": {
        "pearson": [
            0.4690859721769323,
            4.911430292254446e-191
        ],
        "spearman": [
            0.5149643433494616,
            2.290015560755408e-236
        ],
        "count": 3500
    }
}