{
    "Overall": {
        "all_types_of_mutations": {
            "Pr": -0.2527423867435897,
            "Pr_pval": 5.736541036454014e-84,
            "Sr": -0.2705201704577505,
            "Sr_pval": 2.209063134315797e-96,
            "num": 5713.0,
            "num_struc": 331.0
        },
        "single_point_mutations": {
            "Pr": -0.29097402247423115,
            "Pr_pval": 6.191026435542332e-81,
            "Sr": -0.2862683209033367,
            "Sr_pval": 2.7511502933993627e-78,
            "num": 4106.0,
            "num_struc": 308.0
        },
        "multi_point_mutations": {
            "Pr": -0.3049956891348939,
            "Pr_pval": 6.074307228371884e-36,
            "Sr": -0.30961180310131636,
            "Sr_pval": 4.843344399046635e-37,
            "num": 1607.0,
            "num_struc": 142.0
        }
    },
    "Per-Structure": {
        "all_types_of_mutations": {
            "Pr": -0.2864377856514492,
            "Pr_std": 0.2685309311614655,
            "Pr_pval": 6.20724807259268e-78,
            "Sr": -0.2875441727917843,
            "Sr_std": 0.2517061754384844,
            "Sr_pval": 1.3450513187667853e-72,
            "num": 5025.0,
            "num_struc": 116.0
        },
        "single_point_mutations": {
            "Pr": -0.3167852446272068,
            "Pr_std": 0.27434241367790374,
            "Pr_pval": 3.9801238304939234e-67,
            "Sr": -0.30754935325990895,
            "Sr_std": 0.2503137482346581,
            "Sr_pval": 1.9338584478842606e-52,
            "num": 3485.0,
            "num_struc": 93.0
        },
        "multi_point_mutations": {
            "Pr": -0.3068639850976828,
            "Pr_std": 0.27607543026987963,
            "Pr_pval": 4.942864720503631e-25,
            "Sr": -0.3178418531685958,
            "Sr_std": 0.28415239199378,
            "Sr_pval": 5.104985477224411e-29,
            "num": 1304.0,
            "num_struc": 41.0
        }
    }
}