{
    "Overall": {
        "all_types_of_mutations": {
            "Pr": -0.2527423867435897,
            "Pr_pval": 5.736541036454014e-84,
            "Sr": -0.2705201704577505,
            "Sr_pval": 2.209063134315797e-96,
            "precision": 0.4044665012406948,
            "recall": 0.13029576338928858,
            "f1": 0.19709794437726724,
            "auroc": 0.5382541120846038,
            "accuracy": 0.7675476982321022,
            "num": 5713.0,
            "num_struc": 331.0
        },
        "single_point_mutations": {
            "Pr": -0.29097402247423115,
            "Pr_pval": 6.191026435542332e-81,
            "Sr": -0.2862683209033367,
            "Sr_pval": 2.7511502933993627e-78,
            "precision": 0.39444444444444443,
            "recall": 0.16099773242630386,
            "f1": 0.2286634460547504,
            "auroc": 0.5466899332106706,
            "accuracy": 0.76668290306868,
            "num": 4106.0,
            "num_struc": 308.0
        },
        "multi_point_mutations": {
            "Pr": -0.3049956891348939,
            "Pr_pval": 6.074307228371884e-36,
            "Sr": -0.30961180310131636,
            "Sr_pval": 4.843344399046635e-37,
            "precision": 0.4883720930232558,
            "recall": 0.056910569105691054,
            "f1": 0.10194174757281553,
            "auroc": 0.5195699856837017,
            "accuracy": 0.7697573117610454,
            "num": 1607.0,
            "num_struc": 142.0
        }
    },
    "Per-Structure": {
        "all_types_of_mutations": {
            "Pr": -0.2864377856514492,
            "Pr_std": 0.26853093116146554,
            "Pr_pval": 6.207248072592327e-78,
            "Sr": -0.2875441727917843,
            "Sr_std": 0.2517061754384844,
            "Sr_pval": 0.2385337625673379,
            "precision": 0.11895854360122356,
            "recall": 0.133256960380069,
            "f1": 0.5481699731930304,
            "auroc": 0.7877949966437385,
            "accuracy": 1.3450513187667853e-72,
            "num": 5025.0,
            "num_struc": 116.0
        },
        "single_point_mutations": {
            "Pr": -0.3167852446272069,
            "Pr_std": 0.27434241367790374,
            "Pr_pval": 3.980123830494149e-67,
            "Sr": -0.30754935325990895,
            "Sr_std": 0.2503137482346581,
            "Sr_pval": 0.26993995252059766,
            "precision": 0.14895619899993917,
            "recall": 0.1611568454168696,
            "f1": 0.5588933111301356,
            "auroc": 0.7940717192032801,
            "accuracy": 1.9338584478842606e-52,
            "num": 3485.0,
            "num_struc": 93.0
        },
        "multi_point_mutations": {
            "Pr": -0.3068639850976828,
            "Pr_std": 0.27607543026987963,
            "Pr_pval": 4.942864720503773e-25,
            "Sr": -0.3178418531685958,
            "Sr_std": 0.28415239199378,
            "Sr_pval": 0.16986062717770034,
            "precision": 0.03857675183894696,
            "recall": 0.05530432696671465,
            "f1": 0.5101135436186156,
            "auroc": 0.7561469135663723,
            "accuracy": 5.104985477224411e-29,
            "num": 1304.0,
            "num_struc": 41.0
        }
    }
}