{
    "function_score": {
        "pearson": [
            0.4082791662843814,
            1.634258149018795e-59
        ],
        "spearman": [
            0.39648996275418336,
            6.2440210256719455e-56
        ],
        "count": 1454
    }
}