{
    "function_score": {
        "pearson": [
            0.46400259394827015,
            2.5926788373452628e-80
        ],
        "spearman": [
            0.41802319944450356,
            5.235077324527857e-64
        ],
        "count": 1488
    }
}