{
    "Overall": {
        "all_types_of_mutations": {
            "Pr": -0.3416382984808914,
            "Pr_pval": 3.7843613531125163e-156,
            "Sr": -0.34828242656334923,
            "Sr_pval": 1.3094161590340485e-162,
            "num": 5713.0,
            "num_struc": 331.0
        },
        "single_point_mutations": {
            "Pr": -0.39570475476842437,
            "Pr_pval": 5.458373751796423e-154,
            "Sr": -0.33749388239849015,
            "Sr_pval": 6.290246447427776e-110,
            "num": 4106.0,
            "num_struc": 308.0
        },
        "multi_point_mutations": {
            "Pr": -0.3854300431011143,
            "Pr_pval": 4.5897126197704785e-58,
            "Sr": -0.4175793515000679,
            "Sr_pval": 7.87770454781854e-69,
            "num": 1607.0,
            "num_struc": 142.0
        }
    },
    "Per-Structure": {
        "all_types_of_mutations": {
            "Pr": -0.28932333384342035,
            "Pr_std": 0.2751241500556147,
            "Pr_pval": 1.9204994552480167e-121,
            "Sr": -0.29779074717676424,
            "Sr_std": 0.272124759364567,
            "Sr_pval": 1.1419332242215999e-116,
            "num": 5025.0,
            "num_struc": 116.0
        },
        "single_point_mutations": {
            "Pr": -0.34049566598821907,
            "Pr_std": 0.26556376069147203,
            "Pr_pval": 1.5535785743920932e-113,
            "Sr": -0.33500608831663947,
            "Sr_std": 0.2506532881588783,
            "Sr_pval": 1.370026436899833e-81,
            "num": 3485.0,
            "num_struc": 93.0
        },
        "multi_point_mutations": {
            "Pr": -0.2674010460662974,
            "Pr_std": 0.3269508838723037,
            "Pr_pval": 2.2648416854299705e-36,
            "Sr": -0.2798462462236288,
            "Sr_std": 0.3190459597531184,
            "Sr_pval": 3.3251084120473415e-36,
            "num": 1304.0,
            "num_struc": 41.0
        }
    }
}