{
    "Overall": {
        "all_types_of_mutations": {
            "Pr": -0.3416382984808914,
            "Pr_pval": 3.7843613531125163e-156,
            "Sr": -0.34828242656334923,
            "Sr_pval": 1.3094161590340485e-162,
            "precision": 0.3290371493555724,
            "recall": 0.3469224620303757,
            "f1": 0.3377431906614786,
            "auroc": 0.574290455578164,
            "accuracy": 0.7020829686679503,
            "num": 5713.0,
            "num_struc": 331.0
        },
        "single_point_mutations": {
            "Pr": -0.39570475476842437,
            "Pr_pval": 5.458373751796423e-154,
            "Sr": -0.33749388239849015,
            "Sr_pval": 6.290246447427776e-110,
            "precision": 0.32044198895027626,
            "recall": 0.3945578231292517,
            "f1": 0.35365853658536583,
            "auroc": 0.5828248172718219,
            "accuracy": 0.6902094495859717,
            "num": 4106.0,
            "num_struc": 308.0
        },
        "multi_point_mutations": {
            "Pr": -0.3854300431011143,
            "Pr_pval": 4.5897126197704785e-58,
            "Sr": -0.4175793515000679,
            "Sr_pval": 7.87770454781854e-69,
            "precision": 0.36909871244635195,
            "recall": 0.23306233062330622,
            "f1": 0.2857142857142857,
            "auroc": 0.5571612137769196,
            "accuracy": 0.7324206596141879,
            "num": 1607.0,
            "num_struc": 142.0
        }
    },
    "Per-Structure": {
        "all_types_of_mutations": {
            "Pr": -0.28932333384342035,
            "Pr_std": 0.2751241500556147,
            "Pr_pval": 1.9204994552480167e-121,
            "Sr": -0.29779074717676424,
            "Sr_std": 0.272124759364567,
            "Sr_pval": 0.2779692251625337,
            "precision": 0.3659220539464226,
            "recall": 0.2802425414720487,
            "f1": 0.6243885505838672,
            "auroc": 0.7176844712717335,
            "accuracy": 1.1419332242215999e-116,
            "num": 5025.0,
            "num_struc": 116.0
        },
        "single_point_mutations": {
            "Pr": -0.3404956659882191,
            "Pr_std": 0.26556376069147203,
            "Pr_pval": 1.553578574392181e-113,
            "Sr": -0.33500608831663947,
            "Sr_std": 0.2506532881588783,
            "Sr_pval": 0.2927441701459934,
            "precision": 0.39737022766521624,
            "recall": 0.30380759671878566,
            "f1": 0.6273029386198271,
            "auroc": 0.7112919945985312,
            "accuracy": 1.370026436899833e-81,
            "num": 3485.0,
            "num_struc": 93.0
        },
        "multi_point_mutations": {
            "Pr": -0.2674010460662974,
            "Pr_std": 0.3269508838723037,
            "Pr_pval": 2.2648416854299705e-36,
            "Sr": -0.2798462462236288,
            "Sr_std": 0.3190459597531184,
            "Sr_pval": 0.23647524562158706,
            "precision": 0.18180894308943088,
            "recall": 0.16404657797220723,
            "f1": 0.539007047675359,
            "auroc": 0.7128951347822947,
            "accuracy": 3.3251084120473415e-36,
            "num": 1304.0,
            "num_struc": 41.0
        }
    }
}