{
    "attenuated": {
        "pearson": [
            0.11175210740691684,
            3.535094607799755e-10
        ],
        "spearman": [
            0.09816327756794375,
            3.660356082231098e-08
        ],
        "count": 3134
    },
    "regulated": {
        "pearson": [
            0.3914415655438827,
            2.780302642767933e-115
        ],
        "spearman": [
            0.3622161507331159,
            8.752200176045291e-98
        ],
        "count": 3134
    },
    "unregulated": {
        "pearson": [
            0.3974217176007292,
            4.344664165861879e-119
        ],
        "spearman": [
            0.3729461938692699,
            5.3239372455302525e-104
        ],
        "count": 3134
    }
}