{
    "attenuated": {
        "pearson": [
            0.09399275830728274,
            1.9178490251970544e-07
        ],
        "spearman": [
            0.06998935946287403,
            0.00010727335974904104
        ],
        "count": 3058
    },
    "regulated": {
        "pearson": [
            0.41892102617319027,
            3.0201160051249773e-130
        ],
        "spearman": [
            0.3927669114985969,
            2.3865454567039195e-113
        ],
        "count": 3058
    },
    "unregulated": {
        "pearson": [
            0.4122997000724214,
            7.978308495065704e-126
        ],
        "spearman": [
            0.388375873727752,
            1.1709712019693709e-110
        ],
        "count": 3058
    }
}