{
    "attenuated": {
        "pearson": [
            0.1190643907494123,
            2.2838753150094914e-11
        ],
        "spearman": [
            0.08801475643353739,
            8.020504191203078e-07
        ],
        "count": 3134
    },
    "regulated": {
        "pearson": [
            0.3924338153427357,
            6.576613754072309e-116
        ],
        "spearman": [
            0.363298826184505,
            2.116673181596228e-98
        ],
        "count": 3134
    },
    "unregulated": {
        "pearson": [
            0.37930640800242427,
            8.486255692827102e-108
        ],
        "spearman": [
            0.35660032202247277,
            1.2634589504421142e-94
        ],
        "count": 3134
    }
}