{
    "function_score": {
        "pearson": [
            0.32053135196589777,
            4.775529351528364e-19
        ],
        "spearman": [
            0.33509477656938863,
            9.015630863115931e-21
        ],
        "count": 736
    }
}