{
    "2LZM": {
        "pearson": [
            -0.763207792167865,
            2.4072304608887137e-07
        ],
        "spearman": [
            -0.7652424414127871,
            2.138665868662858e-07
        ],
        "count": 33
    }
}