{
    "2LZM": {
        "pearson": [
            -0.8178210449417587,
            6.23105432854199e-09
        ],
        "spearman": [
            -0.7869870353764291,
            5.5872994120671065e-08
        ],
        "count": 33
    }
}