{
    "myoglobin": {
        "pearson": [
            -0.677653750520946,
            1.6817507688819217e-16
        ],
        "spearman": [
            -0.7681670833705453,
            3.125900400360003e-23
        ],
        "precision": 0.7619047619047619,
        "recall": 0.5,
        "auroc": 0.8896604938271605,
        "accuracy": 0.8141592920353983,
        "count": 113,
        "num_stabilizing": 32,
        "num_destabilizing": 81
    },
    "p53": {
        "pearson": [
            -0.7139404102364899,
            1.1069357079809346e-07
        ],
        "spearman": [
            -0.6451377654894738,
            3.983668657357653e-06
        ],
        "precision": 0.6,
        "recall": 0.5454545454545454,
        "auroc": 0.7771260997067448,
        "accuracy": 0.7857142857142857,
        "count": 42,
        "num_stabilizing": 11,
        "num_destabilizing": 31
    },
    "s669": {
        "pearson": [
            -0.48819707290473735,
            3.0264527023105926e-36
        ],
        "spearman": [
            -0.5228084077282957,
            3.296608367516953e-42
        ],
        "precision": 0.55,
        "recall": 0.39855072463768115,
        "auroc": 0.7642077837485751,
        "accuracy": 0.7804459691252144,
        "count": 583,
        "num_stabilizing": 138,
        "num_destabilizing": 445
    },
    "ssym": {
        "pearson": [
            -0.6717531517317293,
            7.822607103675477e-46
        ],
        "spearman": [
            -0.6671879452194551,
            5.092258644800427e-45
        ],
        "precision": 0.6333333333333333,
        "recall": 0.6627906976744186,
        "auroc": 0.8421270337347182,
        "accuracy": 0.8171091445427728,
        "count": 339,
        "num_stabilizing": 86,
        "num_destabilizing": 253
    },
    "t2226": {
        "pearson": [
            -0.5584972198322569,
            1.2189056807912776e-135
        ],
        "spearman": [
            -0.5715817422777738,
            2.09299355895274e-143
        ],
        "precision": 0.38738738738738737,
        "recall": 0.4574468085106383,
        "auroc": 0.7693943553586656,
        "accuracy": 0.7831105710814095,
        "count": 1646,
        "num_stabilizing": 282,
        "num_destabilizing": 1364
    },
    "overall": {
        "pearson": [
            -0.5601557463244241,
            8.893360079693589e-225
        ],
        "spearman": [
            -0.5771196571730989,
            1.2209738104396094e-241
        ],
        "precision": 0.4747292418772563,
        "recall": 0.4790528233151184,
        "auroc": 0.784942682438422,
        "accuracy": 0.7881013587954462,
        "count": 2723,
        "num_stabilizing": 549,
        "num_destabilizing": 2174
    }
}