{
    "2LZM": {
        "pearson": [
            -0.6071630900248732,
            0.00017921825596063873
        ],
        "spearman": [
            -0.5217029890199962,
            0.0018475563493468578
        ],
        "count": 33
    }
}