{
    "2LZM": {
        "pearson": [
            -0.5904504632744996,
            0.00029780729411981534
        ],
        "spearman": [
            -0.49259868633019843,
            0.0035880580839053743
        ],
        "count": 33
    }
}