{
    "screenscore": {
        "pearson": [
            0.17055186030864444,
            2.8385796493651713e-14
        ],
        "spearman": [
            0.11872199465593743,
            1.3345393382872914e-07
        ],
        "count": 1962
    }
}