{
    "screenscore": {
        "pearson": [
            0.04481030204687869,
            0.05333020511247864
        ],
        "spearman": [
            0.025731231902808092,
            0.26735818177165405
        ],
        "count": 1860
    }
}