{
    "Overall": {
        "all_types_of_mutations": {
            "Pr": -0.3066640285651134,
            "Pr_pval": 5.995524601941582e-125,
            "Sr": -0.3196942866835304,
            "Sr_pval": 3.247493143963213e-136,
            "num": 5726.0,
            "num_struc": 333.0
        },
        "single_point_mutations": {
            "Pr": -0.3662322443125643,
            "Pr_pval": 6.485647402870658e-131,
            "Sr": -0.3154257392553445,
            "Sr_pval": 8.489324448481892e-96,
            "num": 4118.0,
            "num_struc": 310.0
        },
        "multi_point_mutations": {
            "Pr": -0.3340676982859672,
            "Pr_pval": 3.2005530644439233e-43,
            "Sr": -0.37952830776542335,
            "Sr_pval": 3.0032681970082327e-56,
            "num": 1608.0,
            "num_struc": 143.0
        }
    },
    "Per-Structure": {
        "all_types_of_mutations": {
            "Pr": -0.29732701848470794,
            "Pr_std": 0.2680924438757033,
            "Pr_pval": 2.163161295981845e-102,
            "Sr": -0.2921540956176321,
            "Sr_std": 0.26079882309539276,
            "Sr_pval": 4.162252591727768e-87,
            "num": 5025.0,
            "num_struc": 116.0
        },
        "single_point_mutations": {
            "Pr": -0.32303212594952946,
            "Pr_std": 0.2864661059791041,
            "Pr_pval": 1.9738171339218392e-101,
            "Sr": -0.2942177020166248,
            "Sr_std": 0.27200971808130125,
            "Sr_pval": 1.5190593014287371e-59,
            "num": 3485.0,
            "num_struc": 93.0
        },
        "multi_point_mutations": {
            "Pr": -0.2949354078596711,
            "Pr_std": 0.28354321896843926,
            "Pr_pval": 4.9858385258695995e-25,
            "Sr": -0.28117741720920675,
            "Sr_std": 0.2847824708995672,
            "Sr_pval": 5.346223201909187e-23,
            "num": 1304.0,
            "num_struc": 41.0
        }
    }
}