{
    "Overall": {
        "all_types_of_mutations": {
            "Pr": -0.3066640285651134,
            "Pr_pval": 5.995524601941582e-125,
            "Sr": -0.3196942866835304,
            "Sr_pval": 3.247493143963213e-136,
            "precision": 0.36141533277169335,
            "recall": 0.3423782920989625,
            "f1": 0.3516393442622951,
            "auroc": 0.5864585401921149,
            "accuracy": 0.7237163814180929,
            "num": 5726.0,
            "num_struc": 333.0
        },
        "single_point_mutations": {
            "Pr": -0.3662322443125643,
            "Pr_pval": 6.485647402870658e-131,
            "Sr": -0.3154257392553445,
            "Sr_pval": 8.489324448481892e-96,
            "precision": 0.34754797441364604,
            "recall": 0.36877828054298645,
            "f1": 0.3578485181119649,
            "auroc": 0.5897694742232558,
            "accuracy": 0.7158814958717824,
            "num": 4118.0,
            "num_struc": 310.0
        },
        "multi_point_mutations": {
            "Pr": -0.3340676982859672,
            "Pr_pval": 3.2005530644439233e-43,
            "Sr": -0.37952830776542335,
            "Sr_pval": 3.0032681970082327e-56,
            "precision": 0.41365461847389556,
            "recall": 0.2791327913279133,
            "f1": 0.3333333333333333,
            "auroc": 0.5806479130166605,
            "accuracy": 0.7437810945273632,
            "num": 1608.0,
            "num_struc": 143.0
        }
    },
    "Per-Structure": {
        "all_types_of_mutations": {
            "Pr": -0.29732701848470794,
            "Pr_std": 0.2680924438757033,
            "Pr_pval": 2.163161295981845e-102,
            "Sr": -0.2921540956176321,
            "Sr_std": 0.26079882309539276,
            "Sr_pval": 0.2744474389821838,
            "precision": 0.29630144764433064,
            "recall": 0.2542411490427653,
            "f1": 0.6008587072753088,
            "auroc": 0.7470734857804213,
            "accuracy": 4.162252591727768e-87,
            "num": 5025.0,
            "num_struc": 116.0
        },
        "single_point_mutations": {
            "Pr": -0.32303212594952946,
            "Pr_std": 0.2864661059791041,
            "Pr_pval": 1.9738171339219515e-101,
            "Sr": -0.2942177020166248,
            "Sr_std": 0.27200971808130125,
            "Sr_pval": 0.26979215197583045,
            "precision": 0.30266236486369,
            "recall": 0.25798229976368126,
            "f1": 0.5911785405890124,
            "auroc": 0.7382290431961955,
            "accuracy": 1.5190593014287371e-59,
            "num": 3485.0,
            "num_struc": 93.0
        },
        "multi_point_mutations": {
            "Pr": -0.2949354078596711,
            "Pr_std": 0.28354321896843926,
            "Pr_pval": 4.9858385258695995e-25,
            "Sr": -0.28117741720920675,
            "Sr_std": 0.2847824708995672,
            "Sr_pval": 0.28325515947467167,
            "precision": 0.2222206824340971,
            "recall": 0.20844547178684328,
            "f1": 0.5703664771903878,
            "auroc": 0.7461679154816587,
            "accuracy": 5.346223201909036e-23,
            "num": 1304.0,
            "num_struc": 41.0
        }
    }
}