{
    "Ami11_avg": {
        "pearson": [
            0.10889220066805938,
            2.6181799710314868e-15
        ],
        "spearman": [
            0.1047115073629623,
            2.903401031059181e-14
        ],
        "count": 5245
    },
    "Ami12_avg": {
        "pearson": [
            0.2731366263208285,
            4.918086207152475e-87
        ],
        "spearman": [
            0.344385424590415,
            1.728344232452772e-140
        ],
        "count": 5046
    },
    "Ami14_avg": {
        "pearson": [
            0.2917604429227371,
            1.22656799820744e-98
        ],
        "spearman": [
            0.3393478310589805,
            6.603653325054273e-135
        ],
        "count": 4997
    },
    "Ami18_avg": {
        "pearson": [
            0.03983315909137981,
            0.003866602704754838
        ],
        "spearman": [
            0.040669935612644766,
            0.00318205909971054
        ],
        "count": 5258
    },
    "G41811_avg": {
        "pearson": [
            0.23523969190081082,
            1.7810089188046257e-64
        ],
        "spearman": [
            0.2763414070139746,
            3.1387992955149435e-89
        ],
        "count": 5052
    },
    "G41812_avg": {
        "pearson": [
            0.3976001261157379,
            1.700778815201421e-187
        ],
        "spearman": [
            0.4734126515484078,
            1.718763269289205e-275
        ],
        "count": 4959
    },
    "G41814_avg": {
        "pearson": [
            0.44291267289447844,
            5.3743900746823255e-250
        ],
        "spearman": [
            0.4431853107417902,
            2.4499034574650246e-250
        ],
        "count": 5225
    },
    "Kan11_avg": {
        "pearson": [
            0.2532345221267361,
            4.004048823177085e-74
        ],
        "spearman": [
            0.30137565456286547,
            1.1591090913793175e-105
        ],
        "count": 5008
    },
    "Kan12_avg": {
        "pearson": [
            0.3763081923209482,
            8.639389332637645e-163
        ],
        "spearman": [
            0.460645688664106,
            4.228551362617026e-253
        ],
        "count": 4844
    },
    "Kan14_avg": {
        "pearson": [
            0.4287380294043472,
            1.2894355896641551e-222
        ],
        "spearman": [
            0.48104205428324637,
            8.031953527395576e-288
        ],
        "count": 4997
    },
    "Kan18_avg": {
        "pearson": [
            0.45772961472469603,
            6.030408452936996e-269
        ],
        "spearman": [
            0.4709585950105494,
            1.0139290164658236e-286
        ],
        "count": 5224
    },
    "Neo11_avg": {
        "pearson": [
            0.2242379975255814,
            6.6082230731845e-59
        ],
        "spearman": [
            0.23934467177405258,
            4.289091811058735e-67
        ],
        "count": 5079
    },
    "Neo12_avg": {
        "pearson": [
            0.39097969055980547,
            3.1286771176572884e-181
        ],
        "spearman": [
            0.46311310342840195,
            9.268523330726455e-263
        ],
        "count": 4970
    },
    "Neo14_avg": {
        "pearson": [
            0.45703411803879546,
            8.585974082095716e-266
        ],
        "spearman": [
            0.4680213394497341,
            2.4237637328176285e-280
        ],
        "count": 5180
    },
    "Neo18_avg": {
        "pearson": [
            0.43116567190081534,
            1.2383965463274334e-235
        ],
        "spearman": [
            0.4044574395579066,
            6.313688177675767e-205
        ],
        "count": 5226
    },
    "Paro11_avg": {
        "pearson": [
            0.1342066646804767,
            1.9264334731911994e-22
        ],
        "spearman": [
            0.13598559943395785,
            5.2912298458911565e-23
        ],
        "count": 5228
    },
    "Paro12_avg": {
        "pearson": [
            0.27015780703692105,
            3.422480731333813e-84
        ],
        "spearman": [
            0.33711653687246446,
            7.160978288955102e-133
        ],
        "count": 4990
    },
    "Paro14_avg": {
        "pearson": [
            0.38505226003355003,
            5.788419198253538e-175
        ],
        "spearman": [
            0.45484973020072506,
            8.845376122985452e-252
        ],
        "count": 4958
    },
    "Paro18_avg": {
        "pearson": [
            0.44297246056156725,
            6.718080464024348e-244
        ],
        "spearman": [
            0.4883314770212579,
            1.199149488985478e-303
        ],
        "count": 5095
    },
    "Ribo11_avg": {
        "pearson": [
            0.2634802947589871,
            3.375243835841196e-80
        ],
        "spearman": [
            0.320047813939159,
            1.7380479849954665e-119
        ],
        "count": 5001
    },
    "Ribo12_avg": {
        "pearson": [
            0.399643290012842,
            3.289604969401727e-191
        ],
        "spearman": [
            0.4708013922629858,
            2.0469363841904114e-274
        ],
        "count": 5002
    },
    "Ribo14_avg": {
        "pearson": [
            0.46273075808818126,
            1.767646235388043e-273
        ],
        "spearman": [
            0.48731707860963064,
            1.8732603329502e-307
        ],
        "count": 5184
    },
    "Ribo18_avg": {
        "pearson": [
            0.472779832620956,
            6.554129101694857e-288
        ],
        "spearman": [
            0.45764865737969634,
            1.2957452551886849e-267
        ],
        "count": 5200
    }
}