{
    "Ami11_avg": {
        "pearson": [
            0.10547622666423932,
            5.152544885828984e-14
        ],
        "spearman": [
            0.10971138584196166,
            4.799172736758225e-15
        ],
        "count": 5068
    },
    "Ami12_avg": {
        "pearson": [
            0.26633192783490384,
            1.9131310907399705e-80
        ],
        "spearman": [
            0.34025016788529466,
            3.1764345156092236e-133
        ],
        "count": 4906
    },
    "Ami14_avg": {
        "pearson": [
            0.28758291119484125,
            2.1276895430469602e-93
        ],
        "spearman": [
            0.3426326307795036,
            3.079091812459072e-134
        ],
        "count": 4871
    },
    "Ami18_avg": {
        "pearson": [
            0.03884396132755864,
            0.005624024284554401
        ],
        "spearman": [
            0.04785668564658023,
            0.000644742374801947
        ],
        "count": 5080
    },
    "G41811_avg": {
        "pearson": [
            0.22583645129706828,
            9.028387190957274e-58
        ],
        "spearman": [
            0.2670378970784922,
            7.061933704020337e-81
        ],
        "count": 4906
    },
    "G41812_avg": {
        "pearson": [
            0.38957839165289704,
            1.5328828259306012e-174
        ],
        "spearman": [
            0.47324257699548,
            1.0178179843863688e-267
        ],
        "count": 4822
    },
    "G41814_avg": {
        "pearson": [
            0.4459072950737447,
            2.7893451279936563e-245
        ],
        "spearman": [
            0.4518437546377774,
            1.3337271424890504e-252
        ],
        "count": 5049
    },
    "Kan11_avg": {
        "pearson": [
            0.24197356079738674,
            5.451044305098482e-66
        ],
        "spearman": [
            0.28938521133118444,
            8.252079604815829e-95
        ],
        "count": 4882
    },
    "Kan12_avg": {
        "pearson": [
            0.36868272918798994,
            2.748427418965342e-152
        ],
        "spearman": [
            0.4572897294449789,
            2.776052646434601e-243
        ],
        "count": 4732
    },
    "Kan14_avg": {
        "pearson": [
            0.42021271789306425,
            1.301205776060927e-206
        ],
        "spearman": [
            0.48205988558720236,
            1.8001554047604903e-280
        ],
        "count": 4845
    },
    "Kan18_avg": {
        "pearson": [
            0.46006350255112444,
            4.392955143623622e-263
        ],
        "spearman": [
            0.4792702536089741,
            1.7474061159294416e-288
        ],
        "count": 5051
    },
    "Neo11_avg": {
        "pearson": [
            0.21580046172710654,
            2.613262754939345e-53
        ],
        "spearman": [
            0.2338614938506077,
            1.5136958143172267e-62
        ],
        "count": 4956
    },
    "Neo12_avg": {
        "pearson": [
            0.39114514523846516,
            3.03380886956305e-177
        ],
        "spearman": [
            0.4705094669206414,
            4.88234369033215e-266
        ],
        "count": 4855
    },
    "Neo14_avg": {
        "pearson": [
            0.46477663768689176,
            3.2836741861939034e-267
        ],
        "spearman": [
            0.48478687473731447,
            6.245713677842733e-294
        ],
        "count": 5014
    },
    "Neo18_avg": {
        "pearson": [
            0.439284182512625,
            1.620340388795853e-237
        ],
        "spearman": [
            0.41937923134818045,
            1.6614074376692376e-214
        ],
        "count": 5054
    },
    "Paro11_avg": {
        "pearson": [
            0.12536639653887993,
            3.442087711945798e-19
        ],
        "spearman": [
            0.13214643677301582,
            3.658722509089701e-21
        ],
        "count": 5063
    },
    "Paro12_avg": {
        "pearson": [
            0.2632635843557362,
            4.139004473124094e-78
        ],
        "spearman": [
            0.33167209856516056,
            1.557422572732354e-125
        ],
        "count": 4876
    },
    "Paro14_avg": {
        "pearson": [
            0.3752252627462328,
            1.7025565780599431e-161
        ],
        "spearman": [
            0.4527220445526593,
            4.9799972742918e-243
        ],
        "count": 4835
    },
    "Paro18_avg": {
        "pearson": [
            0.439120979811767,
            2.710913358047958e-232
        ],
        "spearman": [
            0.49328047863866187,
            1.0583233477351982e-301
        ],
        "count": 4946
    },
    "Ribo11_avg": {
        "pearson": [
            0.2559072901584774,
            5.712806721610308e-74
        ],
        "spearman": [
            0.31658963936020024,
            2.8487186522988185e-114
        ],
        "count": 4890
    },
    "Ribo12_avg": {
        "pearson": [
            0.40172653003213404,
            1.9565692482239137e-188
        ],
        "spearman": [
            0.47935882753857156,
            1.662514561752449e-278
        ],
        "count": 4873
    },
    "Ribo14_avg": {
        "pearson": [
            0.46800264200641367,
            7.909614871095137e-272
        ],
        "spearman": [
            0.500824779250024,
            0.0
        ],
        "count": 5022
    },
    "Ribo18_avg": {
        "pearson": [
            0.4816128439378051,
            1.158921446440939e-290
        ],
        "spearman": [
            0.47725850954240606,
            9.789258541435962e-285
        ],
        "count": 5033
    }
}