{
    "myoglobin": {
        "pearson": [
            -0.7562478821471641,
            1.9122428145016556e-88
        ],
        "spearman": [
            -0.7505062075950539,
            2.1010821437354812e-86
        ],
        "precision": 0.7710280373831776,
        "recall": 0.7783018867924528,
        "auroc": 0.8780505572958404,
        "accuracy": 0.7961783439490446,
        "count": 471,
        "num_stabilizing": 212,
        "num_destabilizing": 259
    },
    "p53": {
        "pearson": [
            -0.2766368585290677,
            0.03902362076967323
        ],
        "spearman": [
            -0.18733658104791803,
            0.16680145515483036
        ],
        "precision": 0.4074074074074074,
        "recall": 0.5789473684210527,
        "auroc": 0.6386913229018492,
        "accuracy": 0.5714285714285714,
        "count": 56,
        "num_stabilizing": 19,
        "num_destabilizing": 37
    },
    "s669": {
        "pearson": [
            -0.3633492919756109,
            1.2905940507694674e-37
        ],
        "spearman": [
            -0.35811225559222365,
            1.6295301873888628e-36
        ],
        "precision": 0.4906716417910448,
        "recall": 0.6116279069767442,
        "auroc": 0.6710158951743393,
        "accuracy": 0.6216680997420464,
        "count": 1163,
        "num_stabilizing": 430,
        "num_destabilizing": 733
    },
    "ssym": {
        "pearson": [
            -0.37289217897483234,
            3.5523986654540395e-62
        ],
        "spearman": [
            -0.3592870921874507,
            1.541175854490827e-57
        ],
        "precision": 0.5566778900112234,
        "recall": 0.6270543615676359,
        "auroc": 0.6701046528392578,
        "accuracy": 0.6274298056155507,
        "count": 1852,
        "num_stabilizing": 791,
        "num_destabilizing": 1061
    },
    "t2226": {
        "pearson": [
            -0.46287477812555,
            0.0
        ],
        "spearman": [
            -0.428005346723359,
            1.3092589852170716e-302
        ],
        "precision": 0.5765124555160143,
        "recall": 0.6560917988525143,
        "auroc": 0.699213552896188,
        "accuracy": 0.6419897585954645,
        "count": 6835,
        "num_stabilizing": 2963,
        "num_destabilizing": 3872
    },
    "overall": {
        "pearson": [
            -0.45025696416267674,
            0.0
        ],
        "spearman": [
            -0.4220609458376429,
            0.0
        ],
        "precision": 0.5712301587301587,
        "recall": 0.6520951302378256,
        "auroc": 0.6996065872838281,
        "accuracy": 0.6437313289004529,
        "count": 10377,
        "num_stabilizing": 4415,
        "num_destabilizing": 5962
    }
}