{
    "CRIPT": {
        "pearson": [
            0.3173335784527306,
            3.963744281023834e-40
        ],
        "spearman": [
            0.3133390372514185,
            4.074677515470386e-39
        ],
        "count": 1659
    },
    "Tm2F": {
        "pearson": [
            0.24364559790120957,
            7.61216528884266e-24
        ],
        "spearman": [
            0.2043195536095271,
            4.291604849559977e-17
        ],
        "count": 1659
    }
}