{
    "1AMQ": {
        "pearson": [
            0.6940997299507344,
            0.30590027004926545
        ],
        "spearman": [
            0.7999999999999999,
            0.20000000000000007
        ],
        "count": 4
    },
    "1BNI": {
        "pearson": [
            -0.7555987990694878,
            0.002814722096660634
        ],
        "spearman": [
            -0.760333463617794,
            0.002552824703992494
        ],
        "count": 13
    },
    "1CEY": {
        "pearson": [
            0.9582503702548125,
            0.18460527409349367
        ],
        "spearman": [
            1.0,
            0.0
        ],
        "count": 3
    },
    "1EY0": {
        "pearson": [
            -0.59302287123464,
            0.0008817553388767415
        ],
        "spearman": [
            -0.5099275465979765,
            0.005570251407744845
        ],
        "count": 28
    },
    "1IHB": {
        "pearson": [
            0.15703185661249097,
            0.8996149296165769
        ],
        "spearman": [
            0.5,
            0.6666666666666667
        ],
        "count": 3
    },
    "1L63": {
        "pearson": [
            -0.6545917605959123,
            9.023826302078295e-16
        ],
        "spearman": [
            -0.678729141500925,
            3.021925344359394e-17
        ],
        "count": 118
    },
    "1LZ1": {
        "pearson": [
            -0.6917021758971788,
            4.815380980588513e-10
        ],
        "spearman": [
            -0.6865903035444109,
            7.252369071882539e-10
        ],
        "count": 62
    },
    "1OH0": {
        "pearson": [
            -1.0,
            1.0
        ],
        "spearman": [
            -0.9999999999999999,
            NaN
        ],
        "count": 2
    },
    "1VQB": {
        "pearson": [
            -0.04058850700757605,
            0.9483353008575583
        ],
        "spearman": [
            -0.09999999999999999,
            0.8728885715695383
        ],
        "count": 5
    },
    "2LZM": {
        "pearson": [
            -0.7746187075717217,
            3.7224768858425996e-14
        ],
        "spearman": [
            -0.7945683419229238,
            2.7884130778520893e-15
        ],
        "count": 65
    },
    "2RN2": {
        "pearson": [
            -0.4604314212056271,
            0.06290525965462881
        ],
        "spearman": [
            -0.5559693448112821,
            0.020481135099672407
        ],
        "count": 17
    },
    "3ZCF": {
        "pearson": [
            -1.0,
            1.0
        ],
        "spearman": [
            -0.9999999999999999,
            NaN
        ],
        "count": 2
    },
    "4BVM": {
        "pearson": [
            -0.9952848838721777,
            0.06184607046665277
        ],
        "spearman": [
            -1.0,
            0.0
        ],
        "count": 3
    },
    "4LYZ": {
        "pearson": [
            -0.5322576939843451,
            0.0500793555264608
        ],
        "spearman": [
            -0.6077440821208128,
            0.02113795667282875
        ],
        "count": 14
    },
    "5PTI": {
        "pearson": [
            -0.0621596655895208,
            0.9209068517713132
        ],
        "spearman": [
            -0.49999999999999994,
            0.39100221895577053
        ],
        "count": 5
    },
    "overall": {
        "pearson": [
            -0.646890495723731,
            1.61882619827466e-42
        ],
        "spearman": [
            -0.6789564089086154,
            3.169665105022605e-48
        ],
        "count": 347
    }
}