{
    "SelectionTwo": {
        "pearson": [
            0.48389747699105645,
            0.0
        ],
        "spearman": [
            0.4898575790057904,
            0.0
        ],
        "count": 8329
    }
}