{
    "fitness_min": {
        "pearson": [
            0.5385996122368472,
            4.796256564627388e-109
        ],
        "spearman": [
            0.24200112832909826,
            1.2679595953438104e-20
        ],
        "count": 1439
    },
    "fitness_rich": {
        "pearson": [
            0.5034160739777822,
            2.6451268990785188e-93
        ],
        "spearman": [
            0.314212758753407,
            2.435424343537988e-34
        ],
        "count": 1439
    }
}