{
    "fitness_min": {
        "pearson": [
            0.5453524529844523,
            7.954792059627248e-111
        ],
        "spearman": [
            0.24410801569988919,
            1.0377289423880093e-20
        ],
        "count": 1420
    },
    "fitness_rich": {
        "pearson": [
            0.48316921849688954,
            6.013563398242209e-84
        ],
        "spearman": [
            0.26148450037249527,
            1.2495530927992985e-23
        ],
        "count": 1420
    }
}