{
    "screenscore": {
        "pearson": [
            -0.02594750991177281,
            0.26335653994526853
        ],
        "spearman": [
            -0.012652852665154118,
            0.5855171939284171
        ],
        "count": 1860
    }
}