{
    "screenscore": {
        "pearson": [
            0.20674737566284693,
            2.2019951973383936e-20
        ],
        "spearman": [
            0.20638156768108235,
            2.5748701707979726e-20
        ],
        "count": 1962
    }
}