{
    "myoglobin": {
        "pearson": [
            -0.7626414675509586,
            8.730354198966591e-91
        ],
        "spearman": [
            -0.8133819332650601,
            2.0404870447139484e-112
        ],
        "precision": 0.8557213930348259,
        "recall": 0.8113207547169812,
        "auroc": 0.9197020470605377,
        "accuracy": 0.8535031847133758,
        "count": 471,
        "num_stabilizing": 212,
        "num_destabilizing": 259
    },
    "p53": {
        "pearson": [
            -0.8254145015535759,
            5.0638852972889805e-15
        ],
        "spearman": [
            -0.7361873050886893,
            1.0104238232246384e-10
        ],
        "precision": 0.6111111111111112,
        "recall": 0.5789473684210527,
        "auroc": 0.8406827880512091,
        "accuracy": 0.7321428571428571,
        "count": 56,
        "num_stabilizing": 19,
        "num_destabilizing": 37
    },
    "s669": {
        "pearson": [
            -0.6600083569953704,
            2.1914290866915535e-146
        ],
        "spearman": [
            -0.6523971187574674,
            5.871335067162509e-142
        ],
        "precision": 0.6560196560196561,
        "recall": 0.6209302325581395,
        "auroc": 0.814242203115581,
        "accuracy": 0.7394668959587274,
        "count": 1163,
        "num_stabilizing": 430,
        "num_destabilizing": 733
    },
    "ssym": {
        "pearson": [
            -0.7248321364128382,
            1.063047345484517e-301
        ],
        "spearman": [
            -0.7105418057913063,
            1.0765938017052781e-284
        ],
        "precision": 0.7213114754098361,
        "recall": 0.7231352718078382,
        "auroc": 0.8438333704696211,
        "accuracy": 0.7624190064794817,
        "count": 1852,
        "num_stabilizing": 791,
        "num_destabilizing": 1061
    },
    "t2226": {
        "pearson": [
            -0.703622491802565,
            0.0
        ],
        "spearman": [
            -0.7052621942202604,
            0.0
        ],
        "precision": 0.7311036789297659,
        "recall": 0.7377657779277759,
        "auroc": 0.8446798566619156,
        "accuracy": 0.7686905632772495,
        "count": 6835,
        "num_stabilizing": 2963,
        "num_destabilizing": 3872
    },
    "overall": {
        "pearson": [
            -0.704735107718844,
            0.0
        ],
        "spearman": [
            -0.7066913792250626,
            0.0
        ],
        "precision": 0.7276026309820821,
        "recall": 0.7266138165345414,
        "auroc": 0.8459125613597329,
        "accuracy": 0.7679483473065433,
        "count": 10377,
        "num_stabilizing": 4415,
        "num_destabilizing": 5962
    }
}