{
    "screenscore": {
        "pearson": [
            0.21114220934921935,
            3.2850526760773986e-21
        ],
        "spearman": [
            0.20716274481349625,
            1.8429651992299453e-20
        ],
        "count": 1962
    }
}