{
    "screenscore": {
        "pearson": [
            -0.0144874744304422,
            0.5323488789460887
        ],
        "spearman": [
            0.005762490471831073,
            0.8038573865368368
        ],
        "count": 1860
    }
}