{
    "function_score": {
        "pearson": [
            0.32095333870085685,
            4.2694437768887613e-19
        ],
        "spearman": [
            0.33969175643297617,
            2.4619886234681798e-21
        ],
        "count": 736
    }
}