{
    "function_score": {
        "pearson": [
            0.3894939092558975,
            4.485637375692894e-28
        ],
        "spearman": [
            0.290755693073051,
            8.338560534622373e-16
        ],
        "count": 736
    }
}