{
    "fitness": {
        "pearson": [
            0.25825181775466,
            1.4410093791481457e-24
        ],
        "spearman": [
            0.2808662700672144,
            6.185147687216415e-29
        ],
        "count": 1519
    }
}