{
    "myoglobin": {
        "pearson": [
            -0.4405329387816792,
            1.0450039725373327e-06
        ],
        "spearman": [
            -0.40830839827470156,
            7.142706450053052e-06
        ],
        "precision": 0.47058823529411764,
        "recall": 0.25,
        "auroc": 0.652391975308642,
        "accuracy": 0.7079646017699115,
        "count": 113,
        "num_stabilizing": 32,
        "num_destabilizing": 81
    },
    "p53": {
        "pearson": [
            -0.8029187413333508,
            1.5864340620435985e-10
        ],
        "spearman": [
            -0.8225283657477902,
            2.3675174669710526e-11
        ],
        "precision": 0.7272727272727273,
        "recall": 0.7272727272727273,
        "auroc": 0.935483870967742,
        "accuracy": 0.8571428571428571,
        "count": 42,
        "num_stabilizing": 11,
        "num_destabilizing": 31
    },
    "s669": {
        "pearson": [
            -0.3106005575254737,
            1.2035268856654036e-15
        ],
        "spearman": [
            -0.33218059780563347,
            8.489314972338403e-18
        ],
        "precision": 0.4857142857142857,
        "recall": 0.31875,
        "auroc": 0.6536524261603376,
        "accuracy": 0.7429022082018928,
        "count": 634,
        "num_stabilizing": 160,
        "num_destabilizing": 474
    },
    "ssym": {
        "pearson": [
            -0.5871271030249586,
            8.605982505991366e-33
        ],
        "spearman": [
            -0.6266762885895887,
            2.1850501401822587e-38
        ],
        "precision": 0.6730769230769231,
        "recall": 0.4069767441860465,
        "auroc": 0.8026013420351136,
        "accuracy": 0.799410029498525,
        "count": 339,
        "num_stabilizing": 86,
        "num_destabilizing": 253
    },
    "t2226": {
        "pearson": [
            -0.4528779400027634,
            1.976083682011422e-86
        ],
        "spearman": [
            -0.5268494757114445,
            1.2774964569624343e-121
        ],
        "precision": 0.47959183673469385,
        "recall": 0.32525951557093424,
        "auroc": 0.7726015589405115,
        "accuracy": 0.8246753246753247,
        "count": 1694,
        "num_stabilizing": 289,
        "num_destabilizing": 1405
    },
    "overall": {
        "pearson": [
            -0.44735004111530763,
            6.151224114430665e-139
        ],
        "spearman": [
            -0.5014751720745454,
            1.273639943436962e-179
        ],
        "precision": 0.5144356955380578,
        "recall": 0.3391003460207612,
        "auroc": 0.7464912199544806,
        "accuracy": 0.7990786676116229,
        "count": 2822,
        "num_stabilizing": 578,
        "num_destabilizing": 2244
    }
}