{
    "myoglobin": {
        "pearson": [
            -0.5698814060344611,
            4.4628571248747635e-11
        ],
        "spearman": [
            -0.42072233766001416,
            3.486859401247652e-06
        ],
        "precision": 0.38,
        "recall": 0.59375,
        "auroc": 0.6840277777777779,
        "accuracy": 0.6106194690265486,
        "count": 113,
        "num_stabilizing": 32,
        "num_destabilizing": 81
    },
    "p53": {
        "pearson": [
            -0.41500282972787267,
            0.006279668680424993
        ],
        "spearman": [
            -0.3189627238998327,
            0.039508280662380164
        ],
        "precision": 0.3888888888888889,
        "recall": 0.6363636363636364,
        "auroc": 0.656891495601173,
        "accuracy": 0.6428571428571429,
        "count": 42,
        "num_stabilizing": 11,
        "num_destabilizing": 31
    },
    "s669": {
        "pearson": [
            -0.20738385684653277,
            2.0201829350748008e-07
        ],
        "spearman": [
            -0.2782056398831699,
            1.980661794582427e-12
        ],
        "precision": 0.3732876712328767,
        "recall": 0.6646341463414634,
        "auroc": 0.6326791579174069,
        "accuracy": 0.6142625607779578,
        "count": 617,
        "num_stabilizing": 164,
        "num_destabilizing": 453
    },
    "ssym": {
        "pearson": [
            -0.41310164189085635,
            2.1027775068453877e-15
        ],
        "spearman": [
            -0.4483067381206212,
            3.650369278404855e-18
        ],
        "precision": 0.4142857142857143,
        "recall": 0.6744186046511628,
        "auroc": 0.7245610809817079,
        "accuracy": 0.6755162241887905,
        "count": 339,
        "num_stabilizing": 86,
        "num_destabilizing": 253
    },
    "t2226": {
        "pearson": [
            -0.35364437629367906,
            4.4578652149322715e-51
        ],
        "spearman": [
            -0.2952424011927223,
            2.020628255507636e-35
        ],
        "precision": 0.22704081632653061,
        "recall": 0.615916955017301,
        "auroc": 0.635211614476228,
        "accuracy": 0.5767414403778041,
        "count": 1694,
        "num_stabilizing": 289,
        "num_destabilizing": 1405
    },
    "overall": {
        "pearson": [
            -0.3342583860935655,
            3.4634384113124714e-74
        ],
        "spearman": [
            -0.3081014580403676,
            9.557429922409139e-63
        ],
        "precision": 0.28894080996884736,
        "recall": 0.6374570446735395,
        "auroc": 0.6472426660977935,
        "accuracy": 0.5992869875222816,
        "count": 2805,
        "num_stabilizing": 582,
        "num_destabilizing": 2223
    }
}