{
    "screenscore": {
        "pearson": [
            0.3710430839001326,
            8.52203284085869e-26
        ],
        "spearman": [
            0.3904887202392796,
            1.277960895800924e-28
        ],
        "count": 747
    }
}