{
    "screenscore": {
        "pearson": [
            0.4599877405739633,
            1.8581681884717395e-76
        ],
        "spearman": [
            0.4541422533800149,
            2.4446754055941817e-74
        ],
        "count": 1443
    }
}