{
    "screenscore": {
        "pearson": [
            0.4474059767785398,
            2.3339755187155737e-89
        ],
        "spearman": [
            0.3814806283103303,
            1.794456743778e-63
        ],
        "count": 1801
    }
}