{
    "myoglobin": {
        "pearson": [
            -0.27460280583859253,
            1.3558544422753784e-09
        ],
        "spearman": [
            -0.3318257983488706,
            1.4375079365644617e-13
        ],
        "precision": 0.6276595744680851,
        "recall": 0.5566037735849056,
        "auroc": 0.6907554454724266,
        "accuracy": 0.6518046709129511,
        "count": 471,
        "num_stabilizing": 212,
        "num_destabilizing": 259
    },
    "p53": {
        "pearson": [
            -0.6286392893893191,
            2.127745816071507e-07
        ],
        "spearman": [
            -0.5220199967788455,
            3.687394328428366e-05
        ],
        "precision": 0.6428571428571429,
        "recall": 0.47368421052631576,
        "auroc": 0.732574679943101,
        "accuracy": 0.7321428571428571,
        "count": 56,
        "num_stabilizing": 19,
        "num_destabilizing": 37
    },
    "s669": {
        "pearson": [
            -0.5640051200995799,
            1.2346814337700823e-98
        ],
        "spearman": [
            -0.5434930192823607,
            2.3417469791527836e-90
        ],
        "precision": 0.6046511627906976,
        "recall": 0.48372093023255813,
        "auroc": 0.7351533995367873,
        "accuracy": 0.6921754084264833,
        "count": 1163,
        "num_stabilizing": 430,
        "num_destabilizing": 733
    },
    "ssym": {
        "pearson": [
            -0.570009511607924,
            4.687863722896043e-160
        ],
        "spearman": [
            -0.5450389451526807,
            8.441974136427398e-144
        ],
        "precision": 0.6140808344198174,
        "recall": 0.595448798988622,
        "auroc": 0.7319383593227771,
        "accuracy": 0.6673866090712743,
        "count": 1852,
        "num_stabilizing": 791,
        "num_destabilizing": 1061
    },
    "t2226": {
        "pearson": [
            -0.5757504541663327,
            0.0
        ],
        "spearman": [
            -0.5990495459183512,
            0.0
        ],
        "precision": 0.6804605973371717,
        "recall": 0.6382045224434695,
        "auroc": 0.7845198390340369,
        "accuracy": 0.7132406730065838,
        "count": 6835,
        "num_stabilizing": 2963,
        "num_destabilizing": 3872
    },
    "overall": {
        "pearson": [
            -0.5637491900414303,
            0.0
        ],
        "spearman": [
            -0.573552153528474,
            0.0
        ],
        "precision": 0.6590909090909091,
        "recall": 0.610872027180068,
        "auroc": 0.7668960418627145,
        "accuracy": 0.7000096366965404,
        "count": 10377,
        "num_stabilizing": 4415,
        "num_destabilizing": 5962
    }
}