{
    "myoglobin": {
        "pearson": [
            -0.6303931330820054,
            1.5230493618313708e-53
        ],
        "spearman": [
            -0.6661057292210917,
            1.0398795677455474e-61
        ],
        "precision": 0.7806122448979592,
        "recall": 0.7216981132075472,
        "auroc": 0.8403147082392366,
        "accuracy": 0.7834394904458599,
        "count": 471,
        "num_stabilizing": 212,
        "num_destabilizing": 259
    },
    "p53": {
        "pearson": [
            -0.7727624948404915,
            3.0138640926481898e-12
        ],
        "spearman": [
            -0.7976416332631386,
            1.861444761638951e-13
        ],
        "precision": 0.75,
        "recall": 0.7894736842105263,
        "auroc": 0.8890469416785206,
        "accuracy": 0.8392857142857143,
        "count": 56,
        "num_stabilizing": 19,
        "num_destabilizing": 37
    },
    "s669": {
        "pearson": [
            -0.4107827104993757,
            1.0999575799577437e-53
        ],
        "spearman": [
            -0.45289429949474425,
            3.0633256193533325e-66
        ],
        "precision": 0.6218097447795824,
        "recall": 0.5491803278688525,
        "auroc": 0.7305532275867708,
        "accuracy": 0.7031007751937984,
        "count": 1290,
        "num_stabilizing": 488,
        "num_destabilizing": 802
    },
    "ssym": {
        "pearson": [
            -0.5823663562282481,
            1.2516200526745356e-168
        ],
        "spearman": [
            -0.5903705824855745,
            2.2105227578260023e-174
        ],
        "precision": 0.6582446808510638,
        "recall": 0.6257901390644753,
        "auroc": 0.7701581529244528,
        "accuracy": 0.7014038876889849,
        "count": 1852,
        "num_stabilizing": 791,
        "num_destabilizing": 1061
    },
    "t2226": {
        "pearson": [
            -0.5592932860498597,
            0.0
        ],
        "spearman": [
            -0.6007681002591367,
            0.0
        ],
        "precision": 0.6824561403508772,
        "recall": 0.6544414535666218,
        "auroc": 0.7982761199032605,
        "accuracy": 0.7194714679831566,
        "count": 6887,
        "num_stabilizing": 2972,
        "num_destabilizing": 3915
    },
    "overall": {
        "pearson": [
            -0.5494121261875351,
            0.0
        ],
        "spearman": [
            -0.5861440406124746,
            0.0
        ],
        "precision": 0.6768651447399389,
        "recall": 0.6416778224007139,
        "auroc": 0.7888013106830425,
        "accuracy": 0.7177908298597954,
        "count": 10556,
        "num_stabilizing": 4482,
        "num_destabilizing": 6074
    }
}