{
    "score": {
        "pearson": [
            0.3905738177010748,
            1.5810579252636194e-128
        ],
        "spearman": [
            0.4262815200919031,
            2.676957074824114e-155
        ],
        "count": 3517
    }
}