{
    "score": {
        "pearson": [
            0.41956964181001344,
            5.149994232368133e-150
        ],
        "spearman": [
            0.4504648115618453,
            2.3216908337985314e-175
        ],
        "count": 3517
    }
}