{
    "score": {
        "pearson": [
            0.4214266894261355,
            6.675108959806083e-163
        ],
        "spearman": [
            0.4380550183463278,
            2.5283629106306776e-177
        ],
        "count": 3786
    }
}