{
    "fitness": {
        "pearson": [
            0.3540884253034192,
            4.2739787478684406e-46
        ],
        "spearman": [
            0.3469311308856043,
            3.3414434700138133e-44
        ],
        "count": 1519
    }
}