{
    "fitness": {
        "pearson": [
            0.3668652476873943,
            1.3422273814345097e-49
        ],
        "spearman": [
            0.35751701705679223,
            5.087353689372714e-47
        ],
        "count": 1519
    }
}