{
    "score": {
        "pearson": [
            0.4848609603601366,
            1.6502314282539066e-222
        ],
        "spearman": [
            0.48759737208922743,
            2.2467778547267777e-225
        ],
        "count": 3786
    }
}