{
    "score": {
        "pearson": [
            0.4630646886993388,
            1.7838594866299596e-186
        ],
        "spearman": [
            0.47660785814419626,
            5.925324097648955e-199
        ],
        "count": 3517
    }
}