{
    "score": {
        "pearson": [
            0.47656646373561923,
            6.482106014593554e-199
        ],
        "spearman": [
            0.49033941235920153,
            3.4136771297286705e-212
        ],
        "count": 3517
    }
}