{
    "SelectionOne": {
        "pearson": [
            0.28318454157788725,
            4.4364869641526055e-146
        ],
        "spearman": [
            0.29819895386197454,
            1.640978686274348e-162
        ],
        "count": 7927
    }
}