{
    "SelectionOne": {
        "pearson": [
            0.28865287869518796,
            1.3484480236905364e-154
        ],
        "spearman": [
            0.3132238520783762,
            4.079836807208107e-183
        ],
        "count": 8067
    }
}