{
    "selection_coefficient": {
        "pearson": [
            0.29143973991232847,
            2.8938373883124425e-26
        ],
        "spearman": [
            0.26030074579603035,
            4.2389813506851654e-21
        ],
        "count": 1269
    }
}