{
    "selection_coefficient": {
        "pearson": [
            0.3301527618009505,
            1.1919594114107088e-33
        ],
        "spearman": [
            0.28216941253334477,
            1.1733199367709385e-24
        ],
        "count": 1269
    }
}