{
    "selection_coefficient": {
        "pearson": [
            0.3010808484602086,
            5.30452181395113e-28
        ],
        "spearman": [
            0.27898237664091496,
            4.058249395052218e-24
        ],
        "count": 1269
    }
}