{
    "screenscore": {
        "pearson": [
            0.23953436969769876,
            7.01357896177556e-46
        ],
        "spearman": [
            0.24422682090297718,
            1.1116237344637843e-47
        ],
        "count": 3424
    }
}