{
    "screenscore": {
        "pearson": [
            0.22889314962896132,
            1.9870065064189326e-38
        ],
        "spearman": [
            0.24008061075892856,
            3.2550368396211695e-42
        ],
        "count": 3125
    }
}