{
    "screenscore": {
        "pearson": [
            0.3737005422214078,
            3.5957194635415194e-26
        ],
        "spearman": [
            0.4070008348339941,
            3.593627109033877e-31
        ],
        "count": 747
    }
}