{
    "screenscore": {
        "pearson": [
            0.5086864373135951,
            3.928369138265316e-119
        ],
        "spearman": [
            0.4880503948383936,
            2.0163959825645022e-108
        ],
        "count": 1801
    }
}