{
    "screenscore": {
        "pearson": [
            0.49692862814869937,
            7.618044820949106e-91
        ],
        "spearman": [
            0.5054146994727289,
            2.0895737193934944e-94
        ],
        "count": 1443
    }
}