{
    "NONSEL_24h": {
        "pearson": [
            -0.3443169835684064,
            1.569165178187421e-31
        ],
        "spearman": [
            -0.34927817277376594,
            1.8643344716325141e-32
        ],
        "count": 1084
    },
    "SEL_A_24h": {
        "pearson": [
            0.3796954570677189,
            1.6786420562853922e-38
        ],
        "spearman": [
            0.38655321286326266,
            5.891625571016322e-40
        ],
        "count": 1084
    },
    "SEL_A_40h": {
        "pearson": [
            0.34656618246930404,
            6.002190022683329e-32
        ],
        "spearman": [
            0.38524415372601306,
            1.1235857835061762e-39
        ],
        "count": 1084
    },
    "SEL_B_40h": {
        "pearson": [
            0.3478742340989888,
            3.419924679859272e-32
        ],
        "spearman": [
            0.37029737760197023,
            1.4548476238716875e-36
        ],
        "count": 1084
    },
    "SEL_C_40h": {
        "pearson": [
            0.3521790195860877,
            5.270308067745714e-33
        ],
        "spearman": [
            0.36854780479170074,
            3.285208002721838e-36
        ],
        "count": 1084
    },
    "SEL_C_64h": {
        "pearson": [
            0.3225188546549457,
            1.1657114421589731e-27
        ],
        "spearman": [
            0.3482024103243581,
            2.968547334854989e-32
        ],
        "count": 1084
    }
}