{
    "myoglobin": {
        "pearson": [
            -0.7542135073302584,
            5.253939837568066e-22
        ],
        "spearman": [
            -0.794887204158027,
            7.770402259792086e-26
        ],
        "precision": 0.7727272727272727,
        "recall": 0.53125,
        "auroc": 0.8989197530864198,
        "accuracy": 0.8230088495575221,
        "count": 113,
        "num_stabilizing": 32,
        "num_destabilizing": 81
    },
    "p53": {
        "pearson": [
            -0.7603846385602471,
            5.156457243728521e-09
        ],
        "spearman": [
            -0.6973257721438162,
            2.8789554154459253e-07
        ],
        "precision": 0.5,
        "recall": 0.45454545454545453,
        "auroc": 0.8093841642228738,
        "accuracy": 0.7380952380952381,
        "count": 42,
        "num_stabilizing": 11,
        "num_destabilizing": 31
    },
    "s669": {
        "pearson": [
            -0.5273125458642446,
            4.90358142833102e-43
        ],
        "spearman": [
            -0.5622407702720582,
            6.773114085180027e-50
        ],
        "precision": 0.6018518518518519,
        "recall": 0.47101449275362317,
        "auroc": 0.787559029474027,
        "accuracy": 0.8010291595197255,
        "count": 583,
        "num_stabilizing": 138,
        "num_destabilizing": 445
    },
    "ssym": {
        "pearson": [
            -0.6919705696915991,
            1.2832380774123854e-49
        ],
        "spearman": [
            -0.7115251499704235,
            1.3729233424753904e-53
        ],
        "precision": 0.6511627906976745,
        "recall": 0.6511627906976745,
        "auroc": 0.8719551429359316,
        "accuracy": 0.8230088495575221,
        "count": 339,
        "num_stabilizing": 86,
        "num_destabilizing": 253
    },
    "t2226": {
        "pearson": [
            -0.569717615039768,
            2.808326079526434e-142
        ],
        "spearman": [
            -0.5936777721539223,
            2.4251027707473793e-157
        ],
        "precision": 0.44192634560906513,
        "recall": 0.5531914893617021,
        "auroc": 0.8092567750254778,
        "accuracy": 0.8037667071688943,
        "count": 1646,
        "num_stabilizing": 282,
        "num_destabilizing": 1364
    },
    "overall": {
        "pearson": [
            -0.5754380819398464,
            6.346262029548217e-240
        ],
        "spearman": [
            -0.6061411952736002,
            6.780639763476916e-273
        ],
        "precision": 0.5164075993091537,
        "recall": 0.5446265938069217,
        "auroc": 0.8167337787362823,
        "accuracy": 0.8053617333822989,
        "count": 2723,
        "num_stabilizing": 549,
        "num_destabilizing": 2174
    }
}