{
    "myoglobin": {
        "pearson": [
            -0.7647867721643138,
            1.3773316223021063e-91
        ],
        "spearman": [
            -0.8128098172454485,
            3.887243124061665e-112
        ],
        "precision": 0.8434343434343434,
        "recall": 0.7877358490566038,
        "auroc": 0.9258577984993079,
        "accuracy": 0.8386411889596603,
        "count": 471,
        "num_stabilizing": 212,
        "num_destabilizing": 259
    },
    "p53": {
        "pearson": [
            -0.8189849456573655,
            1.2314286273173636e-14
        ],
        "spearman": [
            -0.7956934148504892,
            2.3468888867464983e-13
        ],
        "precision": 0.9230769230769231,
        "recall": 0.631578947368421,
        "auroc": 0.883357041251778,
        "accuracy": 0.8571428571428571,
        "count": 56,
        "num_stabilizing": 19,
        "num_destabilizing": 37
    },
    "s669": {
        "pearson": [
            -0.4639315065767139,
            7.981869333544113e-67
        ],
        "spearman": [
            -0.4571626223985448,
            1.0561955622064403e-64
        ],
        "precision": 0.5514223194748359,
        "recall": 0.5316455696202531,
        "auroc": 0.7182029430240768,
        "accuracy": 0.6536901865369019,
        "count": 1233,
        "num_stabilizing": 474,
        "num_destabilizing": 759
    },
    "ssym": {
        "pearson": [
            -0.7291765633023374,
            4.3794857361471434e-307
        ],
        "spearman": [
            -0.7345178765147578,
            7.5006934537e-314
        ],
        "precision": 0.748395378690629,
        "recall": 0.7370417193426043,
        "auroc": 0.8585441065902811,
        "accuracy": 0.7818574514038877,
        "count": 1852,
        "num_stabilizing": 791,
        "num_destabilizing": 1061
    },
    "t2226": {
        "pearson": [
            -0.7227700526483815,
            0.0
        ],
        "spearman": [
            -0.7239544643167064,
            0.0
        ],
        "precision": 0.7438655462184874,
        "recall": 0.7446164199192463,
        "auroc": 0.8540500611067281,
        "accuracy": 0.7791491215333236,
        "count": 6887,
        "num_stabilizing": 2972,
        "num_destabilizing": 3915
    },
    "overall": {
        "pearson": [
            -0.7033675766034903,
            0.0
        ],
        "spearman": [
            -0.7055206690881791,
            0.0
        ],
        "precision": 0.729760289461782,
        "recall": 0.72224709042077,
        "auroc": 0.8460364326242199,
        "accuracy": 0.767977902657396,
        "count": 10499,
        "num_stabilizing": 4468,
        "num_destabilizing": 6031
    }
}