{
    "log2_ratio": {
        "pearson": [
            0.32308341127096907,
            2.747550040675924e-23
        ],
        "spearman": [
            0.2623863530357066,
            1.2770268324334031e-15
        ],
        "count": 899
    }
}