{
    "log2_ratio": {
        "pearson": [
            0.39175302921444366,
            2.3838594651940943e-34
        ],
        "spearman": [
            0.316204927893241,
            2.5240656731062554e-22
        ],
        "count": 899
    }
}