{
    "NONSEL_24h": {
        "pearson": [
            -0.3506527002409969,
            1.0262462778254531e-32
        ],
        "spearman": [
            -0.37984025996039816,
            1.5653042193922825e-38
        ],
        "count": 1084
    },
    "SEL_A_24h": {
        "pearson": [
            0.4356988307752786,
            1.9166415668350484e-51
        ],
        "spearman": [
            0.46264562352819294,
            1.3470013673653666e-58
        ],
        "count": 1084
    },
    "SEL_A_40h": {
        "pearson": [
            0.4020023039276321,
            2.3117459930193564e-43
        ],
        "spearman": [
            0.46141750707438706,
            2.9479510807401784e-58
        ],
        "count": 1084
    },
    "SEL_B_40h": {
        "pearson": [
            0.4044154955972668,
            6.536921776654433e-44
        ],
        "spearman": [
            0.44164834047953266,
            5.728466975796037e-53
        ],
        "count": 1084
    },
    "SEL_C_40h": {
        "pearson": [
            0.40200134786563463,
            2.31289837240237e-43
        ],
        "spearman": [
            0.43513059864399833,
            2.6703191401925887e-51
        ],
        "count": 1084
    },
    "SEL_C_64h": {
        "pearson": [
            0.3754581094176933,
            1.2781858562134362e-37
        ],
        "spearman": [
            0.41583055307662026,
            1.4405499206877133e-46
        ],
        "count": 1084
    }
}