{
    "fitness": {
        "pearson": [
            0.28501302307687615,
            8.807016205930076e-30
        ],
        "spearman": [
            0.285183903464237,
            8.121504031556197e-30
        ],
        "count": 1519
    }
}