{
    "fitness": {
        "pearson": [
            0.30875239557881945,
            6.570741441679779e-35
        ],
        "spearman": [
            0.3109890479594446,
            2.0389463426644565e-35
        ],
        "count": 1519
    }
}