{
    "myoglobin": {
        "pearson": [
            -0.25952465871773783,
            0.005505933849713107
        ],
        "spearman": [
            -0.26799553364453094,
            0.004106691278614131
        ],
        "precision": 0.6,
        "recall": 0.09375,
        "auroc": 0.6091820987654322,
        "accuracy": 0.7256637168141593,
        "count": 113,
        "num_stabilizing": 32,
        "num_destabilizing": 81
    },
    "p53": {
        "pearson": [
            -0.5159567288781306,
            0.0004698771211509973
        ],
        "spearman": [
            -0.5053484619510561,
            0.0006412648663970547
        ],
        "precision": 0.5,
        "recall": 0.2727272727272727,
        "auroc": 0.7478005865102639,
        "accuracy": 0.7380952380952381,
        "count": 42,
        "num_stabilizing": 11,
        "num_destabilizing": 31
    },
    "s669": {
        "pearson": [
            -0.3010834944485903,
            1.10917850416108e-13
        ],
        "spearman": [
            -0.32532172221671213,
            7.730587570622031e-16
        ],
        "precision": 0.4666666666666667,
        "recall": 0.10144927536231885,
        "auroc": 0.6553655756391468,
        "accuracy": 0.7598627787307033,
        "count": 583,
        "num_stabilizing": 138,
        "num_destabilizing": 445
    },
    "ssym": {
        "pearson": [
            -0.4938941263994793,
            3.0050130511918744e-22
        ],
        "spearman": [
            -0.5356477430211817,
            1.444592168008104e-26
        ],
        "precision": 0.8095238095238095,
        "recall": 0.19767441860465115,
        "auroc": 0.7249747219413549,
        "accuracy": 0.7846607669616519,
        "count": 339,
        "num_stabilizing": 86,
        "num_destabilizing": 253
    },
    "t2226": {
        "pearson": [
            -0.3105923317364319,
            3.8463009196545293e-38
        ],
        "spearman": [
            -0.3838266686151339,
            6.504440918882574e-59
        ],
        "precision": 0.3902439024390244,
        "recall": 0.11347517730496454,
        "auroc": 0.7011293442316091,
        "accuracy": 0.8177399756986634,
        "count": 1646,
        "num_stabilizing": 282,
        "num_destabilizing": 1364
    },
    "overall": {
        "pearson": [
            -0.3334420049029399,
            1.0449033693672498e-71
        ],
        "spearman": [
            -0.3920559498971946,
            9.587089210621014e-101
        ],
        "precision": 0.4791666666666667,
        "recall": 0.12568306010928962,
        "auroc": 0.6923653108520469,
        "accuracy": 0.7961806830701432,
        "count": 2723,
        "num_stabilizing": 549,
        "num_destabilizing": 2174
    }
}