{
    "linear": {
        "pearson": [
            0.3365307601709497,
            4.9145344035134555e-11
        ],
        "spearman": [
            0.36245793049331404,
            1.1127038147818608e-12
        ],
        "count": 362
    }
}