{
    "react_rel": {
        "pearson": [
            0.45410823374984566,
            6.35071805531169e-74
        ],
        "spearman": [
            0.4228931463911379,
            2.421954837174163e-63
        ],
        "count": 1435
    }
}