{
    "react_rel": {
        "pearson": [
            0.5059374509655195,
            4.0944296053881026e-94
        ],
        "spearman": [
            0.4623927184469723,
            6.37186104547715e-77
        ],
        "count": 1435
    }
}