{
    "react_rel": {
        "pearson": [
            0.45395525603661224,
            7.201432618185904e-74
        ],
        "spearman": [
            0.4190054678108624,
            4.226370093865131e-62
        ],
        "count": 1435
    }
}