{
    "Overall": {
        "all_types_of_mutations": {
            "Pr": -0.15154874104987248,
            "Pr_pval": 0.003388846548555785,
            "Sr": -0.21784308573876834,
            "Sr_pval": 2.2504252756937383e-05,
            "num": 372.0,
            "num_struc": 39.0
        },
        "single_point_mutations": {
            "Pr": -0.21448621186234232,
            "Pr_pval": 0.0004844805353337536,
            "Sr": -0.24873579019016737,
            "Sr_pval": 4.8403984580553064e-05,
            "num": 261.0,
            "num_struc": 36.0
        },
        "multi_point_mutations": {
            "Pr": -0.19707037493671584,
            "Pr_pval": 0.03815938474753909,
            "Sr": -0.10508857570225662,
            "Sr_pval": 0.27234153650912246,
            "num": 111.0,
            "num_struc": 16.0
        }
    },
    "Per-Structure": {
        "all_types_of_mutations": {
            "Pr": -0.20453580982678565,
            "Pr_std": 0.17061478998265056,
            "Pr_pval": 0.016160393203197686,
            "Sr": -0.21125351057673977,
            "Sr_std": 0.2984988431541507,
            "Sr_pval": 4.835934082066029e-06,
            "num": 266.0,
            "num_struc": 8.0
        },
        "single_point_mutations": {
            "Pr": -0.2536383796272915,
            "Pr_std": 0.16512564283514242,
            "Pr_pval": 0.017597477891955652,
            "Sr": -0.32276867398002207,
            "Sr_std": 0.14698839363914715,
            "Sr_pval": 0.000830796854822841,
            "num": 180.0,
            "num_struc": 7.0
        },
        "multi_point_mutations": {
            "Pr": 0.01617519771583731,
            "Pr_std": 0.41157502128680495,
            "Pr_pval": 0.0011106665010013517,
            "Sr": 0.11405052385732614,
            "Sr_std": 0.5128577343515917,
            "Sr_pval": 5.1287864864411694e-05,
            "num": 79.0,
            "num_struc": 2.0
        }
    }
}