{
    "Overall": {
        "all_types_of_mutations": {
            "Pr": -0.154624021809056,
            "Pr_pval": 0.0027875198268610267,
            "Sr": -0.23547634486910796,
            "Sr_pval": 4.408363307591349e-06,
            "num": 372.0,
            "num_struc": 39.0
        },
        "single_point_mutations": {
            "Pr": -0.21382058102751633,
            "Pr_pval": 0.0005049678772666823,
            "Sr": -0.25742727359980117,
            "Sr_pval": 2.552881068494417e-05,
            "num": 261.0,
            "num_struc": 36.0
        },
        "multi_point_mutations": {
            "Pr": -0.18946563163910113,
            "Pr_pval": 0.04641213218789933,
            "Sr": -0.13237975105476948,
            "Sr_pval": 0.16604548156077226,
            "num": 111.0,
            "num_struc": 16.0
        }
    },
    "Per-Structure": {
        "all_types_of_mutations": {
            "Pr": -0.23179634389050766,
            "Pr_std": 0.201759447290057,
            "Pr_pval": 0.0032443369710092153,
            "Sr": -0.24549790589693782,
            "Sr_std": 0.24749253430572415,
            "Sr_pval": 1.2132889898759904e-05,
            "num": 266.0,
            "num_struc": 8.0
        },
        "single_point_mutations": {
            "Pr": -0.2737205872942886,
            "Pr_std": 0.20750271616711036,
            "Pr_pval": 0.0060124148081855955,
            "Sr": -0.3333024995981244,
            "Sr_std": 0.19613370654801182,
            "Sr_pval": 0.00025532975081192814,
            "num": 180.0,
            "num_struc": 7.0
        },
        "multi_point_mutations": {
            "Pr": -0.09117380153257099,
            "Pr_std": 0.31865557289939367,
            "Pr_pval": 0.00412593161174042,
            "Sr": -0.06712524640955081,
            "Sr_std": 0.34581394911198227,
            "Sr_pval": 0.0026943055480811483,
            "num": 79.0,
            "num_struc": 2.0
        }
    }
}