{
    "overall": {
        "pearson": [
            -0.4334104529151408,
            1.660157248190324e-17
        ],
        "spearman": [
            -0.4586996001545115,
            1.1513221368446996e-19
        ],
        "count": 351
    }
}