{
    "ETP_AVERAGE": {
        "pearson": [
            0.09026488022052229,
            3.503921061491631e-13
        ],
        "spearman": [
            0.08635496501877282,
            3.471155964422303e-12
        ],
        "count": 6469
    },
    "DOX_Average": {
        "pearson": [
            0.007147689494040508,
            0.5654363181213589
        ],
        "spearman": [
            -0.011148412824114422,
            0.3699737848999002
        ],
        "count": 6469
    },
    "SCH_Average": {
        "pearson": [
            0.0819122347700463,
            4.1667097820068896e-11
        ],
        "spearman": [
            0.0841779330142059,
            1.1920775932909364e-11
        ],
        "count": 6469
    },
    "VRT_AVERAGE": {
        "pearson": [
            0.08187484389945518,
            4.2524718261185415e-11
        ],
        "spearman": [
            0.08379812934908107,
            1.473729638157442e-11
        ],
        "count": 6469
    }
}