{
    "ETP_AVERAGE": {
        "pearson": [
            0.07956368733950273,
            4.880085185275972e-11
        ],
        "spearman": [
            0.07275647684600613,
            1.8496783265922669e-09
        ],
        "count": 6809
    },
    "DOX_Average": {
        "pearson": [
            -0.003994882450123102,
            0.7417134293962127
        ],
        "spearman": [
            -0.019584641346084702,
            0.1061121394565143
        ],
        "count": 6809
    },
    "SCH_Average": {
        "pearson": [
            0.07923582363902541,
            5.855871109404913e-11
        ],
        "spearman": [
            0.08012128807799951,
            3.573249844661663e-11
        ],
        "count": 6809
    },
    "VRT_AVERAGE": {
        "pearson": [
            0.08066381707648339,
            2.6331564307260732e-11
        ],
        "spearman": [
            0.08193127700605214,
            1.280370960490277e-11
        ],
        "count": 6809
    }
}