{
    "selection_coefficient": {
        "pearson": [
            0.33399237441405827,
            1.917630097385867e-34
        ],
        "spearman": [
            0.31856228500765066,
            2.5323891919679505e-31
        ],
        "count": 1269
    }
}