{
    "selection_coefficient": {
        "pearson": [
            0.3035467782009909,
            1.8607883109104618e-28
        ],
        "spearman": [
            0.27926452249469186,
            3.638417971661683e-24
        ],
        "count": 1269
    }
}