{
    "selection_coefficient": {
        "pearson": [
            0.32791624461796853,
            3.413961487113768e-33
        ],
        "spearman": [
            0.2919392912772382,
            2.3610656462114918e-26
        ],
        "count": 1269
    }
}