{
    "score": {
        "pearson": [
            0.5691083263908085,
            1e-323
        ],
        "spearman": [
            0.5051345607311066,
            2.245714190447158e-244
        ],
        "count": 3786
    }
}