{
    "score": {
        "pearson": [
            0.5525426000375195,
            2.1948251602885952e-280
        ],
        "spearman": [
            0.5040581695752456,
            4.877789743660998e-226
        ],
        "count": 3517
    }
}