{
    "score": {
        "pearson": [
            0.5547047329907866,
            5.067886247477573e-283
        ],
        "spearman": [
            0.5049867385887633,
            5.3464435209548715e-227
        ],
        "count": 3517
    }
}