{
    "myoglobin": {
        "pearson": [
            -0.3026871530943352,
            1.9508327177523176e-11
        ],
        "spearman": [
            -0.3635679872406356,
            3.6411315986088777e-16
        ],
        "precision": 0.6042780748663101,
        "recall": 0.5330188679245284,
        "auroc": 0.7000254971953085,
        "accuracy": 0.6326963906581741,
        "count": 471,
        "num_stabilizing": 212,
        "num_destabilizing": 259
    },
    "p53": {
        "pearson": [
            -0.6210682840257967,
            3.271694870162265e-07
        ],
        "spearman": [
            -0.5205844674221565,
            3.9073752701825344e-05
        ],
        "precision": 0.625,
        "recall": 0.5263157894736842,
        "auroc": 0.7496443812233287,
        "accuracy": 0.7321428571428571,
        "count": 56,
        "num_stabilizing": 19,
        "num_destabilizing": 37
    },
    "s669": {
        "pearson": [
            -0.5426955131192233,
            4.7854288852791085e-90
        ],
        "spearman": [
            -0.5271845365585089,
            3.581331606416263e-84
        ],
        "precision": 0.5632183908045977,
        "recall": 0.4558139534883721,
        "auroc": 0.7239093879881976,
        "accuracy": 0.6680997420464316,
        "count": 1163,
        "num_stabilizing": 430,
        "num_destabilizing": 733
    },
    "ssym": {
        "pearson": [
            -0.5525633425230875,
            1.4883484891802615e-148
        ],
        "spearman": [
            -0.5307993428447422,
            3.970839022254165e-135
        ],
        "precision": 0.6056701030927835,
        "recall": 0.5941845764854614,
        "auroc": 0.7200372713288397,
        "accuracy": 0.6614470842332614,
        "count": 1852,
        "num_stabilizing": 791,
        "num_destabilizing": 1061
    },
    "t2226": {
        "pearson": [
            -0.5541960402639663,
            0.0
        ],
        "spearman": [
            -0.5789082761652748,
            0.0
        ],
        "precision": 0.6818675352877307,
        "recall": 0.6358420519743503,
        "auroc": 0.7750311695483971,
        "accuracy": 0.7135332845647403,
        "count": 6835,
        "num_stabilizing": 2963,
        "num_destabilizing": 3872
    },
    "overall": {
        "pearson": [
            -0.5445561121462502,
            0.0
        ],
        "spearman": [
            -0.5569005367841149,
            0.0
        ],
        "precision": 0.6535452322738386,
        "recall": 0.605436013590034,
        "auroc": 0.7579389360247972,
        "accuracy": 0.6955767562879445,
        "count": 10377,
        "num_stabilizing": 4415,
        "num_destabilizing": 5962
    }
}