{
    "SelectionTwo": {
        "pearson": [
            0.21369538486143316,
            1.2414850596002436e-86
        ],
        "spearman": [
            0.18525994782738167,
            3.3364979179948718e-65
        ],
        "count": 8329
    }
}