{
    "acetamide_normalized_fitness": {
        "pearson": [
            0.08564405349227902,
            2.8577972346241865e-12
        ],
        "spearman": [
            0.08256632160218695,
            1.6657760411767707e-11
        ],
        "count": 6629
    },
    "isobutyramide_normalized_fitness": {
        "pearson": [
            0.10661490628753505,
            4.576181332591553e-18
        ],
        "spearman": [
            0.09142199886895606,
            1.14263464382219e-13
        ],
        "count": 6568
    },
    "propionamide_normalized_fitness": {
        "pearson": [
            0.058141722116749214,
            2.1620964812834823e-06
        ],
        "spearman": [
            0.06335320788110065,
            2.4285911707244076e-07
        ],
        "count": 6631
    }
}