{
    "acetamide_normalized_fitness": {
        "pearson": [
            0.08219094772792344,
            2.1962721794057753e-11
        ],
        "spearman": [
            0.0783772972562898,
            1.7612423135126452e-10
        ],
        "count": 6610
    },
    "isobutyramide_normalized_fitness": {
        "pearson": [
            0.10950310764619604,
            6.334816005595489e-19
        ],
        "spearman": [
            0.09738653523761111,
            2.8395071619829734e-15
        ],
        "count": 6548
    },
    "propionamide_normalized_fitness": {
        "pearson": [
            0.059060081554867985,
            1.5448327480664576e-06
        ],
        "spearman": [
            0.060136418160881486,
            9.927042331790463e-07
        ],
        "count": 6611
    }
}