{
    "log2_ratio": {
        "pearson": [
            0.20931512919383632,
            2.3342613215883207e-10
        ],
        "spearman": [
            0.1469255215469518,
            9.724406837159104e-06
        ],
        "count": 899
    }
}