{
    "log2_ratio": {
        "pearson": [
            0.22469114431701304,
            9.430300439533802e-12
        ],
        "spearman": [
            0.14734566132426669,
            9.164568705231398e-06
        ],
        "count": 899
    }
}