{
    "screenscore": {
        "pearson": [
            0.4768905662904581,
            8.025892199127806e-83
        ],
        "spearman": [
            0.48152754026243155,
            1.2449198300872611e-84
        ],
        "count": 1443
    }
}