{
    "screenscore": {
        "pearson": [
            0.35942603711292076,
            3.375084780040453e-24
        ],
        "spearman": [
            0.3699434366424806,
            1.2150631866972325e-25
        ],
        "count": 747
    }
}