{
    "screenscore": {
        "pearson": [
            0.48275860466757275,
            8.606312589414566e-106
        ],
        "spearman": [
            0.45013959746628707,
            1.463098111532737e-90
        ],
        "count": 1801
    }
}