{
    "myoglobin": {
        "pearson": [
            -0.561454956555815,
            9.855334736249164e-11
        ],
        "spearman": [
            -0.49469860358495193,
            2.5561320046118498e-08
        ],
        "precision": 0.42857142857142855,
        "recall": 0.5625,
        "auroc": 0.7411265432098766,
        "accuracy": 0.6637168141592921,
        "count": 113,
        "num_stabilizing": 32,
        "num_destabilizing": 81
    },
    "p53": {
        "pearson": [
            -0.11917988056942305,
            0.4522013213194973
        ],
        "spearman": [
            0.015883306373060777,
            0.9204750507515064
        ],
        "precision": 0.2857142857142857,
        "recall": 0.36363636363636365,
        "auroc": 0.48680351906158353,
        "accuracy": 0.5952380952380952,
        "count": 42,
        "num_stabilizing": 11,
        "num_destabilizing": 31
    },
    "s669": {
        "pearson": [
            -0.23413534437997638,
            3.956185417783222e-09
        ],
        "spearman": [
            -0.2763632811663957,
            2.8015274050564862e-12
        ],
        "precision": 0.3607142857142857,
        "recall": 0.6158536585365854,
        "auroc": 0.62401739083616,
        "accuracy": 0.6077795786061588,
        "count": 617,
        "num_stabilizing": 164,
        "num_destabilizing": 453
    },
    "ssym": {
        "pearson": [
            -0.4072787539578875,
            5.611140344035774e-15
        ],
        "spearman": [
            -0.3796890010886854,
            4.559374215632069e-13
        ],
        "precision": 0.33557046979865773,
        "recall": 0.5813953488372093,
        "auroc": 0.6780034929681037,
        "accuracy": 0.6017699115044248,
        "count": 339,
        "num_stabilizing": 86,
        "num_destabilizing": 253
    },
    "t2226": {
        "pearson": [
            -0.3567623459220257,
            5.176194359466207e-52
        ],
        "spearman": [
            -0.3154786685981775,
            1.8565649170759592e-40
        ],
        "precision": 0.23195876288659795,
        "recall": 0.6228373702422145,
        "auroc": 0.651099016118903,
        "accuracy": 0.5838252656434475,
        "count": 1694,
        "num_stabilizing": 289,
        "num_destabilizing": 1405
    },
    "overall": {
        "pearson": [
            -0.329559585257494,
            4.777318939905571e-72
        ],
        "spearman": [
            -0.30707408003123415,
            2.550738101948899e-62
        ],
        "precision": 0.27993655828707376,
        "recall": 0.6065292096219931,
        "auroc": 0.6461798937382224,
        "accuracy": 0.5946524064171123,
        "count": 2805,
        "num_stabilizing": 582,
        "num_destabilizing": 2223
    }
}