{
    "SelectionOne": {
        "pearson": [
            0.30322362331096736,
            3.584514014386167e-171
        ],
        "spearman": [
            0.32605308809889405,
            3.9340950922411953e-199
        ],
        "count": 8067
    }
}