{
    "SelectionOne": {
        "pearson": [
            0.29828276839574963,
            1.3199199679200667e-162
        ],
        "spearman": [
            0.31542011317582175,
            1.3006883542417867e-182
        ],
        "count": 7927
    }
}