{
    "linear": {
        "pearson": [
            0.2889957922935066,
            2.1506063868247355e-08
        ],
        "spearman": [
            0.3111499860680036,
            1.4448849819760207e-09
        ],
        "count": 362
    }
}