{
    "NONSEL_24h": {
        "pearson": [
            -0.18773881654872537,
            4.679835853037071e-10
        ],
        "spearman": [
            -0.23912518818903006,
            1.463824069891133e-15
        ],
        "count": 1084
    },
    "SEL_A_24h": {
        "pearson": [
            0.3372887405857763,
            3.005778363088911e-30
        ],
        "spearman": [
            0.311970401571205,
            6.750407415250827e-26
        ],
        "count": 1084
    },
    "SEL_A_40h": {
        "pearson": [
            0.3178907435477172,
            7.058252166403386e-27
        ],
        "spearman": [
            0.3051022118816063,
            8.69706043993717e-25
        ],
        "count": 1084
    },
    "SEL_B_40h": {
        "pearson": [
            0.29669620929607493,
            1.812120086841425e-23
        ],
        "spearman": [
            0.2953138168530829,
            2.9574924207793514e-23
        ],
        "count": 1084
    },
    "SEL_C_40h": {
        "pearson": [
            0.2993130390269664,
            7.116846291154545e-24
        ],
        "spearman": [
            0.3014693324789148,
            3.2709056546090524e-24
        ],
        "count": 1084
    },
    "SEL_C_64h": {
        "pearson": [
            0.2933922636463089,
            5.817025606886772e-23
        ],
        "spearman": [
            0.29509698210782814,
            3.1929109436026235e-23
        ],
        "count": 1084
    }
}