{
    "myoglobin": {
        "pearson": [
            -0.7729835541279699,
            9.863438887812873e-95
        ],
        "spearman": [
            -0.8214326157504043,
            1.8432406453841414e-116
        ],
        "precision": 0.8606965174129353,
        "recall": 0.8160377358490566,
        "auroc": 0.9210679682377795,
        "accuracy": 0.8577494692144374,
        "count": 471,
        "num_stabilizing": 212,
        "num_destabilizing": 259
    },
    "p53": {
        "pearson": [
            -0.7649797693635904,
            6.707455589796682e-12
        ],
        "spearman": [
            -0.6829360018096059,
            6.693771659285933e-09
        ],
        "precision": 0.6111111111111112,
        "recall": 0.5789473684210527,
        "auroc": 0.8193456614509246,
        "accuracy": 0.7321428571428571,
        "count": 56,
        "num_stabilizing": 19,
        "num_destabilizing": 37
    },
    "s669": {
        "pearson": [
            -0.6487790930662314,
            6.745827556730691e-140
        ],
        "spearman": [
            -0.6273590810898549,
            2.9621659148358647e-128
        ],
        "precision": 0.6432160804020101,
        "recall": 0.5953488372093023,
        "auroc": 0.7969224911957866,
        "accuracy": 0.7282889079965607,
        "count": 1163,
        "num_stabilizing": 430,
        "num_destabilizing": 733
    },
    "ssym": {
        "pearson": [
            -0.7165648537061825,
            9.844477652486855e-292
        ],
        "spearman": [
            -0.7095816509363537,
            1.3722076247405244e-283
        ],
        "precision": 0.7198986058301647,
        "recall": 0.718078381795196,
        "auroc": 0.8461437639037666,
        "accuracy": 0.7602591792656588,
        "count": 1852,
        "num_stabilizing": 791,
        "num_destabilizing": 1061
    },
    "t2226": {
        "pearson": [
            -0.6987691424131961,
            0.0
        ],
        "spearman": [
            -0.7017017539922121,
            0.0
        ],
        "precision": 0.7373333333333333,
        "recall": 0.746540668241647,
        "auroc": 0.8440454831349731,
        "accuracy": 0.774835405998537,
        "count": 6835,
        "num_stabilizing": 2963,
        "num_destabilizing": 3872
    },
    "overall": {
        "pearson": [
            -0.6998015692324542,
            0.0
        ],
        "spearman": [
            -0.7023872985492616,
            0.0
        ],
        "precision": 0.7308216068996822,
        "recall": 0.7293318233295584,
        "auroc": 0.8443524161896617,
        "accuracy": 0.7705502553724584,
        "count": 10377,
        "num_stabilizing": 4415,
        "num_destabilizing": 5962
    }
}