{
    "myoglobin": {
        "pearson": [
            -0.3522670520878022,
            0.00013001957645097408
        ],
        "spearman": [
            -0.37602383832556213,
            4.053187658508454e-05
        ],
        "precision": 0.75,
        "recall": 0.09375,
        "auroc": 0.6882716049382717,
        "accuracy": 0.7345132743362832,
        "count": 113,
        "num_stabilizing": 32,
        "num_destabilizing": 81
    },
    "p53": {
        "pearson": [
            -0.5509278379340207,
            0.0001563243089439347
        ],
        "spearman": [
            -0.5550243130055779,
            0.00013631056535595625
        ],
        "precision": 0.6666666666666666,
        "recall": 0.18181818181818182,
        "auroc": 0.7624633431085044,
        "accuracy": 0.7619047619047619,
        "count": 42,
        "num_stabilizing": 11,
        "num_destabilizing": 31
    },
    "s669": {
        "pearson": [
            -0.18333627955530785,
            2.6764650441836507e-06
        ],
        "spearman": [
            -0.19399350062832046,
            6.618869855583744e-07
        ],
        "precision": 0.3333333333333333,
        "recall": 0.12195121951219512,
        "auroc": 0.5791546735343129,
        "accuracy": 0.7156105100463679,
        "count": 647,
        "num_stabilizing": 164,
        "num_destabilizing": 483
    },
    "ssym": {
        "pearson": [
            -0.5017383381993714,
            5.144172881200112e-23
        ],
        "spearman": [
            -0.5220925154193901,
            4.240858164288364e-25
        ],
        "precision": 0.8181818181818182,
        "recall": 0.20930232558139536,
        "auroc": 0.7039709532126115,
        "accuracy": 0.7876106194690266,
        "count": 339,
        "num_stabilizing": 86,
        "num_destabilizing": 253
    },
    "t2226": {
        "pearson": [
            -0.3142512324025988,
            3.851504250885955e-40
        ],
        "spearman": [
            -0.384689052675741,
            7.230695703786361e-61
        ],
        "precision": 0.5256410256410257,
        "recall": 0.14186851211072665,
        "auroc": 0.7070546368013398,
        "accuracy": 0.8317591499409681,
        "count": 1694,
        "num_stabilizing": 289,
        "num_destabilizing": 1405
    },
    "overall": {
        "pearson": [
            -0.3239497821815141,
            2.8853200667966704e-70
        ],
        "spearman": [
            -0.3706789195928663,
            4.762936095245687e-93
        ],
        "precision": 0.5029940119760479,
        "recall": 0.14432989690721648,
        "auroc": 0.6807448792980111,
        "accuracy": 0.7950617283950617,
        "count": 2835,
        "num_stabilizing": 582,
        "num_destabilizing": 2253
    }
}