{
    "log2_ratio": {
        "pearson": [
            0.033380814959163445,
            0.31742955606962103
        ],
        "spearman": [
            -0.010170478547976454,
            0.7607253592619305
        ],
        "count": 899
    }
}