{
    "log2_ratio": {
        "pearson": [
            -0.017665180770133314,
            0.5968295450381684
        ],
        "spearman": [
            -0.06241206714359017,
            0.0614086295397754
        ],
        "count": 899
    }
}