{
    "CRIPT": {
        "pearson": [
            0.3559706262275199,
            9.698935220601703e-51
        ],
        "spearman": [
            0.3312192363243505,
            9.086263666398525e-44
        ],
        "count": 1659
    },
    "Tm2F": {
        "pearson": [
            0.2387425312121144,
            6.219526759860392e-23
        ],
        "spearman": [
            0.20067873827230706,
            1.5611848489481295e-16
        ],
        "count": 1659
    }
}