{
    "react_rel": {
        "pearson": [
            0.4333551587441567,
            9.128378418457728e-67
        ],
        "spearman": [
            0.29307461311683775,
            8.09221334754665e-30
        ],
        "count": 1435
    }
}