{
    "react_rel": {
        "pearson": [
            0.4404148842991248,
            3.811498510882792e-69
        ],
        "spearman": [
            0.30697803720321487,
            1.084490644708726e-32
        ],
        "count": 1435
    }
}