{
    "react_rel": {
        "pearson": [
            0.4645497717392657,
            1.0229868476448065e-77
        ],
        "spearman": [
            0.35945193621754606,
            5.195141457005831e-45
        ],
        "count": 1435
    }
}