{
    "2LZM": {
        "pearson": [
            -0.6912240367354482,
            8.43959724380984e-06
        ],
        "spearman": [
            -0.7356363404007513,
            1.0746725325267869e-06
        ],
        "count": 33
    }
}