{
    "2LZM": {
        "pearson": [
            -0.6769609229967887,
            1.5181904127711327e-05
        ],
        "spearman": [
            -0.6983359984477346,
            6.2194577084044445e-06
        ],
        "count": 33
    }
}