{
    "fitness": {
        "pearson": [
            0.22149331826118637,
            2.454843299016361e-18
        ],
        "spearman": [
            0.22598458218100528,
            4.837232453604954e-19
        ],
        "count": 1519
    }
}