{
    "overall": {
        "pearson": [
            -0.44138826208514753,
            3.617508883896077e-18
        ],
        "spearman": [
            -0.4317539105538383,
            2.266630202239555e-17
        ],
        "count": 351
    }
}