{
    "attenuated": {
        "pearson": [
            0.09329938925414646,
            1.6729421767179833e-07
        ],
        "spearman": [
            0.08188592273084193,
            4.431819759272694e-06
        ],
        "count": 3134
    },
    "regulated": {
        "pearson": [
            0.3133799919357879,
            2.259372824010698e-72
        ],
        "spearman": [
            0.3230238406488624,
            4.971125346007374e-77
        ],
        "count": 3134
    },
    "unregulated": {
        "pearson": [
            0.3191888860398748,
            3.7083737817258685e-75
        ],
        "spearman": [
            0.33938564295693024,
            2.483445496872592e-85
        ],
        "count": 3134
    }
}