{
    "attenuated": {
        "pearson": [
            0.030062226069599043,
            0.09244157627748839
        ],
        "spearman": [
            0.03830628182071392,
            0.032000916979010204
        ],
        "count": 3134
    },
    "regulated": {
        "pearson": [
            0.28218863640344904,
            1.8482293218630932e-58
        ],
        "spearman": [
            0.2877876699402796,
            7.869996605350594e-61
        ],
        "count": 3134
    },
    "unregulated": {
        "pearson": [
            0.263360446351208,
            6.993617517191991e-51
        ],
        "spearman": [
            0.28054468347097516,
            8.964701921408132e-58
        ],
        "count": 3134
    }
}