{
    "attenuated": {
        "pearson": [
            0.0179658255221912,
            0.32062735843729295
        ],
        "spearman": [
            0.026644544793475704,
            0.1407292611687866
        ],
        "count": 3058
    },
    "regulated": {
        "pearson": [
            0.32481639261154976,
            4.53984116515423e-76
        ],
        "spearman": [
            0.33047372447825807,
            7.82711297910224e-79
        ],
        "count": 3058
    },
    "unregulated": {
        "pearson": [
            0.3303107098426636,
            9.420092397802864e-79
        ],
        "spearman": [
            0.34097835661338205,
            4.0243705920815216e-84
        ],
        "count": 3058
    }
}