{
    "Caffeine": {
        "pearson": [
            0.17758838957715314,
            1.377929862497118e-10
        ],
        "spearman": [
            0.21960509780602547,
            1.5715034169831478e-15
        ],
        "count": 1288
    },
    "DMSO": {
        "pearson": [
            0.1334406122441435,
            1.1008408185858852e-06
        ],
        "spearman": [
            0.1575541731706677,
            8.238180326603037e-09
        ],
        "count": 1324
    },
    "DTT": {
        "pearson": [
            0.18985827216524276,
            6.932853348619529e-12
        ],
        "spearman": [
            0.21030880194617205,
            2.658371020029033e-14
        ],
        "count": 1284
    },
    "HU": {
        "pearson": [
            0.13627139737236493,
            1.0605955526457606e-06
        ],
        "spearman": [
            0.13263715989068398,
            2.0470398491304592e-06
        ],
        "count": 1273
    },
    "MG132": {
        "pearson": [
            0.14599450173548817,
            2.343996363947001e-07
        ],
        "spearman": [
            0.162580480292847,
            8.185300506798493e-09
        ],
        "count": 1243
    }
}