{
    "Caffeine": {
        "pearson": [
            0.23670071776821094,
            7.353027839461211e-18
        ],
        "spearman": [
            0.25415991110503144,
            1.9475982085202637e-20
        ],
        "count": 1288
    },
    "DMSO": {
        "pearson": [
            0.1558207101200866,
            1.2029415011111346e-08
        ],
        "spearman": [
            0.1610529656822442,
            3.788362529404401e-09
        ],
        "count": 1324
    },
    "DTT": {
        "pearson": [
            0.22273078377762828,
            6.749317143064596e-16
        ],
        "spearman": [
            0.2398718350512338,
            2.9210442003893717e-18
        ],
        "count": 1284
    },
    "HU": {
        "pearson": [
            0.1599413765902907,
            9.583596208932118e-09
        ],
        "spearman": [
            0.1275371386336998,
            5.00459470053804e-06
        ],
        "count": 1273
    },
    "MG132": {
        "pearson": [
            0.1532565746938591,
            5.638048553470798e-08
        ],
        "spearman": [
            0.1605884348070446,
            1.2480528700283906e-08
        ],
        "count": 1243
    }
}