{
    "Caffeine": {
        "pearson": [
            0.21896995116410375,
            1.9021864748755857e-15
        ],
        "spearman": [
            0.23715862419765038,
            6.330705530035757e-18
        ],
        "count": 1288
    },
    "DMSO": {
        "pearson": [
            0.13879012882493133,
            3.979925097793302e-07
        ],
        "spearman": [
            0.15608710377983476,
            1.1352611792423252e-08
        ],
        "count": 1324
    },
    "DTT": {
        "pearson": [
            0.2271328860046931,
            1.739115471690638e-16
        ],
        "spearman": [
            0.23980920644285408,
            2.9820998898861342e-18
        ],
        "count": 1284
    },
    "HU": {
        "pearson": [
            0.14602771048910368,
            1.6669246245806555e-07
        ],
        "spearman": [
            0.11498169539456153,
            3.9214256175497435e-05
        ],
        "count": 1273
    },
    "MG132": {
        "pearson": [
            0.137909720497023,
            1.057531426305356e-06
        ],
        "spearman": [
            0.15607643644978206,
            3.183098667049615e-08
        ],
        "count": 1243
    }
}