{
    "enrichment": {
        "pearson": [
            0.46146282648844855,
            3.7623243963282047e-184
        ],
        "spearman": [
            0.5051299083145487,
            4.658617177106424e-226
        ],
        "count": 3500
    }
}