{
    "enrichment": {
        "pearson": [
            0.4596925730370084,
            1.498546006169767e-162
        ],
        "spearman": [
            0.5105336659523143,
            3.2650216057649716e-206
        ],
        "count": 3112
    }
}