{
    "enrichment": {
        "pearson": [
            0.45935539719244495,
            2.762347300574122e-162
        ],
        "spearman": [
            0.5089334890536352,
            1.0084654382090378e-204
        ],
        "count": 3112
    }
}