{
    "myoglobin": {
        "pearson": [
            -0.6339579627487172,
            2.604337587637641e-54
        ],
        "spearman": [
            -0.7659236949191773,
            5.134884219792911e-92
        ],
        "precision": 0.7970297029702971,
        "recall": 0.7594339622641509,
        "auroc": 0.8903802724557441,
        "accuracy": 0.8046709129511678,
        "count": 471,
        "num_stabilizing": 212,
        "num_destabilizing": 259
    },
    "p53": {
        "pearson": [
            -0.7172849074621335,
            4.990730195587062e-10
        ],
        "spearman": [
            -0.582448946841374,
            2.486135705007573e-06
        ],
        "precision": 0.5625,
        "recall": 0.47368421052631576,
        "auroc": 0.7510668563300142,
        "accuracy": 0.6964285714285714,
        "count": 56,
        "num_stabilizing": 19,
        "num_destabilizing": 37
    },
    "s669": {
        "pearson": [
            -0.577446036161867,
            2.209911780184247e-104
        ],
        "spearman": [
            -0.549577196133481,
            9.417592378840357e-93
        ],
        "precision": 0.5699745547073791,
        "recall": 0.5209302325581395,
        "auroc": 0.7428249627208985,
        "accuracy": 0.6775580395528805,
        "count": 1163,
        "num_stabilizing": 430,
        "num_destabilizing": 733
    },
    "ssym": {
        "pearson": [
            -0.657756170309724,
            5.847667266284805e-230
        ],
        "spearman": [
            -0.6370797885343646,
            2.012268423196342e-211
        ],
        "precision": 0.6719706242350061,
        "recall": 0.6940581542351454,
        "auroc": 0.7971709297933515,
        "accuracy": 0.724622030237581,
        "count": 1852,
        "num_stabilizing": 791,
        "num_destabilizing": 1061
    },
    "t2226": {
        "pearson": [
            -0.666894810752865,
            0.0
        ],
        "spearman": [
            -0.6531636652727117,
            0.0
        ],
        "precision": 0.6921508664627931,
        "recall": 0.6874789065136686,
        "auroc": 0.8085468453209418,
        "accuracy": 0.7319678127286028,
        "count": 6835,
        "num_stabilizing": 2963,
        "num_destabilizing": 3872
    },
    "overall": {
        "pearson": [
            -0.6586852996780579,
            0.0
        ],
        "spearman": [
            -0.6459972185409807,
            0.0
        ],
        "precision": 0.6817661862274079,
        "recall": 0.6749716874292185,
        "auroc": 0.8044743739417216,
        "accuracy": 0.7276669557675629,
        "count": 10377,
        "num_stabilizing": 4415,
        "num_destabilizing": 5962
    }
}