{
    "attenuated": {
        "pearson": [
            0.12588061289382632,
            1.5227298951128987e-12
        ],
        "spearman": [
            0.10590266765832002,
            2.798328981149325e-09
        ],
        "count": 3134
    },
    "regulated": {
        "pearson": [
            0.3729687623486971,
            5.1630690326120014e-104
        ],
        "spearman": [
            0.3558847525503938,
            3.159144991338164e-94
        ],
        "count": 3134
    },
    "unregulated": {
        "pearson": [
            0.3922303757144993,
            8.841872327571974e-116
        ],
        "spearman": [
            0.3822465772770241,
            1.3941684168962061e-109
        ],
        "count": 3134
    }
}