{
    "attenuated": {
        "pearson": [
            0.10903296171978587,
            1.494116865030403e-09
        ],
        "spearman": [
            0.08763732490556471,
            1.212206179708402e-06
        ],
        "count": 3058
    },
    "regulated": {
        "pearson": [
            0.3707135622212656,
            3.0499142110158155e-100
        ],
        "spearman": [
            0.3496602954575859,
            1.1912216100177661e-88
        ],
        "count": 3058
    },
    "unregulated": {
        "pearson": [
            0.37486276672591895,
            1.245199619716485e-102
        ],
        "spearman": [
            0.34534943949550445,
            2.2011314124213474e-86
        ],
        "count": 3058
    }
}