{
    "attenuated": {
        "pearson": [
            0.11023891976865018,
            6.100353910294486e-10
        ],
        "spearman": [
            0.08468289726983973,
            2.0608101276401284e-06
        ],
        "count": 3134
    },
    "regulated": {
        "pearson": [
            0.35307093262201916,
            1.134243065113507e-92
        ],
        "spearman": [
            0.3232645163646035,
            3.784522178371983e-77
        ],
        "count": 3134
    },
    "unregulated": {
        "pearson": [
            0.3522900328178589,
            3.044322313886223e-92
        ],
        "spearman": [
            0.3245888950560523,
            8.400521393954388e-78
        ],
        "count": 3134
    }
}