{
    "2LZM": {
        "pearson": [
            -0.8834422401381972,
            9.910547242029429e-12
        ],
        "spearman": [
            -0.8579078649193845,
            1.7759094764113682e-10
        ],
        "count": 33
    }
}