{
    "2LZM": {
        "pearson": [
            -0.9045448689517683,
            5.213150678971168e-13
        ],
        "spearman": [
            -0.8923646830463867,
            3.0745521941646303e-12
        ],
        "count": 33
    }
}