{
    "myoglobin": {
        "pearson": [
            -0.6298816021095082,
            1.958645167784866e-53
        ],
        "spearman": [
            -0.7095958494110776,
            2.522800178516251e-73
        ],
        "precision": 0.788659793814433,
        "recall": 0.7216981132075472,
        "auroc": 0.8791250819552706,
        "accuracy": 0.7876857749469215,
        "count": 471,
        "num_stabilizing": 212,
        "num_destabilizing": 259
    },
    "p53": {
        "pearson": [
            -0.7017645914068925,
            1.6875606420337613e-09
        ],
        "spearman": [
            -0.6016918760750865,
            9.357256741004138e-07
        ],
        "precision": 0.5625,
        "recall": 0.47368421052631576,
        "auroc": 0.7837837837837838,
        "accuracy": 0.6964285714285714,
        "count": 56,
        "num_stabilizing": 19,
        "num_destabilizing": 37
    },
    "s669": {
        "pearson": [
            -0.41629425172887624,
            2.3615211476919177e-55
        ],
        "spearman": [
            -0.44777842353214586,
            9.149288937653847e-65
        ],
        "precision": 0.5849056603773585,
        "recall": 0.5705521472392638,
        "auroc": 0.7162424075939321,
        "accuracy": 0.6844547563805105,
        "count": 1293,
        "num_stabilizing": 489,
        "num_destabilizing": 804
    },
    "ssym": {
        "pearson": [
            -0.6428231104650041,
            1.988221022995327e-216
        ],
        "spearman": [
            -0.6185250094505857,
            5.863199137699938e-196
        ],
        "precision": 0.6658385093167701,
        "recall": 0.6776232616940582,
        "auroc": 0.7912865161912228,
        "accuracy": 0.7170626349892009,
        "count": 1852,
        "num_stabilizing": 791,
        "num_destabilizing": 1061
    },
    "t2226": {
        "pearson": [
            -0.6716256975991273,
            0.0
        ],
        "spearman": [
            -0.6604305729821393,
            0.0
        ],
        "precision": 0.6933786078098472,
        "recall": 0.6870794078061911,
        "auroc": 0.8107626910337264,
        "accuracy": 0.7338463772324669,
        "count": 6887,
        "num_stabilizing": 2972,
        "num_destabilizing": 3915
    },
    "overall": {
        "pearson": [
            -0.6464488617207002,
            0.0
        ],
        "spearman": [
            -0.6334264981525367,
            0.0
        ],
        "precision": 0.6804146946134776,
        "recall": 0.6734329689939772,
        "auroc": 0.8005977192457145,
        "accuracy": 0.7270574865044038,
        "count": 10559,
        "num_stabilizing": 4483,
        "num_destabilizing": 6076
    }
}