{
    "screenscore": {
        "pearson": [
            -0.019409467911677167,
            0.4028162545288232
        ],
        "spearman": [
            -0.007457651014527829,
            0.7478923431700064
        ],
        "count": 1860
    }
}