{
    "screenscore": {
        "pearson": [
            0.17336094191968604,
            1.0532507836347516e-14
        ],
        "spearman": [
            0.19087696481265778,
            1.4899273014637158e-17
        ],
        "count": 1962
    }
}