{
    "attenuated": {
        "pearson": [
            0.11383523651913666,
            1.6482423694494936e-10
        ],
        "spearman": [
            0.08007985140938456,
            7.1739002024273516e-06
        ],
        "count": 3134
    },
    "regulated": {
        "pearson": [
            0.38716998134371783,
            1.3028074818243415e-112
        ],
        "spearman": [
            0.34735226738946007,
            1.4681359925166457e-89
        ],
        "count": 3134
    },
    "unregulated": {
        "pearson": [
            0.3808075079702776,
            1.0471050979725444e-108
        ],
        "spearman": [
            0.3445569196111995,
            4.6185850289009334e-88
        ],
        "count": 3134
    }
}