{
    "attenuated": {
        "pearson": [
            0.1184652899726097,
            2.8770013468035666e-11
        ],
        "spearman": [
            0.09202154450282307,
            2.4634386302922746e-07
        ],
        "count": 3134
    },
    "regulated": {
        "pearson": [
            0.408139343696451,
            4.1423695463131094e-126
        ],
        "spearman": [
            0.3765019118871226,
            4.108641787766962e-106
        ],
        "count": 3134
    },
    "unregulated": {
        "pearson": [
            0.412128040667107,
            8.667053704082831e-129
        ],
        "spearman": [
            0.38302918067168146,
            4.6370857024521765e-110
        ],
        "count": 3134
    }
}