{
    "attenuated": {
        "pearson": [
            0.09898037583024424,
            2.815128760050886e-08
        ],
        "spearman": [
            0.06749672937261374,
            0.00015593841633283818
        ],
        "count": 3134
    },
    "regulated": {
        "pearson": [
            0.4247308426841002,
            1.694284259000248e-137
        ],
        "spearman": [
            0.3885490279730678,
            1.8070461504990505e-113
        ],
        "count": 3134
    },
    "unregulated": {
        "pearson": [
            0.42126996159919267,
            4.547458394495579e-135
        ],
        "spearman": [
            0.38911339893053115,
            8.029396605376114e-114
        ],
        "count": 3134
    }
}