{
    "enrichment": {
        "pearson": [
            0.44583921709399404,
            7.015154793976855e-152
        ],
        "spearman": [
            0.5004462748523492,
            5.941195826983626e-197
        ],
        "count": 3112
    }
}