{
    "enrichment": {
        "pearson": [
            0.4471789936731102,
            6.847641591553534e-153
        ],
        "spearman": [
            0.4990020995488739,
            1.1866462544731476e-195
        ],
        "count": 3112
    }
}