{
    "enrichment": {
        "pearson": [
            0.4502944599806944,
            2.241083233269234e-174
        ],
        "spearman": [
            0.501592977800675,
            1.9670261131329956e-222
        ],
        "count": 3500
    }
}