{
    "surface": {
        "pearson": [
            -0.4137608489035014,
            5.39922512223484e-51
        ],
        "spearman": [
            -0.42024362649395025,
            1.0408002044378411e-52
        ],
        "precision": 0.5045871559633027,
        "recall": 0.4755043227665706,
        "auroc": 0.7269040517319649,
        "accuracy": 0.7142857142857143,
        "count": 1204,
        "num_structures": 93,
        "num_stabilizing": 347,
        "num_destabilizing": 857
    },
    "in-between": {
        "pearson": [
            -0.2988552694687575,
            4.0339769488009427e-13
        ],
        "spearman": [
            -0.3435966385241546,
            4.228211337402515e-17
        ],
        "precision": 0.35714285714285715,
        "recall": 0.45454545454545453,
        "auroc": 0.6940000867039494,
        "accuracy": 0.7610619469026548,
        "count": 565,
        "num_structures": 77,
        "num_stabilizing": 99,
        "num_destabilizing": 466
    },
    "core": {
        "pearson": [
            -0.5188015827902737,
            1.8883700714350328e-72
        ],
        "spearman": [
            -0.5190138275003366,
            1.6152096619206453e-72
        ],
        "precision": 0.325,
        "recall": 0.47794117647058826,
        "auroc": 0.7831045751633986,
        "accuracy": 0.8011583011583011,
        "count": 1036,
        "num_structures": 87,
        "num_stabilizing": 136,
        "num_destabilizing": 900
    },
    "alpha-helix": {
        "pearson": [
            -0.5159508534414233,
            3.3112102007632237e-71
        ],
        "spearman": [
            -0.5116762948409499,
            7.197351204218466e-70
        ],
        "precision": 0.44569288389513106,
        "recall": 0.4798387096774194,
        "auroc": 0.747517818151856,
        "accuracy": 0.7313288069835111,
        "count": 1031,
        "num_structures": 77,
        "num_stabilizing": 248,
        "num_destabilizing": 783
    },
    "beta-sheet": {
        "pearson": [
            -0.48925234625301084,
            4.432743864656609e-49
        ],
        "spearman": [
            -0.4910545802299818,
            1.756540609962446e-49
        ],
        "precision": 0.2972972972972973,
        "recall": 0.43564356435643564,
        "auroc": 0.7610209147715924,
        "accuracy": 0.7974842767295598,
        "count": 795,
        "num_structures": 71,
        "num_stabilizing": 101,
        "num_destabilizing": 694
    },
    "loop": {
        "pearson": [
            -0.404289481118837,
            8.61482473231925e-40
        ],
        "spearman": [
            -0.40431244047770193,
            8.521457234195687e-40
        ],
        "precision": 0.47058823529411764,
        "recall": 0.48068669527896996,
        "auroc": 0.7318862258224119,
        "accuracy": 0.7477017364657814,
        "count": 979,
        "num_structures": 90,
        "num_stabilizing": 233,
        "num_destabilizing": 746
    },
    "overall": {
        "pearson": [
            -0.483642486965256,
            2.0471341987599504e-164
        ],
        "spearman": [
            -0.4792049970536874,
            5.01575885460346e-161
        ],
        "precision": 0.4211332312404288,
        "recall": 0.4725085910652921,
        "auroc": 0.749268426153939,
        "accuracy": 0.7557932263814616,
        "count": 2805,
        "num_structures": 128,
        "num_stabilizing": 582,
        "num_destabilizing": 2223
    }
}