{
    "myoglobin": {
        "pearson": [
            -0.6219068602362813,
            1.958164881301641e-13
        ],
        "spearman": [
            -0.6007639670968484,
            2.0019343215776378e-12
        ],
        "precision": 0.5416666666666666,
        "recall": 0.40625,
        "auroc": 0.7731481481481481,
        "accuracy": 0.7345132743362832,
        "1/rmse": 0.47138713151197936,
        "count": 113,
        "num_structures": 1,
        "num_stabilizing": 32,
        "num_destabilizing": 81,
        "precision_at_05_with_00": 0.2916666666666667,
        "recall_at_05_with_00": 0.5384615384615384,
        "precision_at_05_with_025": 0.3333333333333333,
        "recall_at_05_with_025": 0.5384615384615384,
        "precision_at_05_with_05": 0.4666666666666667,
        "recall_at_05_with_05": 0.5384615384615384,
        "precision_at_05_with_075": 0.4166666666666667,
        "recall_at_05_with_075": 0.38461538461538464,
        "precision_at_05_with_10": 0.4166666666666667,
        "recall_at_05_with_10": 0.38461538461538464,
        "precision_at_05_with_15": 0.4444444444444444,
        "recall_at_05_with_15": 0.3076923076923077
    },
    "p53": {
        "pearson": [
            -0.7575750814009257,
            6.327241634253191e-09
        ],
        "spearman": [
            -0.7442463557662764,
            1.6109909394460075e-08
        ],
        "precision": 0.5,
        "recall": 0.6363636363636364,
        "auroc": 0.844574780058651,
        "accuracy": 0.7380952380952381,
        "1/rmse": 0.6109924857924938,
        "count": 42,
        "num_structures": 1,
        "num_stabilizing": 11,
        "num_destabilizing": 31,
        "precision_at_05_with_00": 0.07142857142857142,
        "recall_at_05_with_00": 0.5,
        "precision_at_05_with_025": 0.07142857142857142,
        "recall_at_05_with_025": 0.5,
        "precision_at_05_with_05": 0.09090909090909091,
        "recall_at_05_with_05": 0.5,
        "precision_at_05_with_075": 0.125,
        "recall_at_05_with_075": 0.5,
        "precision_at_05_with_10": 0.16666666666666666,
        "recall_at_05_with_10": 0.5,
        "precision_at_05_with_15": 0.0,
        "recall_at_05_with_15": 0.0
    },
    "s669": {
        "pearson": [
            -0.3788567647797988,
            1.7114077614766615e-22
        ],
        "spearman": [
            -0.3690913213780156,
            2.3905923712440525e-21
        ],
        "precision": 0.40119760479041916,
        "recall": 0.40853658536585363,
        "auroc": 0.6615651752544015,
        "accuracy": 0.6807131280388979,
        "1/rmse": 0.4430933206345359,
        "count": 617,
        "num_structures": 90,
        "num_stabilizing": 164,
        "num_destabilizing": 453,
        "precision_at_05_with_00": 0.20958083832335328,
        "recall_at_05_with_00": 0.4069767441860465,
        "precision_at_05_with_025": 0.22695035460992907,
        "recall_at_05_with_025": 0.37209302325581395,
        "precision_at_05_with_05": 0.23008849557522124,
        "recall_at_05_with_05": 0.3023255813953488,
        "precision_at_05_with_075": 0.25555555555555554,
        "recall_at_05_with_075": 0.26744186046511625,
        "precision_at_05_with_10": 0.2625,
        "recall_at_05_with_10": 0.2441860465116279,
        "precision_at_05_with_15": 0.35294117647058826,
        "recall_at_05_with_15": 0.20930232558139536
    },
    "ssym": {
        "pearson": [
            -0.6015464161228454,
            9.65745196109274e-35
        ],
        "spearman": [
            -0.6181564847175175,
            4.095504553059354e-37
        ],
        "precision": 0.5568181818181818,
        "recall": 0.5697674418604651,
        "auroc": 0.8096791984557405,
        "accuracy": 0.775811209439528,
        "1/rmse": 0.5274108545543579,
        "count": 339,
        "num_structures": 15,
        "num_stabilizing": 86,
        "num_destabilizing": 253,
        "precision_at_05_with_00": 0.3409090909090909,
        "recall_at_05_with_00": 0.6122448979591837,
        "precision_at_05_with_025": 0.3815789473684211,
        "recall_at_05_with_025": 0.5918367346938775,
        "precision_at_05_with_05": 0.3898305084745763,
        "recall_at_05_with_05": 0.46938775510204084,
        "precision_at_05_with_075": 0.4117647058823529,
        "recall_at_05_with_075": 0.42857142857142855,
        "precision_at_05_with_10": 0.43902439024390244,
        "recall_at_05_with_10": 0.3673469387755102,
        "precision_at_05_with_15": 0.56,
        "recall_at_05_with_15": 0.2857142857142857
    },
    "t2226": {
        "pearson": [
            -0.4842318937342151,
            2.683926398098502e-100
        ],
        "spearman": [
            -0.4738747030376605,
            1.4798537300333916e-95
        ],
        "precision": 0.3861111111111111,
        "recall": 0.4809688581314879,
        "auroc": 0.7684887143050647,
        "accuracy": 0.78099173553719,
        "1/rmse": 0.44853883595688726,
        "count": 1694,
        "num_structures": 37,
        "num_stabilizing": 289,
        "num_destabilizing": 1405,
        "precision_at_05_with_00": 0.20833333333333334,
        "recall_at_05_with_00": 0.5319148936170213,
        "precision_at_05_with_025": 0.23426573426573427,
        "recall_at_05_with_025": 0.475177304964539,
        "precision_at_05_with_05": 0.23788546255506607,
        "recall_at_05_with_05": 0.3829787234042553,
        "precision_at_05_with_075": 0.23636363636363636,
        "recall_at_05_with_075": 0.2765957446808511,
        "precision_at_05_with_10": 0.24786324786324787,
        "recall_at_05_with_10": 0.20567375886524822,
        "precision_at_05_with_15": 0.2465753424657534,
        "recall_at_05_with_15": 0.1276595744680851
    },
    "overall": {
        "pearson": [
            -0.483642486965256,
            2.0471341987599504e-164
        ],
        "spearman": [
            -0.4792049970536874,
            5.01575885460346e-161
        ],
        "precision": 0.4211332312404288,
        "recall": 0.4725085910652921,
        "f1_score": 0.44534412955465585,
        "precision_at_05": 0.22664624808575803,
        "recall_at_05": 0.5085910652920962,
        "auroc": 0.749268426153939,
        "accuracy": 0.7557932263814616,
        "1/rmse": 0.4574828236052083,
        "count": 2805,
        "num_structures": 128,
        "num_stabilizing": 582,
        "num_destabilizing": 2223,
        "precision_at_05_with_00": 0.22664624808575803,
        "recall_at_05_with_00": 0.5085910652920962,
        "precision_at_05_with_025": 0.2527881040892193,
        "recall_at_05_with_025": 0.46735395189003437,
        "precision_at_05_with_05": 0.2611764705882353,
        "recall_at_05_with_05": 0.38144329896907214,
        "precision_at_05_with_075": 0.27300613496932513,
        "recall_at_05_with_075": 0.30584192439862545,
        "precision_at_05_with_10": 0.2890625,
        "recall_at_05_with_10": 0.2542955326460481,
        "precision_at_05_with_15": 0.3333333333333333,
        "recall_at_05_with_15": 0.18556701030927836
    },
    "per-structure": {
        "pearson": [
            -0.4426802592699798,
            0.2675923078178684,
            1.496023199518885e-171
        ],
        "spearman": [
            -0.4347446787080679,
            0.24803604071384489,
            1.4004604895742077e-151
        ],
        "auroc": 0.7678758100183521,
        "count": 2551,
        "num_structures": 42
    }
}