{
    "surface": {
        "pearson": [
            -0.4206819689854872,
            7.9440971649670605e-53
        ],
        "spearman": [
            -0.43532899482400145,
            7.559016791502885e-57
        ],
        "precision": 0.5201238390092879,
        "recall": 0.484149855907781,
        "auroc": 0.7339052185931084,
        "accuracy": 0.7225913621262459,
        "count": 1204,
        "num_structures": 93,
        "num_stabilizing": 347,
        "num_destabilizing": 857
    },
    "in-between": {
        "pearson": [
            -0.31547418285139867,
            1.60230652427037e-14
        ],
        "spearman": [
            -0.36470765186110976,
            3.2389514307835906e-19
        ],
        "precision": 0.3548387096774194,
        "recall": 0.4444444444444444,
        "auroc": 0.6980751723240993,
        "accuracy": 0.7610619469026548,
        "count": 565,
        "num_structures": 77,
        "num_stabilizing": 99,
        "num_destabilizing": 466
    },
    "core": {
        "pearson": [
            -0.5152060383761239,
            2.62047304299503e-71
        ],
        "spearman": [
            -0.518609356081558,
            2.1752230768009842e-72
        ],
        "precision": 0.3065326633165829,
        "recall": 0.4485294117647059,
        "auroc": 0.7738562091503269,
        "accuracy": 0.7944015444015444,
        "count": 1036,
        "num_structures": 87,
        "num_stabilizing": 136,
        "num_destabilizing": 900
    },
    "alpha-helix": {
        "pearson": [
            -0.5061950498196849,
            3.5014973557763e-68
        ],
        "spearman": [
            -0.5054295242368539,
            5.990181591023483e-68
        ],
        "precision": 0.42962962962962964,
        "recall": 0.46774193548387094,
        "auroc": 0.743902690231945,
        "accuracy": 0.7225994180407371,
        "count": 1031,
        "num_structures": 77,
        "num_stabilizing": 248,
        "num_destabilizing": 783
    },
    "beta-sheet": {
        "pearson": [
            -0.5058287393547894,
            7.194974774369356e-53
        ],
        "spearman": [
            -0.5152632249119641,
            4.0297744416513516e-55
        ],
        "precision": 0.32167832167832167,
        "recall": 0.45544554455445546,
        "auroc": 0.7696664479128027,
        "accuracy": 0.8088050314465409,
        "count": 795,
        "num_structures": 71,
        "num_stabilizing": 101,
        "num_destabilizing": 694
    },
    "loop": {
        "pearson": [
            -0.4119932535643911,
            2.120028343755486e-41
        ],
        "spearman": [
            -0.41697933711807034,
            1.8296605569892834e-42
        ],
        "precision": 0.47639484978540775,
        "recall": 0.47639484978540775,
        "auroc": 0.7331289049465533,
        "accuracy": 0.7507660878447395,
        "count": 979,
        "num_structures": 90,
        "num_stabilizing": 233,
        "num_destabilizing": 746
    },
    "overall": {
        "pearson": [
            -0.4895514264903389,
            5.2457501063031213e-169
        ],
        "spearman": [
            -0.4893677037089109,
            7.310139634486277e-169
        ],
        "precision": 0.42260061919504643,
        "recall": 0.4690721649484536,
        "auroc": 0.7508088663813026,
        "accuracy": 0.7568627450980392,
        "count": 2805,
        "num_structures": 128,
        "num_stabilizing": 582,
        "num_destabilizing": 2223
    }
}