{
    "myoglobin": {
        "pearson": [
            -0.6041689304714714,
            1.3927413363624489e-12
        ],
        "spearman": [
            -0.5886245067733217,
            7.0534221098078664e-12
        ],
        "precision": 0.5,
        "recall": 0.34375,
        "auroc": 0.76929012345679,
        "accuracy": 0.7168141592920354,
        "1/rmse": 0.46411005540230366,
        "count": 113,
        "num_structures": 1,
        "num_stabilizing": 32,
        "num_destabilizing": 81,
        "precision_at_05_with_00": 0.3181818181818182,
        "recall_at_05_with_00": 0.5384615384615384,
        "precision_at_05_with_025": 0.35,
        "recall_at_05_with_025": 0.5384615384615384,
        "precision_at_05_with_05": 0.4117647058823529,
        "recall_at_05_with_05": 0.5384615384615384,
        "precision_at_05_with_075": 0.38461538461538464,
        "recall_at_05_with_075": 0.38461538461538464,
        "precision_at_05_with_10": 0.36363636363636365,
        "recall_at_05_with_10": 0.3076923076923077,
        "precision_at_05_with_15": 0.4,
        "recall_at_05_with_15": 0.3076923076923077
    },
    "p53": {
        "pearson": [
            -0.7553819239561577,
            7.408957376801551e-09
        ],
        "spearman": [
            -0.7200162098196173,
            7.673885745426372e-08
        ],
        "precision": 0.46153846153846156,
        "recall": 0.5454545454545454,
        "auroc": 0.8240469208211143,
        "accuracy": 0.7142857142857143,
        "1/rmse": 0.599626322130378,
        "count": 42,
        "num_structures": 1,
        "num_stabilizing": 11,
        "num_destabilizing": 31,
        "precision_at_05_with_00": 0.07692307692307693,
        "recall_at_05_with_00": 0.5,
        "precision_at_05_with_025": 0.09090909090909091,
        "recall_at_05_with_025": 0.5,
        "precision_at_05_with_05": 0.1,
        "recall_at_05_with_05": 0.5,
        "precision_at_05_with_075": 0.1111111111111111,
        "recall_at_05_with_075": 0.5,
        "precision_at_05_with_10": 0.14285714285714285,
        "recall_at_05_with_10": 0.5,
        "precision_at_05_with_15": 0.0,
        "recall_at_05_with_15": 0.0
    },
    "s669": {
        "pearson": [
            -0.3843093140835829,
            3.7744962042513554e-23
        ],
        "spearman": [
            -0.3774956382889076,
            2.484910957053167e-22
        ],
        "precision": 0.4294117647058823,
        "recall": 0.4451219512195122,
        "auroc": 0.665199483120659,
        "accuracy": 0.6952998379254457,
        "1/rmse": 0.4342604096198733,
        "count": 617,
        "num_structures": 90,
        "num_stabilizing": 164,
        "num_destabilizing": 453,
        "precision_at_05_with_00": 0.21764705882352942,
        "recall_at_05_with_00": 0.43023255813953487,
        "precision_at_05_with_025": 0.22627737226277372,
        "recall_at_05_with_025": 0.36046511627906974,
        "precision_at_05_with_05": 0.22935779816513763,
        "recall_at_05_with_05": 0.29069767441860467,
        "precision_at_05_with_075": 0.22580645161290322,
        "recall_at_05_with_075": 0.2441860465116279,
        "precision_at_05_with_10": 0.2702702702702703,
        "recall_at_05_with_10": 0.23255813953488372,
        "precision_at_05_with_15": 0.3111111111111111,
        "recall_at_05_with_15": 0.16279069767441862
    },
    "ssym": {
        "pearson": [
            -0.6018730371372306,
            8.700464976522563e-35
        ],
        "spearman": [
            -0.6195071402505505,
            2.5889495447592786e-37
        ],
        "precision": 0.5730337078651685,
        "recall": 0.5930232558139535,
        "auroc": 0.8078867542972699,
        "accuracy": 0.7846607669616519,
        "1/rmse": 0.5192955974014436,
        "count": 339,
        "num_structures": 15,
        "num_stabilizing": 86,
        "num_destabilizing": 253,
        "precision_at_05_with_00": 0.34831460674157305,
        "recall_at_05_with_00": 0.6326530612244898,
        "precision_at_05_with_025": 0.36363636363636365,
        "recall_at_05_with_025": 0.5714285714285714,
        "precision_at_05_with_05": 0.3898305084745763,
        "recall_at_05_with_05": 0.46938775510204084,
        "precision_at_05_with_075": 0.4166666666666667,
        "recall_at_05_with_075": 0.40816326530612246,
        "precision_at_05_with_10": 0.4358974358974359,
        "recall_at_05_with_10": 0.3469387755102041,
        "precision_at_05_with_15": 0.56,
        "recall_at_05_with_15": 0.2857142857142857
    },
    "t2226": {
        "pearson": [
            -0.49096233810859324,
            1.8157584042912068e-103
        ],
        "spearman": [
            -0.48688736630429136,
            1.5368278342784333e-101
        ],
        "precision": 0.375,
        "recall": 0.45674740484429066,
        "auroc": 0.7702348261892155,
        "accuracy": 0.7774498229043684,
        "1/rmse": 0.44273131216761147,
        "count": 1694,
        "num_structures": 37,
        "num_stabilizing": 289,
        "num_destabilizing": 1405,
        "precision_at_05_with_00": 0.20170454545454544,
        "recall_at_05_with_00": 0.5035460992907801,
        "precision_at_05_with_025": 0.24372759856630824,
        "recall_at_05_with_025": 0.48226950354609927,
        "precision_at_05_with_05": 0.23255813953488372,
        "recall_at_05_with_05": 0.3546099290780142,
        "precision_at_05_with_075": 0.24836601307189543,
        "recall_at_05_with_075": 0.2695035460992908,
        "precision_at_05_with_10": 0.2288135593220339,
        "recall_at_05_with_10": 0.19148936170212766,
        "precision_at_05_with_15": 0.26865671641791045,
        "recall_at_05_with_15": 0.1276595744680851
    },
    "overall": {
        "pearson": [
            -0.4895514264903389,
            5.2457501063031213e-169
        ],
        "spearman": [
            -0.4893677037089109,
            7.310139634486277e-169
        ],
        "precision": 0.42260061919504643,
        "recall": 0.4690721649484536,
        "f1_score": 0.44462540716612375,
        "precision_at_05": 0.22755417956656346,
        "recall_at_05": 0.5051546391752577,
        "auroc": 0.7508088663813026,
        "accuracy": 0.7568627450980392,
        "1/rmse": 0.4506376386100656,
        "count": 2805,
        "num_structures": 128,
        "num_stabilizing": 582,
        "num_destabilizing": 2223,
        "precision_at_05_with_00": 0.22755417956656346,
        "recall_at_05_with_00": 0.5051546391752577,
        "precision_at_05_with_025": 0.25763358778625955,
        "recall_at_05_with_025": 0.4639175257731959,
        "precision_at_05_with_05": 0.25853658536585367,
        "recall_at_05_with_05": 0.3642611683848797,
        "precision_at_05_with_075": 0.2689873417721519,
        "recall_at_05_with_075": 0.2920962199312715,
        "precision_at_05_with_10": 0.27710843373493976,
        "recall_at_05_with_10": 0.23711340206185566,
        "precision_at_05_with_15": 0.33112582781456956,
        "recall_at_05_with_15": 0.1718213058419244
    },
    "per-structure": {
        "pearson": [
            -0.44804694106069154,
            0.2486277593696854,
            1.5636052604932298e-173
        ],
        "spearman": [
            -0.43888903114907,
            0.2409843958227098,
            2.1732401298157e-155
        ],
        "auroc": 0.7687215164608137,
        "count": 2551,
        "num_structures": 42
    }
}