{
    "Caffeine": {
        "pearson": [
            0.3368193879375092,
            1.5533589255021533e-35
        ],
        "spearman": [
            0.29460843158932604,
            3.312706729979689e-27
        ],
        "count": 1288
    },
    "DMSO": {
        "pearson": [
            0.2897225065338888,
            5.10192998731799e-27
        ],
        "spearman": [
            0.229029562462907,
            3.222930807035173e-17
        ],
        "count": 1324
    },
    "DTT": {
        "pearson": [
            0.3069338841329576,
            2.0549603000986223e-29
        ],
        "spearman": [
            0.28187139382887844,
            7.046114980901673e-25
        ],
        "count": 1284
    },
    "HU": {
        "pearson": [
            0.2719668270961189,
            5.0410817238616236e-23
        ],
        "spearman": [
            0.182723166859723,
            5.086854077639064e-11
        ],
        "count": 1273
    },
    "MG132": {
        "pearson": [
            0.32086487339785696,
            3.6906389114399148e-31
        ],
        "spearman": [
            0.22324479887827894,
            1.671630043171967e-15
        ],
        "count": 1243
    }
}