{
    "Caffeine": {
        "pearson": [
            0.33045623813177916,
            3.4172073016059397e-34
        ],
        "spearman": [
            0.29616404796481793,
            1.7249067595797634e-27
        ],
        "count": 1288
    },
    "DMSO": {
        "pearson": [
            0.28015263044707284,
            2.666954158857077e-25
        ],
        "spearman": [
            0.2208496111454747,
            4.328483898884576e-16
        ],
        "count": 1324
    },
    "DTT": {
        "pearson": [
            0.29727305374332996,
            1.3021909399702145e-27
        ],
        "spearman": [
            0.2801169354544132,
            1.4080627227377888e-24
        ],
        "count": 1284
    },
    "HU": {
        "pearson": [
            0.25913993297839083,
            5.571896522195894e-21
        ],
        "spearman": [
            0.17278235446597534,
            5.456013947321359e-10
        ],
        "count": 1273
    },
    "MG132": {
        "pearson": [
            0.3147539555738997,
            5.491034544367545e-30
        ],
        "spearman": [
            0.22362207617260393,
            1.4948900557173074e-15
        ],
        "count": 1243
    }
}