{
    "Caffeine": {
        "pearson": [
            0.33995678610916963,
            3.293683904425211e-36
        ],
        "spearman": [
            0.30437281981184056,
            5.152564789124676e-29
        ],
        "count": 1288
    },
    "DMSO": {
        "pearson": [
            0.2974187353576912,
            1.8922357690467515e-28
        ],
        "spearman": [
            0.2385916468048594,
            1.358551095922623e-18
        ],
        "count": 1324
    },
    "DTT": {
        "pearson": [
            0.31805394436631185,
            1.4236099334279847e-31
        ],
        "spearman": [
            0.29534972470188264,
            2.919374792825193e-27
        ],
        "count": 1284
    },
    "HU": {
        "pearson": [
            0.28752595103354717,
            1.180489822384264e-25
        ],
        "spearman": [
            0.21657697954772556,
            5.602388841073255e-15
        ],
        "count": 1273
    },
    "MG132": {
        "pearson": [
            0.34489221588049135,
            4.868347464176589e-36
        ],
        "spearman": [
            0.2454297298793431,
            1.6519184314438665e-18
        ],
        "count": 1243
    }
}