{
    "Caffeine": {
        "pearson": [
            0.33520276440675406,
            3.4302552209366426e-35
        ],
        "spearman": [
            0.31275104868161213,
            1.2723413248415842e-30
        ],
        "count": 1288
    },
    "DMSO": {
        "pearson": [
            0.30283100594598283,
            1.7552403772418664e-29
        ],
        "spearman": [
            0.2688755398043254,
            2.3217378575111083e-23
        ],
        "count": 1324
    },
    "DTT": {
        "pearson": [
            0.30785866560620345,
            1.370020454597975e-29
        ],
        "spearman": [
            0.2996129154176426,
            4.836296023064501e-28
        ],
        "count": 1284
    },
    "HU": {
        "pearson": [
            0.2942775710706882,
            7.547148432963007e-27
        ],
        "spearman": [
            0.22670738062549073,
            2.664713778045476e-16
        ],
        "count": 1273
    },
    "MG132": {
        "pearson": [
            0.33654909101586716,
            2.6991104568149024e-34
        ],
        "spearman": [
            0.25291249503453905,
            1.3609558180111852e-19
        ],
        "count": 1243
    }
}