{
    "Caffeine": {
        "pearson": [
            0.3774061422378649,
            7.227730093230537e-45
        ],
        "spearman": [
            0.3231373150788612,
            1.0935347539631224e-32
        ],
        "count": 1288
    },
    "DMSO": {
        "pearson": [
            0.35660679156693836,
            5.519034989047481e-41
        ],
        "spearman": [
            0.30104175860326376,
            3.873950974874031e-29
        ],
        "count": 1324
    },
    "DTT": {
        "pearson": [
            0.34865280301644036,
            5.283882074174368e-38
        ],
        "spearman": [
            0.3110618908248417,
            3.326162835483219e-30
        ],
        "count": 1284
    },
    "HU": {
        "pearson": [
            0.3507103121554404,
            3.7965754143887085e-38
        ],
        "spearman": [
            0.27568037879253315,
            1.2301515651768194e-23
        ],
        "count": 1273
    },
    "MG132": {
        "pearson": [
            0.3920210673960495,
            6.23463653653133e-47
        ],
        "spearman": [
            0.2811411085676464,
            5.16849853534676e-24
        ],
        "count": 1243
    }
}