{
    "Caffeine": {
        "pearson": [
            0.3272469392157937,
            1.580374069655101e-33
        ],
        "spearman": [
            0.2986888026254399,
            5.929844660260977e-28
        ],
        "count": 1288
    },
    "DMSO": {
        "pearson": [
            0.29387699669523304,
            8.72686969360142e-28
        ],
        "spearman": [
            0.24644620739908174,
            9.064074521902884e-20
        ],
        "count": 1324
    },
    "DTT": {
        "pearson": [
            0.30353512070059047,
            9.005462024211904e-29
        ],
        "spearman": [
            0.29065386242358465,
            2.0423393497117758e-26
        ],
        "count": 1284
    },
    "HU": {
        "pearson": [
            0.28554434954783164,
            2.6089344968398497e-25
        ],
        "spearman": [
            0.20790335197062737,
            6.755482002776811e-14
        ],
        "count": 1273
    },
    "MG132": {
        "pearson": [
            0.33650273679532106,
            2.7590580483743586e-34
        ],
        "spearman": [
            0.246931502666612,
            1.0076115500825499e-18
        ],
        "count": 1243
    }
}