{
    "SelectionTwo": {
        "pearson": [
            0.41639225954874853,
            0.0
        ],
        "spearman": [
            0.4328235710531168,
            0.0
        ],
        "count": 8329
    }
}