{
    "acetamide_normalized_fitness": {
        "pearson": [
            0.24137164070419967,
            1.6886558311653453e-88
        ],
        "spearman": [
            0.33508461088938063,
            1.1895565640315214e-173
        ],
        "count": 6629
    },
    "isobutyramide_normalized_fitness": {
        "pearson": [
            0.43389385169281575,
            9.2180064740646e-300
        ],
        "spearman": [
            0.4303382204266204,
            2.2669879554000453e-294
        ],
        "count": 6568
    },
    "propionamide_normalized_fitness": {
        "pearson": [
            0.29046445406757787,
            4.4567077384551357e-129
        ],
        "spearman": [
            0.34088146607068726,
            4.447747424183749e-180
        ],
        "count": 6631
    }
}