{
    "acetamide_normalized_fitness": {
        "pearson": [
            0.24094607633767934,
            6.155914190322649e-88
        ],
        "spearman": [
            0.331433264067222,
            3.16644613907576e-169
        ],
        "count": 6610
    },
    "isobutyramide_normalized_fitness": {
        "pearson": [
            0.4297312672599622,
            1.4339941998323943e-292
        ],
        "spearman": [
            0.4206629878418425,
            3.5238396427321555e-279
        ],
        "count": 6548
    },
    "propionamide_normalized_fitness": {
        "pearson": [
            0.28742012468910444,
            6.19152768899643e-126
        ],
        "spearman": [
            0.33500322789614373,
            4.26345769476021e-173
        ],
        "count": 6611
    }
}