{
    "Ami11_avg": {
        "pearson": [
            0.22828394218239012,
            5.608295824252777e-63
        ],
        "spearman": [
            0.17735411004222199,
            2.537760002983954e-38
        ],
        "count": 5245
    },
    "Ami12_avg": {
        "pearson": [
            0.3305048230057553,
            6.842658409951995e-129
        ],
        "spearman": [
            0.3999555319534923,
            3.3636477175105293e-193
        ],
        "count": 5046
    },
    "Ami14_avg": {
        "pearson": [
            0.2947672946397968,
            9.803150660182007e-101
        ],
        "spearman": [
            0.3445526112783472,
            2.7609487144222323e-139
        ],
        "count": 4997
    },
    "Ami18_avg": {
        "pearson": [
            0.017458985563215755,
            0.205590920649642
        ],
        "spearman": [
            0.03031637429443466,
            0.02792876192940348
        ],
        "count": 5258
    },
    "G41811_avg": {
        "pearson": [
            0.3159021716705647,
            1.832450050238653e-117
        ],
        "spearman": [
            0.3400512741760362,
            5.792827038775469e-137
        ],
        "count": 5052
    },
    "G41812_avg": {
        "pearson": [
            0.364063663507475,
            2.7600953507250263e-155
        ],
        "spearman": [
            0.4301713462570795,
            1.4515365552954464e-222
        ],
        "count": 4959
    },
    "G41814_avg": {
        "pearson": [
            0.2949024020313034,
            2.4116324499375685e-105
        ],
        "spearman": [
            0.3373136435601243,
            3.2991160804779983e-139
        ],
        "count": 5225
    },
    "Kan11_avg": {
        "pearson": [
            0.3493498536277104,
            1.0446055184524603e-143
        ],
        "spearman": [
            0.3570287712998972,
            1.8737354663311945e-150
        ],
        "count": 5008
    },
    "Kan12_avg": {
        "pearson": [
            0.37418097262126127,
            7.808850409812196e-161
        ],
        "spearman": [
            0.4396730304050617,
            3.545393007235311e-228
        ],
        "count": 4844
    },
    "Kan14_avg": {
        "pearson": [
            0.3509340217007957,
            9.056544546208997e-145
        ],
        "spearman": [
            0.4042605627322851,
            7.932510474524882e-196
        ],
        "count": 4997
    },
    "Kan18_avg": {
        "pearson": [
            0.31531937003170213,
            6.212714992712052e-121
        ],
        "spearman": [
            0.36397391177081906,
            2.153088794682959e-163
        ],
        "count": 5224
    },
    "Neo11_avg": {
        "pearson": [
            0.31419873731865533,
            9.152347010680118e-117
        ],
        "spearman": [
            0.30420156248148417,
            3.2502506221657353e-109
        ],
        "count": 5079
    },
    "Neo12_avg": {
        "pearson": [
            0.35026494477292586,
            2.0255953045743686e-143
        ],
        "spearman": [
            0.42338610786667374,
            2.0841414375743649e-215
        ],
        "count": 4970
    },
    "Neo14_avg": {
        "pearson": [
            0.3245046774964482,
            2.6403634209643263e-127
        ],
        "spearman": [
            0.3733415015999585,
            4.942588565071761e-171
        ],
        "count": 5180
    },
    "Neo18_avg": {
        "pearson": [
            0.2646199063293744,
            1.8524976792957769e-84
        ],
        "spearman": [
            0.29362683497154257,
            1.980182340682923e-104
        ],
        "count": 5226
    },
    "Paro11_avg": {
        "pearson": [
            0.2637193260677499,
            6.577856745581237e-84
        ],
        "spearman": [
            0.22904022892945142,
            3.400375559838695e-63
        ],
        "count": 5228
    },
    "Paro12_avg": {
        "pearson": [
            0.34305046699257474,
            8.017741531771547e-138
        ],
        "spearman": [
            0.39790608267615674,
            5.720652851490398e-189
        ],
        "count": 4990
    },
    "Paro14_avg": {
        "pearson": [
            0.3747883052112233,
            3.833126926296372e-165
        ],
        "spearman": [
            0.43072593070663007,
            3.7590754728348486e-223
        ],
        "count": 4958
    },
    "Paro18_avg": {
        "pearson": [
            0.3607383982377845,
            2.0342072578195895e-156
        ],
        "spearman": [
            0.4160255957611446,
            1.7919006592739933e-212
        ],
        "count": 5095
    },
    "Ribo11_avg": {
        "pearson": [
            0.3331020580478706,
            7.272524736941123e-130
        ],
        "spearman": [
            0.3797239767837984,
            2.813970776000072e-171
        ],
        "count": 5001
    },
    "Ribo12_avg": {
        "pearson": [
            0.3808757806750168,
            2.0051856631138417e-172
        ],
        "spearman": [
            0.44816366187346157,
            9.343381805908264e-246
        ],
        "count": 5002
    },
    "Ribo14_avg": {
        "pearson": [
            0.35595269647123035,
            1.1072247340353838e-154
        ],
        "spearman": [
            0.40460426641498265,
            1.8672381114933667e-203
        ],
        "count": 5184
    },
    "Ribo18_avg": {
        "pearson": [
            0.30891791392293455,
            2.21947443772579e-115
        ],
        "spearman": [
            0.344233820988981,
            1.3908127947251554e-144
        ],
        "count": 5200
    }
}