{
    "Ami11_avg": {
        "pearson": [
            0.22565879518543538,
            1.5863729949260558e-59
        ],
        "spearman": [
            0.17196016131250358,
            6.185959830557781e-35
        ],
        "count": 5068
    },
    "Ami12_avg": {
        "pearson": [
            0.3221012096533844,
            8.038478144863619e-119
        ],
        "spearman": [
            0.3884705546752594,
            1.8285721262686283e-176
        ],
        "count": 4906
    },
    "Ami14_avg": {
        "pearson": [
            0.2986368691951815,
            6.54775443223889e-101
        ],
        "spearman": [
            0.34381956803612596,
            3.2391941414786996e-135
        ],
        "count": 4871
    },
    "Ami18_avg": {
        "pearson": [
            0.0191025443205129,
            0.1734169578133742
        ],
        "spearman": [
            0.031916739077725194,
            0.02291450043428681
        ],
        "count": 5080
    },
    "G41811_avg": {
        "pearson": [
            0.309461824089842,
            2.317795445704153e-109
        ],
        "spearman": [
            0.3216223825455358,
            1.870613155813013e-118
        ],
        "count": 4906
    },
    "G41812_avg": {
        "pearson": [
            0.3588688757269147,
            1.6020795977350552e-146
        ],
        "spearman": [
            0.42773811253687843,
            8.616889366009532e-214
        ],
        "count": 4822
    },
    "G41814_avg": {
        "pearson": [
            0.30008903737677767,
            1.4089340625810747e-105
        ],
        "spearman": [
            0.3412452013981949,
            6.808774333018273e-138
        ],
        "count": 5049
    },
    "Kan11_avg": {
        "pearson": [
            0.3366706539089897,
            1.1185450012954238e-129
        ],
        "spearman": [
            0.3364631993548453,
            1.643624718406541e-129
        ],
        "count": 4882
    },
    "Kan12_avg": {
        "pearson": [
            0.37619995002295825,
            5.658912157084195e-159
        ],
        "spearman": [
            0.43936540005328983,
            1.32980610638793e-222
        ],
        "count": 4732
    },
    "Kan14_avg": {
        "pearson": [
            0.34628796143495316,
            1.5318339237847324e-136
        ],
        "spearman": [
            0.4028414399134947,
            1.7225577562944548e-188
        ],
        "count": 4845
    },
    "Kan18_avg": {
        "pearson": [
            0.32636012378216644,
            1.1499975364502143e-125
        ],
        "spearman": [
            0.37118739903110287,
            8.870588169093861e-165
        ],
        "count": 5051
    },
    "Neo11_avg": {
        "pearson": [
            0.30960936652033677,
            1.4488327051494183e-110
        ],
        "spearman": [
            0.29617815181819207,
            6.571306818979897e-101
        ],
        "count": 4956
    },
    "Neo12_avg": {
        "pearson": [
            0.36115299541634105,
            1.6646094636371758e-149
        ],
        "spearman": [
            0.43133506828060725,
            3.084390198551073e-219
        ],
        "count": 4855
    },
    "Neo14_avg": {
        "pearson": [
            0.34282432490401077,
            2.767557683735626e-138
        ],
        "spearman": [
            0.3845940953422694,
            1.8182463452801192e-176
        ],
        "count": 5014
    },
    "Neo18_avg": {
        "pearson": [
            0.274197735191314,
            7.351498739583572e-88
        ],
        "spearman": [
            0.29594376788303955,
            1.0638484321307225e-102
        ],
        "count": 5054
    },
    "Paro11_avg": {
        "pearson": [
            0.26105180001736894,
            1.159563743416721e-79
        ],
        "spearman": [
            0.22094186624392761,
            5.0474871591826513e-57
        ],
        "count": 5063
    },
    "Paro12_avg": {
        "pearson": [
            0.34237013920659637,
            3.7028843301157324e-134
        ],
        "spearman": [
            0.38729143292167656,
            2.951293073664413e-174
        ],
        "count": 4876
    },
    "Paro14_avg": {
        "pearson": [
            0.3669075007617273,
            5.671375843784887e-154
        ],
        "spearman": [
            0.42545497348589234,
            7.341853574274228e-212
        ],
        "count": 4835
    },
    "Paro18_avg": {
        "pearson": [
            0.36645235156612904,
            4.767278105114527e-157
        ],
        "spearman": [
            0.4199296205171781,
            1.4425591876394108e-210
        ],
        "count": 4946
    },
    "Ribo11_avg": {
        "pearson": [
            0.33313749003004234,
            4.710873641060296e-127
        ],
        "spearman": [
            0.3727845739459074,
            4.699790474516161e-161
        ],
        "count": 4890
    },
    "Ribo12_avg": {
        "pearson": [
            0.3912669259819908,
            5.164560776622545e-178
        ],
        "spearman": [
            0.45321036070754583,
            1.635970752485236e-245
        ],
        "count": 4873
    },
    "Ribo14_avg": {
        "pearson": [
            0.37058768571077166,
            2.7906619717280435e-163
        ],
        "spearman": [
            0.41409907211530506,
            2.3831065219145436e-207
        ],
        "count": 5022
    },
    "Ribo18_avg": {
        "pearson": [
            0.3332511892116424,
            8.332127587968061e-131
        ],
        "spearman": [
            0.3598837627161835,
            9.166862868217752e-154
        ],
        "count": 5033
    }
}