{
    "1A7V": {
        "pearson": [
            -0.5387997252910445,
            0.05744725307161563
        ],
        "spearman": [
            -0.4848503246258396,
            0.09309762506080319
        ],
        "count": 13
    },
    "1BA3": {
        "pearson": [
            -0.8841949384390377,
            0.11580506156096226
        ],
        "spearman": [
            -0.19999999999999998,
            0.8
        ],
        "count": 4
    },
    "1BFM": {
        "pearson": [
            1.0,
            1.0
        ],
        "spearman": [
            0.9999999999999999,
            NaN
        ],
        "count": 2
    },
    "1D5G": {
        "pearson": [
            1.0,
            1.0
        ],
        "spearman": [
            0.9999999999999999,
            NaN
        ],
        "count": 2
    },
    "1DIV": {
        "pearson": [
            -0.8512986007330091,
            4.794361401655894e-15
        ],
        "spearman": [
            -0.843181984083047,
            1.5588747302058818e-14
        ],
        "count": 50
    },
    "1EKG": {
        "pearson": [
            -0.4023654467026773,
            0.5976345532973226
        ],
        "spearman": [
            -0.39999999999999997,
            0.6
        ],
        "count": 4
    },
    "1FT8": {
        "pearson": [
            -0.8541380823078041,
            0.000201655427722937
        ],
        "spearman": [
            -0.8516483516483516,
            0.00022021941625366222
        ],
        "count": 13
    },
    "1FXA": {
        "pearson": [
            -0.6889989300119002,
            0.019028105505756523
        ],
        "spearman": [
            -0.8363636363636365,
            0.0013331850799508562
        ],
        "count": 11
    },
    "1G3P": {
        "pearson": [
            -0.32938298320323717,
            0.09340044799884598
        ],
        "spearman": [
            -0.2657300434720433,
            0.18035233038690043
        ],
        "count": 27
    },
    "1GUA": {
        "pearson": [
            -0.8619674179387421,
            1.815457748827087e-15
        ],
        "spearman": [
            -0.863265306122449,
            1.4759141137348758e-15
        ],
        "count": 49
    },
    "1H0X": {
        "pearson": [
            -1.0,
            1.0
        ],
        "spearman": [
            -0.9999999999999999,
            NaN
        ],
        "count": 2
    },
    "1HCQ": {
        "pearson": [
            1.0,
            1.0
        ],
        "spearman": [
            0.9999999999999999,
            NaN
        ],
        "count": 2
    },
    "1ITM": {
        "pearson": [
            0.2727897062531496,
            0.8241073523040878
        ],
        "spearman": [
            0.5,
            0.6666666666666667
        ],
        "count": 3
    },
    "1IV7": {
        "pearson": [
            -0.9152804383892544,
            0.26393795052669017
        ],
        "spearman": [
            -0.5,
            0.6666666666666667
        ],
        "count": 3
    },
    "1J8I": {
        "pearson": [
            -0.7868122878115144,
            0.06332891670965551
        ],
        "spearman": [
            -0.7356123579206245,
            0.09561078073827967
        ],
        "count": 6
    },
    "1JLV": {
        "pearson": [
            -0.4105342395770857,
            0.7306844520712923
        ],
        "spearman": [
            0.5,
            0.6666666666666667
        ],
        "count": 3
    },
    "1L6H": {
        "pearson": [
            -0.942721552514456,
            0.21651392577569556
        ],
        "spearman": [
            -1.0,
            0.0
        ],
        "count": 3
    },
    "1LVM": {
        "pearson": [
            -0.567241070486513,
            0.31862309327649146
        ],
        "spearman": [
            -0.4103913408340617,
            0.4925357817027974
        ],
        "count": 5
    },
    "1N18": {
        "pearson": [
            -0.7717711202761173,
            0.22822887972388273
        ],
        "spearman": [
            -0.7999999999999999,
            0.20000000000000007
        ],
        "count": 4
    },
    "1N88": {
        "pearson": [
            -0.5370864103960697,
            0.026204704677207133
        ],
        "spearman": [
            -0.457950438954901,
            0.06452294693642488
        ],
        "count": 17
    },
    "1NM1": {
        "pearson": [
            -1.0,
            1.0
        ],
        "spearman": [
            -0.9999999999999999,
            NaN
        ],
        "count": 2
    },
    "1O1U": {
        "pearson": [
            -0.6354685295306294,
            0.17510473657818848
        ],
        "spearman": [
            -0.5161002296110789,
            0.2945837414624608
        ],
        "count": 6
    },
    "1O6X": {
        "pearson": [
            -0.2887521610300383,
            0.2169421592122032
        ],
        "spearman": [
            -0.33483831901715744,
            0.14900107132242355
        ],
        "count": 20
    },
    "1OSI": {
        "pearson": [
            -0.6331310699127477,
            0.3668689300872523
        ],
        "spearman": [
            -0.39999999999999997,
            0.6
        ],
        "count": 4
    },
    "1PFL": {
        "pearson": [
            -0.5665351635024825,
            0.31936351068444846
        ],
        "spearman": [
            -0.3,
            0.6238376647810728
        ],
        "count": 5
    },
    "1PRG": {
        "pearson": [
            -0.40745946745734,
            0.36423678190240505
        ],
        "spearman": [
            -0.25,
            0.5887244480896833
        ],
        "count": 7
    },
    "1R6R": {
        "pearson": [
            -0.8708758996016195,
            0.12912410039838051
        ],
        "spearman": [
            -0.7999999999999999,
            0.20000000000000007
        ],
        "count": 4
    },
    "1SPD": {
        "pearson": [
            1.0,
            1.0
        ],
        "spearman": [
            0.9999999999999999,
            NaN
        ],
        "count": 2
    },
    "1X0J": {
        "pearson": [
            -0.09425355315608845,
            0.8406999925286351
        ],
        "spearman": [
            -0.14285714285714288,
            0.7599453002180929
        ],
        "count": 7
    },
    "1XWS": {
        "pearson": [
            0.3528246918651665,
            0.6471753081348335
        ],
        "spearman": [
            0.19999999999999998,
            0.8
        ],
        "count": 4
    },
    "1XXN": {
        "pearson": [
            -0.8522428037548647,
            0.06664832906673378
        ],
        "spearman": [
            -0.9746794344808963,
            0.004818230468198566
        ],
        "count": 5
    },
    "1XZO": {
        "pearson": [
            -0.5492674650003277,
            0.45073253499967225
        ],
        "spearman": [
            -0.39999999999999997,
            0.6
        ],
        "count": 4
    },
    "2BJD": {
        "pearson": [
            -0.9831696607766207,
            0.11696409208790291
        ],
        "spearman": [
            -0.5,
            0.6666666666666667
        ],
        "count": 3
    },
    "2C9Q": {
        "pearson": [
            -1.0,
            1.0
        ],
        "spearman": [
            -0.9999999999999999,
            NaN
        ],
        "count": 2
    },
    "2CLR": {
        "pearson": [
            -0.5015273721186192,
            0.4984726278813807
        ],
        "spearman": [
            -0.39999999999999997,
            0.6
        ],
        "count": 4
    },
    "2DVV": {
        "pearson": [
            -1.0,
            1.0
        ],
        "spearman": [
            -0.9999999999999999,
            NaN
        ],
        "count": 2
    },
    "2HBB": {
        "pearson": [
            -0.8242946895338649,
            1.9349560935571224e-12
        ],