{
    "myoglobin": {
        "pearson": [
            -0.7682416651022046,
            3.0774815522267706e-23
        ],
        "spearman": [
            -0.7913065000338213,
            1.8254287419663645e-25
        ],
        "precision": 0.7619047619047619,
        "recall": 0.5,
        "auroc": 0.9054783950617284,
        "accuracy": 0.8141592920353983,
        "count": 113,
        "num_stabilizing": 32,
        "num_destabilizing": 81
    },
    "p53": {
        "pearson": [
            -0.7445692859461417,
            1.5759893472859606e-08
        ],
        "spearman": [
            -0.6599675872561581,
            1.988545247861047e-06
        ],
        "precision": 0.42857142857142855,
        "recall": 0.2727272727272727,
        "auroc": 0.7712609970674487,
        "accuracy": 0.7142857142857143,
        "count": 42,
        "num_stabilizing": 11,
        "num_destabilizing": 31
    },
    "s669": {
        "pearson": [
            -0.4455561082788242,
            7.092017693676192e-33
        ],
        "spearman": [
            -0.45474717543091103,
            2.4461927567100196e-34
        ],
        "precision": 0.5205479452054794,
        "recall": 0.4634146341463415,
        "auroc": 0.7184138766853507,
        "accuracy": 0.7557959814528593,
        "count": 647,
        "num_stabilizing": 164,
        "num_destabilizing": 483
    },
    "ssym": {
        "pearson": [
            -0.7021238320517295,
            1.222125609592302e-51
        ],
        "spearman": [
            -0.7217370854066298,
            8.499395995243844e-56
        ],
        "precision": 0.6222222222222222,
        "recall": 0.6511627906976745,
        "auroc": 0.8791249195698134,
        "accuracy": 0.8112094395280236,
        "count": 339,
        "num_stabilizing": 86,
        "num_destabilizing": 253
    },
    "t2226": {
        "pearson": [
            -0.5877990447463329,
            5.931917652913195e-158
        ],
        "spearman": [
            -0.6226739405736573,
            1.7826715649776785e-182
        ],
        "precision": 0.5048543689320388,
        "recall": 0.5397923875432526,
        "auroc": 0.8335209151695009,
        "accuracy": 0.8311688311688312,
        "count": 1694,
        "num_stabilizing": 289,
        "num_destabilizing": 1405
    },
    "overall": {
        "pearson": [
            -0.5772455479748524,
            1.2371025053335188e-251
        ],
        "spearman": [
            -0.6030447468374405,
            2.0800725869952358e-280
        ],
        "precision": 0.5357766143106457,
        "recall": 0.5274914089347079,
        "auroc": 0.8150461469472549,
        "accuracy": 0.8091710758377425,
        "count": 2835,
        "num_stabilizing": 582,
        "num_destabilizing": 2253
    }
}