{
    "fitness": {
        "pearson": [
            0.23874776167123718,
            3.942530590742194e-21
        ],
        "spearman": [
            0.23746476482922174,
            6.477750068289602e-21
        ],
        "count": 1519
    }
}