{
    "screenscore": {
        "pearson": [
            0.37660049535268725,
            1.3894414241164394e-26
        ],
        "spearman": [
            0.40491049620189984,
            7.699618557860857e-31
        ],
        "count": 747
    }
}