{
    "screenscore": {
        "pearson": [
            0.5065928511663328,
            6.570094881067848e-95
        ],
        "spearman": [
            0.5204838994261981,
            5.5198313523630293e-101
        ],
        "count": 1443
    }
}