{
    "screenscore": {
        "pearson": [
            0.504911391629128,
            4.062815348639531e-117
        ],
        "spearman": [
            0.4760950451533716,
            1.5198951061580074e-102
        ],
        "count": 1801
    }
}