{
    "myoglobin": {
        "pearson": [
            -0.5298821320177148,
            1.587683293775418e-09
        ],
        "spearman": [
            -0.39348652893826813,
            1.621010494113148e-05
        ],
        "precision": 0.3673469387755102,
        "recall": 0.5625,
        "auroc": 0.6832561728395062,
        "accuracy": 0.6017699115044248,
        "count": 113,
        "num_stabilizing": 32,
        "num_destabilizing": 81
    },
    "p53": {
        "pearson": [
            -0.3877308186758284,
            0.011178627494732463
        ],
        "spearman": [
            -0.35121556031043577,
            0.02256975076890597
        ],
        "precision": 0.3125,
        "recall": 0.45454545454545453,
        "auroc": 0.6217008797653959,
        "accuracy": 0.5952380952380952,
        "count": 42,
        "num_stabilizing": 11,
        "num_destabilizing": 31
    },
    "s669": {
        "pearson": [
            -0.25569386986138715,
            1.1493263172076063e-10
        ],
        "spearman": [
            -0.31002688737221445,
            3.266610337779956e-15
        ],
        "precision": 0.3722627737226277,
        "recall": 0.6219512195121951,
        "auroc": 0.6466645130027459,
        "accuracy": 0.6207455429497569,
        "count": 617,
        "num_stabilizing": 164,
        "num_destabilizing": 453
    },
    "ssym": {
        "pearson": [
            -0.44052450264659965,
            1.5867382939080783e-17
        ],
        "spearman": [
            -0.43118534247728374,
            8.8111160809537e-17
        ],
        "precision": 0.3815789473684211,
        "recall": 0.6744186046511628,
        "auroc": 0.6912859637834359,
        "accuracy": 0.640117994100295,
        "count": 339,
        "num_stabilizing": 86,
        "num_destabilizing": 253
    },
    "t2226": {
        "pearson": [
            -0.35149142106204073,
            1.9440652564791944e-50
        ],
        "spearman": [
            -0.2907226438708996,
            2.3797837062175662e-34
        ],
        "precision": 0.22237380627557982,
        "recall": 0.5640138408304498,
        "auroc": 0.6341575441145686,
        "accuracy": 0.58913813459268,
        "count": 1694,
        "num_stabilizing": 289,
        "num_destabilizing": 1405
    },
    "overall": {
        "pearson": [
            -0.3416642448272222,
            1.2310281334480656e-77
        ],
        "spearman": [
            -0.31077997027501597,
            7.257602294129023e-64
        ],
        "precision": 0.2826797385620915,
        "recall": 0.5945017182130584,
        "auroc": 0.6455399115464227,
        "accuracy": 0.6028520499108735,
        "count": 2805,
        "num_stabilizing": 582,
        "num_destabilizing": 2223
    }
}