{
    "SelectionOne": {
        "pearson": [
            0.33344384775122937,
            1.0172747044512995e-208
        ],
        "spearman": [
            0.3500669804090288,
            2.847966213466922e-231
        ],
        "count": 8067
    }
}