{
    "SelectionOne": {
        "pearson": [
            0.3344103326382659,
            2.2028459656265987e-206
        ],
        "spearman": [
            0.3406469250558652,
            1.4397867396707446e-214
        ],
        "count": 7927
    }
}