{
    "function_score": {
        "pearson": [
            0.43637647922322603,
            1.4357295295222348e-35
        ],
        "spearman": [
            0.3950396807520841,
            6.70200779819292e-29
        ],
        "count": 736
    }
}