{
    "Overall": {
        "all_types_of_mutations": {
            "Pr": -0.327317260081558,
            "Pr_pval": 9.432080663209477e-143,
            "Sr": -0.34701986510817434,
            "Sr_pval": 2.27498141029298e-161,
            "precision": 0.34397163120567376,
            "recall": 0.3101518784972022,
            "f1": 0.32618747372845736,
            "auroc": 0.5721534829509767,
            "accuracy": 0.7194118676702258,
            "num": 5713.0,
            "num_struc": 331.0
        },
        "single_point_mutations": {
            "Pr": -0.3802294708938003,
            "Pr_pval": 2.2519083978031884e-141,
            "Sr": -0.34188387190249664,
            "Sr_pval": 6.144383064711953e-113,
            "precision": 0.3357972544878564,
            "recall": 0.36054421768707484,
            "f1": 0.3477310005467469,
            "auroc": 0.5827224810519741,
            "accuracy": 0.7094495859717487,
            "num": 4106.0,
            "num_struc": 308.0
        },
        "multi_point_mutations": {
            "Pr": -0.370351781389357,
            "Pr_pval": 2.0544706995589891e-53,
            "Sr": -0.40784635585155987,
            "Sr_pval": 1.9120632972048554e-65,
            "precision": 0.3867403314917127,
            "recall": 0.1897018970189702,
            "f1": 0.2545454545454545,
            "auroc": 0.5500205769424414,
            "accuracy": 0.744866210329807,
            "num": 1607.0,
            "num_struc": 142.0
        }
    },
    "Per-Structure": {
        "all_types_of_mutations": {
            "Pr": -0.301850360630191,
            "Pr_std": 0.27098503956257214,
            "Pr_pval": 1.0996044530365753e-118,
            "Sr": -0.30141217523666286,
            "Sr_std": 0.27045386463513754,
            "Sr_pval": 0.2940173061833339,
            "precision": 0.3214855794144315,
            "recall": 0.2645958175816949,
            "f1": 0.6182002001536231,
            "auroc": 0.7380569550132641,
            "accuracy": 9.772146687359648e-113,
            "num": 5025.0,
            "num_struc": 116.0
        },
        "single_point_mutations": {
            "Pr": -0.346664152137642,
            "Pr_std": 0.26149631320047595,
            "Pr_pval": 3.153598022143235e-114,
            "Sr": -0.33068513008733635,
            "Sr_std": 0.2450592974127988,
            "Sr_pval": 0.30354927938956305,
            "precision": 0.34539040055119524,
            "recall": 0.29041832174488247,
            "f1": 0.6185495892449765,
            "auroc": 0.7415425254813938,
            "accuracy": 6.728644074188868e-79,
            "num": 3485.0,
            "num_struc": 93.0
        },
        "multi_point_mutations": {
            "Pr": -0.2698019762046071,
            "Pr_std": 0.32906822181193907,
            "Pr_pval": 4.319010536362065e-36,
            "Sr": -0.2686705765380618,
            "Sr_std": 0.3217669180965016,
            "Sr_pval": 0.27772234540527224,
            "precision": 0.20078485200436422,
            "recall": 0.16827900651958644,
            "f1": 0.5581505847261681,
            "auroc": 0.7152425174160992,
            "accuracy": 2.623343781188826e-34,
            "num": 1304.0,
            "num_struc": 41.0
        }
    }
}