{
    "Overall": {
        "all_types_of_mutations": {
            "Pr": -0.327317260081558,
            "Pr_pval": 9.432080663209477e-143,
            "Sr": -0.34701986510817434,
            "Sr_pval": 2.27498141029298e-161,
            "num": 5713.0,
            "num_struc": 331.0
        },
        "single_point_mutations": {
            "Pr": -0.3802294708938003,
            "Pr_pval": 2.2519083978031884e-141,
            "Sr": -0.34188387190249664,
            "Sr_pval": 6.144383064711953e-113,
            "num": 4106.0,
            "num_struc": 308.0
        },
        "multi_point_mutations": {
            "Pr": -0.370351781389357,
            "Pr_pval": 2.0544706995589891e-53,
            "Sr": -0.40784635585155987,
            "Sr_pval": 1.9120632972048554e-65,
            "num": 1607.0,
            "num_struc": 142.0
        }
    },
    "Per-Structure": {
        "all_types_of_mutations": {
            "Pr": -0.301850360630191,
            "Pr_std": 0.27098503956257214,
            "Pr_pval": 1.0996044530365753e-118,
            "Sr": -0.30141217523666286,
            "Sr_std": 0.27045386463513754,
            "Sr_pval": 9.772146687359648e-113,
            "num": 5025.0,
            "num_struc": 116.0
        },
        "single_point_mutations": {
            "Pr": -0.346664152137642,
            "Pr_std": 0.2614963132004759,
            "Pr_pval": 3.1535980221430564e-114,
            "Sr": -0.33068513008733635,
            "Sr_std": 0.2450592974127988,
            "Sr_pval": 6.728644074188868e-79,
            "num": 3485.0,
            "num_struc": 93.0
        },
        "multi_point_mutations": {
            "Pr": -0.2698019762046071,
            "Pr_std": 0.32906822181193907,
            "Pr_pval": 4.319010536362065e-36,
            "Sr": -0.2686705765380618,
            "Sr_std": 0.3217669180965016,
            "Sr_pval": 2.623343781188826e-34,
            "num": 1304.0,
            "num_struc": 41.0
        }
    }
}