{
    "react_rel": {
        "pearson": [
            0.4088220256145814,
            6.34239680777838e-59
        ],
        "spearman": [
            0.4367644039155695,
            6.583023820819901e-68
        ],
        "count": 1435
    }
}