{
    "react_rel": {
        "pearson": [
            0.33391374722951517,
            1.0264588261693335e-38
        ],
        "spearman": [
            0.34057282844364073,
            2.6660888038850485e-40
        ],
        "count": 1435
    }
}