{
    "react_rel": {
        "pearson": [
            0.346149868480656,
            1.1691046902908483e-41
        ],
        "spearman": [
            0.3629908925341749,
            6.257880196044775e-46
        ],
        "count": 1435
    }
}