{
    "Ami11_avg": {
        "pearson": [
            0.20551316724695262,
            3.953803402798461e-51
        ],
        "spearman": [
            0.16473232831104057,
            3.163966312075453e-33
        ],
        "count": 5245
    },
    "Ami12_avg": {
        "pearson": [
            0.30948186718126,
            1.9211840335792932e-112
        ],
        "spearman": [
            0.37739956339433123,
            1.5084940934326814e-170
        ],
        "count": 5046
    },
    "Ami14_avg": {
        "pearson": [
            0.27537489561308315,
            1.1895849282186598e-87
        ],
        "spearman": [
            0.3226529092860387,
            2.020368954786543e-121
        ],
        "count": 4997
    },
    "Ami18_avg": {
        "pearson": [
            0.01587136797916658,
            0.24987026409009033
        ],
        "spearman": [
            0.017921041385409047,
            0.19384540690385882
        ],
        "count": 5258
    },
    "G41811_avg": {
        "pearson": [
            0.29449750858690127,
            1.2436886205745456e-101
        ],
        "spearman": [
            0.32261871167581513,
            1.0403720080897614e-122
        ],
        "count": 5052
    },
    "G41812_avg": {
        "pearson": [
            0.3245676754097452,
            5.267962124225631e-122
        ],
        "spearman": [
            0.39064205419969905,
            1.6894654054055766e-180
        ],
        "count": 4959
    },
    "G41814_avg": {
        "pearson": [
            0.2803082739279139,
            6.087196543561862e-95
        ],
        "spearman": [
            0.3105479348110831,
            3.401946308172143e-117
        ],
        "count": 5225
    },
    "Kan11_avg": {
        "pearson": [
            0.3207399622371545,
            3.445768229518473e-120
        ],
        "spearman": [
            0.3400789685401217,
            8.235719040845642e-136
        ],
        "count": 5008
    },
    "Kan12_avg": {
        "pearson": [
            0.33500787266629145,
            2.3374607628860655e-127
        ],
        "spearman": [
            0.40593902615637356,
            1.325136933955196e-191
        ],
        "count": 4844
    },
    "Kan14_avg": {
        "pearson": [
            0.31869782072882047,
            2.3848434956989923e-118
        ],
        "spearman": [
            0.36991914064524056,
            7.444242043585079e-162
        ],
        "count": 4997
    },
    "Kan18_avg": {
        "pearson": [
            0.302103122446007,
            1.096673443383451e-110
        ],
        "spearman": [
            0.3370874863295723,
            5.496629222587163e-139
        ],
        "count": 5224
    },
    "Neo11_avg": {
        "pearson": [
            0.2899726673919391,
            5.704403507248286e-99
        ],
        "spearman": [
            0.2983670892808574,
            6.069547059193384e-105
        ],
        "count": 5079
    },
    "Neo12_avg": {
        "pearson": [
            0.331829231150702,
            4.818037499483308e-128
        ],
        "spearman": [
            0.4043537453155575,
            7.071500771039468e-195
        ],
        "count": 4970
    },
    "Neo14_avg": {
        "pearson": [
            0.32172029439857164,
            4.834994377993163e-125
        ],
        "spearman": [
            0.3600996535524159,
            2.1248896536251776e-158
        ],
        "count": 5180
    },
    "Neo18_avg": {
        "pearson": [
            0.2665813769656634,
            9.838088516456409e-86
        ],
        "spearman": [
            0.27999103252442475,
            9.680650576051531e-95
        ],
        "count": 5226
    },
    "Paro11_avg": {
        "pearson": [
            0.23772333999632542,
            4.4780113854310635e-68
        ],
        "spearman": [
            0.2204487823899459,
            1.4574820680665232e-58
        ],
        "count": 5228
    },
    "Paro12_avg": {
        "pearson": [
            0.32036208472784566,
            1.8002874907411686e-119
        ],
        "spearman": [
            0.3768512315410085,
            3.7349468723823724e-168
        ],
        "count": 4990
    },
    "Paro14_avg": {
        "pearson": [
            0.3425492257572447,
            1.5673500372357993e-136
        ],
        "spearman": [
            0.396799480881317,
            1.2068016402467864e-186
        ],
        "count": 4958
    },
    "Paro18_avg": {
        "pearson": [
            0.33572062867692404,
            1.8744373092439694e-134
        ],
        "spearman": [
            0.3871897272033254,
            6.83528778199716e-182
        ],
        "count": 5095
    },
    "Ribo11_avg": {
        "pearson": [
            0.3169523930722287,
            4.2298292269413825e-117
        ],
        "spearman": [
            0.3713908605956259,
            2.3398504009888228e-163
        ],
        "count": 5001
    },
    "Ribo12_avg": {
        "pearson": [
            0.3660789850035342,
            1.8437348583801758e-158
        ],
        "spearman": [
            0.42812499042214724,
            3.8799002025959795e-222
        ],
        "count": 5002
    },
    "Ribo14_avg": {
        "pearson": [
            0.3463232656880614,
            5.446899158194e-146
        ],
        "spearman": [
            0.3864250417303797,
            2.9902427968300597e-184
        ],
        "count": 5184
    },
    "Ribo18_avg": {
        "pearson": [
            0.31073145090940774,
            8.721895027872283e-117
        ],
        "spearman": [
            0.3304854551229817,
            9.479457929739956e-133
        ],
        "count": 5200
    }
}