{
    "Ami11_avg": {
        "pearson": [
            0.18824983265975417,
            1.204525494957656e-41
        ],
        "spearman": [
            0.14691124440404033,
            7.517839670488997e-26
        ],
        "count": 5068
    },
    "Ami12_avg": {
        "pearson": [
            0.3025256671822735,
            2.302553980816871e-104
        ],
        "spearman": [
            0.37314441577894514,
            6.593063171167937e-162
        ],
        "count": 4906
    },
    "Ami14_avg": {
        "pearson": [
            0.2756560623069664,
            1.1504912042936609e-85
        ],
        "spearman": [
            0.32474642461567726,
            5.190924032994474e-120
        ],
        "count": 4871
    },
    "Ami18_avg": {
        "pearson": [
            0.013027506831690239,
            0.35323384575072775
        ],
        "spearman": [
            0.016696198210561862,
            0.23412623237811575
        ],
        "count": 5080
    },
    "G41811_avg": {
        "pearson": [
            0.2889400002129705,
            5.74875481264248e-95
        ],
        "spearman": [
            0.30735135536992486,
            7.942984201617027e-108
        ],
        "count": 4906
    },
    "G41812_avg": {
        "pearson": [
            0.3352584841877726,
            5.495984642725668e-127
        ],
        "spearman": [
            0.403723457764129,
            1.703797811165478e-188
        ],
        "count": 4822
    },
    "G41814_avg": {
        "pearson": [
            0.29464615376231196,
            1.11847855788117e-101
        ],
        "spearman": [
            0.3233787004300477,
            3.0702308783100164e-123
        ],
        "count": 5049
    },
    "Kan11_avg": {
        "pearson": [
            0.3089766146386596,
            1.7500365607481314e-108
        ],
        "spearman": [
            0.32390569184948886,
            1.2459384796030936e-119
        ],
        "count": 4882
    },
    "Kan12_avg": {
        "pearson": [
            0.3562577600267153,
            1.274611035389159e-141
        ],
        "spearman": [
            0.42470449356413487,
            1.3718089598922927e-206
        ],
        "count": 4732
    },
    "Kan14_avg": {
        "pearson": [
            0.333997534492639,
            1.3948994678658073e-126
        ],
        "spearman": [
            0.3844401697041893,
            1.938357387855634e-170
        ],
        "count": 4845
    },
    "Kan18_avg": {
        "pearson": [
            0.32207309887500096,
            2.9662052245782083e-122
        ],
        "spearman": [
            0.3563962968255947,
            3.674884262651756e-151
        ],
        "count": 5051
    },
    "Neo11_avg": {
        "pearson": [
            0.2837872173590427,
            1.8920484888220995e-92
        ],
        "spearman": [
            0.2846672854086214,
            4.899178154215731e-93
        ],
        "count": 4956
    },
    "Neo12_avg": {
        "pearson": [
            0.34655554135036687,
            4.842192374417741e-137
        ],
        "spearman": [
            0.4184227142507528,
            4.1048465339393175e-205
        ],
        "count": 4855
    },
    "Neo14_avg": {
        "pearson": [
            0.34211374116094234,
            1.1042770377539612e-137
        ],
        "spearman": [
            0.3782136086831512,
            2.922612211509791e-170
        ],
        "count": 5014
    },
    "Neo18_avg": {
        "pearson": [
            0.2816420728103138,
            8.618013398218447e-93
        ],
        "spearman": [
            0.29333271976749237,
            7.569987383288812e-101
        ],
        "count": 5054
    },
    "Paro11_avg": {
        "pearson": [
            0.2273234482932958,
            2.4026406227097414e-60
        ],
        "spearman": [
            0.20335045616709566,
            2.13205626727645e-48
        ],
        "count": 5063
    },
    "Paro12_avg": {
        "pearson": [
            0.3140502518733484,
            4.590746443428574e-112
        ],
        "spearman": [
            0.36809145032027313,
            2.502555449982299e-156
        ],
        "count": 4876
    },
    "Paro14_avg": {
        "pearson": [
            0.3464429563239706,
            2.161724955986976e-136
        ],
        "spearman": [
            0.40566018875272714,
            5.743713343704521e-191
        ],
        "count": 4835
    },
    "Paro18_avg": {
        "pearson": [
            0.3500502832028199,
            1.4926159080137068e-142
        ],
        "spearman": [
            0.4013583473791318,
            7.536653095752807e-191
        ],
        "count": 4946
    },
    "Ribo11_avg": {
        "pearson": [
            0.31541521549962714,
            2.1452707209847885e-113
        ],
        "spearman": [
            0.3668089180918352,
            1.297899081947435e-155
        ],
        "count": 4890
    },
    "Ribo12_avg": {
        "pearson": [
            0.3819452166902974,
            4.866162846154179e-169
        ],
        "spearman": [
            0.4427451403805891,
            4.286442219563011e-233
        ],
        "count": 4873
    },
    "Ribo14_avg": {
        "pearson": [
            0.36530224581530124,
            2.2684419678278693e-158
        ],
        "spearman": [
            0.40420726225507553,
            9.679098483671169e-197
        ],
        "count": 5022
    },
    "Ribo18_avg": {
        "pearson": [
            0.33362767841989616,
            4.089477066537615e-131
        ],
        "spearman": [
            0.3512730997374419,
            4.274731110310057e-146
        ],
        "count": 5033
    }
}