{
    "myoglobin": {
        "pearson": [
            -0.7596991415886579,
            1.7727157437231891e-22
        ],
        "spearman": [
            -0.7866361972097992,
            5.424954126518037e-25
        ],
        "precision": 0.8333333333333334,
        "recall": 0.46875,
        "auroc": 0.8989197530864197,
        "accuracy": 0.8230088495575221,
        "count": 113,
        "num_stabilizing": 32,
        "num_destabilizing": 81
    },
    "p53": {
        "pearson": [
            -0.816288630893776,
            4.443557878037562e-11
        ],
        "spearman": [
            -0.7854132926923727,
            7.306646494147727e-10
        ],
        "precision": 0.5714285714285714,
        "recall": 0.36363636363636365,
        "auroc": 0.847507331378299,
        "accuracy": 0.7619047619047619,
        "count": 42,
        "num_stabilizing": 11,
        "num_destabilizing": 31
    },
    "s669": {
        "pearson": [
            -0.546389553842819,
            1.1066173502225648e-46
        ],
        "spearman": [
            -0.5752998753206344,
            1.1226192497323038e-52
        ],
        "precision": 0.5643564356435643,
        "recall": 0.41304347826086957,
        "auroc": 0.7911740758834067,
        "accuracy": 0.7855917667238422,
        "count": 583,
        "num_stabilizing": 138,
        "num_destabilizing": 445
    },
    "ssym": {
        "pearson": [
            -0.7480610318866714,
            5.6482632492928585e-62
        ],
        "spearman": [
            -0.7524984230482884,
            4.3104351717951484e-63
        ],
        "precision": 0.6829268292682927,
        "recall": 0.6511627906976745,
        "auroc": 0.8863406563103227,
        "accuracy": 0.8348082595870207,
        "count": 339,
        "num_stabilizing": 86,
        "num_destabilizing": 253
    },
    "t2226": {
        "pearson": [
            -0.5969298649134254,
            1.7432422277285707e-159
        ],
        "spearman": [
            -0.6199421732784327,
            2.2191493197409838e-175
        ],
        "precision": 0.48,
        "recall": 0.5106382978723404,
        "auroc": 0.826532310060107,
        "accuracy": 0.8213851761846902,
        "count": 1646,
        "num_stabilizing": 282,
        "num_destabilizing": 1364
    },
    "overall": {
        "pearson": [
            -0.6054664032852467,
            3.934627251506823e-272
        ],
        "spearman": [
            -0.6313779554163743,
            7.913866923446854e-303
        ],
        "precision": 0.5433070866141733,
        "recall": 0.5027322404371585,
        "auroc": 0.829645101991913,
        "accuracy": 0.8145427836944547,
        "count": 2723,
        "num_stabilizing": 549,
        "num_destabilizing": 2174
    }
}