{
    "screenscore": {
        "pearson": [
            0.34110235140621664,
            3.900916360878762e-75
        ],
        "spearman": [
            0.34651869261494744,
            1.2293731721269712e-77
        ],
        "count": 2722
    }
}