{
    "screenscore": {
        "pearson": [
            0.3550322647688736,
            8.639745378016894e-81
        ],
        "spearman": [
            0.38308170688336646,
            7.930986579685943e-95
        ],
        "count": 2692
    }
}