{
    "screenscore": {
        "pearson": [
            0.34271469360234214,
            7.107502428544226e-76
        ],
        "spearman": [
            0.3640814106738325,
            4.278015653581799e-86
        ],
        "count": 2722
    }
}