{
    "screenscore": {
        "pearson": [
            0.37067804955889555,
            1.902103745991954e-88
        ],
        "spearman": [
            0.40615405676201943,
            1.8751193741209034e-107
        ],
        "count": 2692
    }
}