{
    "1PGA": {
        "pearson": [
            -0.7569373186502232,
            2.1568234185715846e-169
        ],
        "spearman": [
            -0.6942456296227079,
            2.110636814703132e-131
        ],
        "count": 907
    },
    "overall": {
        "pearson": [
            -0.7569373186502232,
            2.1568234185715846e-169
        ],
        "spearman": [
            -0.6942456296227079,
            2.110636814703132e-131
        ],
        "count": 907
    }
}