{
    "fitness": {
        "pearson": [
            0.3377970475132912,
            7.400799444624337e-42
        ],
        "spearman": [
            0.36422748328415405,
            7.31416117406982e-49
        ],
        "count": 1519
    }
}