{
    "fitness": {
        "pearson": [
            0.34212362517912603,
            5.863187599713367e-43
        ],
        "spearman": [
            0.35129000681673905,
            2.3815508529312917e-45
        ],
        "count": 1519
    }
}