{
    "myoglobin": {
        "pearson": [
            -0.4368227672954806,
            2.2872557027756985e-23
        ],
        "spearman": [
            -0.5019301378914147,
            2.0031414142933083e-31
        ],
        "precision": 0.6861702127659575,
        "recall": 0.6084905660377359,
        "auroc": 0.7699606614700953,
        "accuracy": 0.6985138004246284,
        "count": 471,
        "num_stabilizing": 212,
        "num_destabilizing": 259
    },
    "p53": {
        "pearson": [
            -0.6329213769786113,
            1.6595935355635884e-07
        ],
        "spearman": [
            -0.5936597475317074,
            1.4178594625905492e-06
        ],
        "precision": 0.75,
        "recall": 0.47368421052631576,
        "auroc": 0.7852062588904694,
        "accuracy": 0.7678571428571429,
        "count": 56,
        "num_stabilizing": 19,
        "num_destabilizing": 37
    },
    "s669": {
        "pearson": [
            -0.37994895428365344,
            1.2581029806964979e-43
        ],
        "spearman": [
            -0.36963351587236803,
            3.283280994858154e-41
        ],
        "precision": 0.5231958762886598,
        "recall": 0.4282700421940928,
        "auroc": 0.6566212482558107,
        "accuracy": 0.6301703163017032,
        "count": 1233,
        "num_stabilizing": 474,
        "num_destabilizing": 759
    },
    "ssym": {
        "pearson": [
            -0.6154711524539893,
            1.6395612205326194e-193
        ],
        "spearman": [
            -0.6046967982902373,
            4.319376955188926e-185
        ],
        "precision": 0.6410923276983095,
        "recall": 0.6232616940581542,
        "auroc": 0.7618209570200095,
        "accuracy": 0.6900647948164147,
        "count": 1852,
        "num_stabilizing": 791,
        "num_destabilizing": 1061
    },
    "t2226": {
        "pearson": [
            -0.5809252931429568,
            0.0
        ],
        "spearman": [
            -0.6071954853133634,
            0.0
        ],
        "precision": 0.7027608461814271,
        "recall": 0.6594885598923284,
        "auroc": 0.7904483996225307,
        "accuracy": 0.7326847684042399,
        "count": 6887,
        "num_stabilizing": 2972,
        "num_destabilizing": 3915
    },
    "overall": {
        "pearson": [
            -0.5661120116478254,
            0.0
        ],
        "spearman": [
            -0.5804906491255155,
            0.0
        ],
        "precision": 0.6739025566811384,
        "recall": 0.6253357206803939,
        "auroc": 0.7720618938825023,
        "accuracy": 0.7117820744832841,
        "count": 10499,
        "num_stabilizing": 4468,
        "num_destabilizing": 6031
    }
}