{
    "Overall": {
        "all_types_of_mutations": {
            "Pr": -0.20849266079637116,
            "Pr_pval": 2.902422816707749e-57,
            "Sr": -0.22197518600597127,
            "Sr_pval": 7.432184947615987e-65,
            "precision": 0.41778975741239893,
            "recall": 0.12370311252992817,
            "f1": 0.19088669950738915,
            "auroc": 0.5377066870496723,
            "accuracy": 0.7705204331121202,
            "num": 5726.0,
            "num_struc": 333.0
        },
        "single_point_mutations": {
            "Pr": -0.24455263834472743,
            "Pr_pval": 3.856845168981868e-57,
            "Sr": -0.23462834584382908,
            "Sr_pval": 1.2984905995393665e-52,
            "precision": 0.4169184290030212,
            "recall": 0.15610859728506787,
            "f1": 0.2271604938271605,
            "auroc": 0.548215090231897,
            "accuracy": 0.7719766877124817,
            "num": 4118.0,
            "num_struc": 310.0
        },
        "multi_point_mutations": {
            "Pr": -0.2650473537466914,
            "Pr_pval": 2.9524537617249803e-27,
            "Sr": -0.2687622282842646,
            "Sr_pval": 5.243625850234959e-28,
            "precision": 0.425,
            "recall": 0.04607046070460705,
            "f1": 0.08312958435207823,
            "auroc": 0.5137535515790993,
            "accuracy": 0.7667910447761194,
            "num": 1608.0,
            "num_struc": 143.0
        }
    },
    "Per-Structure": {
        "all_types_of_mutations": {
            "Pr": -0.24165196039635023,
            "Pr_std": 0.2608713458928427,
            "Pr_pval": 7.177431805952013e-50,
            "Sr": -0.24325446950147328,
            "Sr_std": 0.24208753694289076,
            "Sr_pval": 0.23592045431882092,
            "precision": 0.10866758054812849,
            "recall": 0.12254834333640016,
            "f1": 0.540985780841754,
            "auroc": 0.7885318318410369,
            "accuracy": 2.5928552783158977e-45,
            "num": 5025.0,
            "num_struc": 116.0
        },
        "single_point_mutations": {
            "Pr": -0.26742610076374357,
            "Pr_std": 0.2595615190389627,
            "Pr_pval": 7.795573930390858e-41,
            "Sr": -0.26040913196501464,
            "Sr_std": 0.2422838709142797,
            "Sr_pval": 0.27830687830687834,
            "precision": 0.14329486198794497,
            "recall": 0.15829024429923794,
            "f1": 0.5546650183301072,
            "auroc": 0.7945651945117801,
            "accuracy": 3.5547630970778095e-31,
            "num": 3485.0,
            "num_struc": 93.0
        },
        "multi_point_mutations": {
            "Pr": -0.2944095359607895,
            "Pr_std": 0.27485468395521356,
            "Pr_pval": 2.0989399318019334e-22,
            "Sr": -0.3033271094055936,
            "Sr_std": 0.27859246264253174,
            "Sr_pval": 0.14750290360046459,
            "precision": 0.030988675958188154,
            "recall": 0.046274129521883055,
            "f1": 0.5087991470534574,
            "auroc": 0.751623548845453,
            "accuracy": 1.9727955407773496e-23,
            "num": 1304.0,
            "num_struc": 41.0
        }
    }
}