{
    "function_score": {
        "pearson": [
            0.5563037041597231,
            1.2043462961059333e-121
        ],
        "spearman": [
            0.4739655869227492,
            3.4571969743751913e-84
        ],
        "count": 1488
    }
}