{
    "function_score": {
        "pearson": [
            0.4894403683797496,
            1.9353712035314632e-88
        ],
        "spearman": [
            0.40697821186793953,
            4.128031660179525e-59
        ],
        "count": 1454
    }
}