{
    "fitness": {
        "pearson": [
            0.23049403777673938,
            9.138324144197616e-20
        ],
        "spearman": [
            0.22986604256354784,
            1.1550109250299472e-19
        ],
        "count": 1519
    }
}