{
    "fitness": {
        "pearson": [
            0.25178065935176447,
            2.149505189463469e-23
        ],
        "spearman": [
            0.25095282861680884,
            3.0205163250014464e-23
        ],
        "count": 1519
    }
}