{
    "overall": {
        "pearson": [
            -0.44306060720655505,
            2.614984294568662e-18
        ],
        "spearman": [
            -0.43019324213082494,
            3.034651008565415e-17
        ],
        "count": 351
    }
}