{
    "function_score": {
        "pearson": [
            0.3008311678570955,
            7.33802797027614e-17
        ],
        "spearman": [
            0.21507122648909757,
            3.771249674700442e-09
        ],
        "count": 736
    }
}