{
    "enrichment": {
        "pearson": [
            0.5223070934787214,
            2.7507610887097582e-244
        ],
        "spearman": [
            0.5585032876330299,
            2.550698244137563e-286
        ],
        "count": 3500
    }
}