{
    "enrichment": {
        "pearson": [
            0.537689800633489,
            9.486041263706982e-233
        ],
        "spearman": [
            0.5875571805248304,
            2.5764270908502474e-288
        ],
        "count": 3112
    }
}