{
    "enrichment": {
        "pearson": [
            0.5369924773855083,
            4.8886062582246665e-232
        ],
        "spearman": [
            0.5873635021547788,
            4.4240396023405306e-288
        ],
        "count": 3112
    }
}