{
    "1AMQ": {
        "pearson": [
            -0.8069101385678519,
            0.19308986143214812
        ],
        "spearman": [
            -1.0,
            0.0
        ],
        "count": 4
    },
    "1BNI": {
        "pearson": [
            -0.7312861688451133,
            0.004504852161539069
        ],
        "spearman": [
            -0.7272754869387594,
            0.0048458621421824935
        ],
        "count": 13
    },
    "1CEY": {
        "pearson": [
            0.7722030195475716,
            0.4383096404933266
        ],
        "spearman": [
            0.5,
            0.6666666666666667
        ],
        "count": 3
    },
    "1EY0": {
        "pearson": [
            -0.5114547253374362,
            0.005406473182443467
        ],
        "spearman": [
            -0.32315494360129554,
            0.09347183917553134
        ],
        "count": 28
    },
    "1IHB": {
        "pearson": [
            -0.17242862156065786,
            0.8896771736879991
        ],
        "spearman": [
            -0.5,
            0.6666666666666667
        ],
        "count": 3
    },
    "1L63": {
        "pearson": [
            -0.7561413324355221,
            4.225920897239584e-23
        ],
        "spearman": [
            -0.7995601746051217,
            1.8993006537530136e-27
        ],
        "count": 118
    },
    "1LZ1": {
        "pearson": [
            -0.658397488034528,
            6.027366732743554e-09
        ],
        "spearman": [
            -0.6466972178385245,
            1.3611700628736701e-08
        ],
        "count": 62
    },
    "1OH0": {
        "pearson": [
            -1.0,
            1.0
        ],
        "spearman": [
            -0.9999999999999999,
            NaN
        ],
        "count": 2
    },
    "1VQB": {
        "pearson": [
            0.03001732301888914,
            0.9617864975902822
        ],
        "spearman": [
            -0.09999999999999999,
            0.8728885715695383
        ],
        "count": 5
    },
    "2LZM": {
        "pearson": [
            -0.8239868441692788,
            1.94228335095591e-17
        ],
        "spearman": [
            -0.8203780108020226,
            3.504873018487287e-17
        ],
        "count": 66
    },
    "2RN2": {
        "pearson": [
            -0.44500322918045415,
            0.06424111056557984
        ],
        "spearman": [
            -0.4378903104209244,
            0.06914272339047593
        ],
        "count": 18
    },
    "3ZCF": {
        "pearson": [
            -1.0,
            1.0
        ],
        "spearman": [
            -0.9999999999999999,
            NaN
        ],
        "count": 2
    },
    "4BVM": {
        "pearson": [
            -0.06894823094386729,
            0.9122819904886995
        ],
        "spearman": [
            0.09999999999999999,
            0.8728885715695383
        ],
        "count": 5
    },
    "4LYZ": {
        "pearson": [
            -0.5017508109068896,
            0.06753685954581636
        ],
        "spearman": [
            -0.464095480892257,
            0.09458686673699153
        ],
        "count": 14
    },
    "5PTI": {
        "pearson": [
            0.12189333397320708,
            0.8451857731568763
        ],
        "spearman": [
            -0.49999999999999994,
            0.39100221895577053
        ],
        "count": 5
    },
    "overall": {
        "pearson": [
            -0.7062574755914334,
            1.911590931273921e-54
        ],
        "spearman": [
            -0.7375535799318195,
            1.2080204773311743e-61
        ],
        "count": 352
    }
}