{
    "myoglobin": {
        "pearson": [
            -0.7693272166152865,
            2.45034992651393e-23
        ],
        "spearman": [
            -0.7741141297092377,
            8.836512800480947e-24
        ],
        "precision": 0.7368421052631579,
        "recall": 0.4375,
        "auroc": 0.8981481481481481,
        "accuracy": 0.7964601769911505,
        "count": 113,
        "num_stabilizing": 32,
        "num_destabilizing": 81
    },
    "p53": {
        "pearson": [
            -0.7891597798201746,
            5.333598710302111e-10
        ],
        "spearman": [
            -0.7791734223315274,
            1.2175619229229415e-09
        ],
        "precision": 1.0,
        "recall": 0.45454545454545453,
        "auroc": 0.8328445747800586,
        "accuracy": 0.8571428571428571,
        "count": 42,
        "num_stabilizing": 11,
        "num_destabilizing": 31
    },
    "s669": {
        "pearson": [
            -0.4440833315175104,
            3.3276816905071458e-31
        ],
        "spearman": [
            -0.4504147946386513,
            3.7206674381059975e-32
        ],
        "precision": 0.5234899328859061,
        "recall": 0.47560975609756095,
        "auroc": 0.7165105260324126,
        "accuracy": 0.7455429497568882,
        "count": 617,
        "num_stabilizing": 164,
        "num_destabilizing": 453
    },
    "ssym": {
        "pearson": [
            -0.7539863676918019,
            1.7968427866935566e-63
        ],
        "spearman": [
            -0.75661169206524,
            3.778737739631684e-64
        ],
        "precision": 0.6666666666666666,
        "recall": 0.6511627906976745,
        "auroc": 0.8879952201489107,
        "accuracy": 0.8289085545722714,
        "count": 339,
        "num_stabilizing": 86,
        "num_destabilizing": 253
    },
    "t2226": {
        "pearson": [
            -0.6091403788143659,
            1.3508110794952748e-172
        ],
        "spearman": [
            -0.6423007479465976,
            1.0685735140600088e-197
        ],
        "precision": 0.5188679245283019,
        "recall": 0.5709342560553633,
        "auroc": 0.8422834907460995,
        "accuracy": 0.8364817001180638,
        "count": 1694,
        "num_stabilizing": 289,
        "num_destabilizing": 1405
    },
    "overall": {
        "pearson": [
            -0.5982987853069163,
            4.9865043646485976e-272
        ],
        "spearman": [
            -0.619139758384523,
            1.3838637485220466e-296
        ],
        "precision": 0.5530434782608695,
        "recall": 0.5463917525773195,
        "auroc": 0.8201874189394538,
        "accuracy": 0.8142602495543672,
        "count": 2805,
        "num_stabilizing": 582,
        "num_destabilizing": 2223
    }
}