{
    "screenscore": {
        "pearson": [
            0.3628715806382187,
            1.7030146698372775e-85
        ],
        "spearman": [
            0.3950733709789474,
            2.2632984657831084e-102
        ],
        "count": 2722
    }
}