{
    "screenscore": {
        "pearson": [
            0.38344555994720503,
            6.426983152287948e-96
        ],
        "spearman": [
            0.4291686316992477,
            3.1088213030443775e-122
        ],
        "count": 2718
    }
}