{
    "log2_ratio": {
        "pearson": [
            0.2392888731158483,
            3.579611304424472e-13
        ],
        "spearman": [
            0.16959215192262642,
            3.1381124441803113e-07
        ],
        "count": 899
    }
}