{
    "log2_ratio": {
        "pearson": [
            0.21812797857992164,
            3.820764932268334e-11
        ],
        "spearman": [
            0.16919547240992747,
            3.3463268873891304e-07
        ],
        "count": 899
    }
}