{
    "myoglobin": {
        "pearson": [
            -0.4261414588989398,
            2.526711598124033e-06
        ],
        "spearman": [
            -0.3917315264523044,
            1.7816120980175703e-05
        ],
        "precision": 0.5294117647058824,
        "recall": 0.28125,
        "auroc": 0.6500771604938272,
        "accuracy": 0.7256637168141593,
        "count": 113,
        "num_stabilizing": 32,
        "num_destabilizing": 81
    },
    "p53": {
        "pearson": [
            -0.7796842230663361,
            1.1684382550035558e-09
        ],
        "spearman": [
            -0.7897082683952922,
            5.090697543731601e-10
        ],
        "precision": 0.75,
        "recall": 0.5454545454545454,
        "auroc": 0.9002932551319648,
        "accuracy": 0.8333333333333334,
        "count": 42,
        "num_stabilizing": 11,
        "num_destabilizing": 31
    },
    "s669": {
        "pearson": [
            -0.4428334038059639,
            2.14480891852732e-29
        ],
        "spearman": [
            -0.5030004027315493,
            1.0326921276764684e-38
        ],
        "precision": 0.5866666666666667,
        "recall": 0.3188405797101449,
        "auroc": 0.7515876893014167,
        "accuracy": 0.7855917667238422,
        "count": 583,
        "num_stabilizing": 138,
        "num_destabilizing": 445
    },
    "ssym": {
        "pearson": [
            -0.5457381097663311,
            1.055267395655066e-27
        ],
        "spearman": [
            -0.5969550897111382,
            4.134780648784108e-34
        ],
        "precision": 0.7272727272727273,
        "recall": 0.37209302325581395,
        "auroc": 0.7890431105800165,
        "accuracy": 0.8053097345132744,
        "count": 339,
        "num_stabilizing": 86,
        "num_destabilizing": 253
    },
    "t2226": {
        "pearson": [
            -0.4112574314722637,
            3.179487506138498e-67
        ],
        "spearman": [
            -0.5159274085295313,
            5.1380660619461784e-111
        ],
        "precision": 0.4695121951219512,
        "recall": 0.27598566308243727,
        "auroc": 0.7582313175712643,
        "accuracy": 0.8218249075215783,
        "count": 1622,
        "num_stabilizing": 279,
        "num_destabilizing": 1343
    },
    "overall": {
        "pearson": [
            -0.4369537075976991,
            2.9218155656866236e-126
        ],
        "spearman": [
            -0.5254876823739101,
            1.6287560482632412e-191
        ],
        "precision": 0.5454545454545454,
        "recall": 0.3076923076923077,
        "auroc": 0.7593059518280141,
        "accuracy": 0.8080770655798444,
        "count": 2699,
        "num_stabilizing": 546,
        "num_destabilizing": 2153
    }
}