{
    "overall": {
        "pearson": [
            -0.44298183067509955,
            2.3772996868548644e-18
        ],
        "spearman": [
            -0.4532375316586933,
            3.1066984023287786e-19
        ],
        "count": 352
    }
}