{
    "screenscore": {
        "pearson": [
            0.3839646889195666,
            1.1892682008036289e-27
        ],
        "spearman": [
            0.40321894527820673,
            1.420870912402714e-30
        ],
        "count": 747
    }
}