{
    "screenscore": {
        "pearson": [
            0.4448724868081676,
            2.9722948868067137e-88
        ],
        "spearman": [
            0.3796420882388597,
            7.856862883129452e-63
        ],
        "count": 1801
    }
}