{
    "screenscore": {
        "pearson": [
            0.4619931568456081,
            3.4081763710350227e-77
        ],
        "spearman": [
            0.45721880503530965,
            1.8968594958000118e-75
        ],
        "count": 1443
    }
}