{
    "screenscore": {
        "pearson": [
            0.3032575883542256,
            5.256007408724454e-59
        ],
        "spearman": [
            0.36098812863416596,
            1.4457816584429629e-84
        ],
        "count": 2722
    }
}