{
    "screenscore": {
        "pearson": [
            0.34069195336627767,
            7.694237704187531e-75
        ],
        "spearman": [
            0.39940721986784267,
            1.2205867462418057e-104
        ],
        "count": 2718
    }
}