{
    "1A7V": {
        "pearson": [
            -0.18286007106260968,
            0.5498689534582808
        ],
        "spearman": [
            -0.20110269146412665,
            0.5100184014313398
        ],
        "count": 13
    },
    "1BA3": {
        "pearson": [
            -0.9011635613941439,
            0.098836438605856
        ],
        "spearman": [
            -0.39999999999999997,
            0.6
        ],
        "count": 4
    },
    "1BFM": {
        "pearson": [
            -1.0,
            1.0
        ],
        "spearman": [
            -0.9999999999999999,
            NaN
        ],
        "count": 2
    },
    "1D5G": {
        "pearson": [
            1.0,
            1.0
        ],
        "spearman": [
            0.9999999999999999,
            NaN
        ],
        "count": 2
    },
    "1DIV": {
        "pearson": [
            -0.6110531382743446,
            2.440195917712251e-06
        ],
        "spearman": [
            -0.5696928965245007,
            1.574347880857332e-05
        ],
        "count": 50
    },
    "1EKG": {
        "pearson": [
            -0.9512506838866218,
            0.04874931611337807
        ],
        "spearman": [
            -0.7999999999999999,
            0.20000000000000007
        ],
        "count": 4
    },
    "1FT8": {
        "pearson": [
            -0.6544808175868254,
            0.01521551862805822
        ],
        "spearman": [
            -0.6648351648351648,
            0.013165575845550252
        ],
        "count": 13
    },
    "1FXA": {
        "pearson": [
            -0.7107704218312572,
            0.014216013166360227
        ],
        "spearman": [
            -0.7636363636363637,
            0.006233059747904751
        ],
        "count": 11
    },
    "1G3P": {
        "pearson": [
            -0.505095962265528,
            0.007204715290085059
        ],
        "spearman": [
            -0.2657300434720433,
            0.18035233038690043
        ],
        "count": 27
    },
    "1GUA": {
        "pearson": [
            -0.531608463895644,
            8.473346193519297e-05
        ],
        "spearman": [
            -0.5462244897959183,
            4.9092820620136355e-05
        ],
        "count": 49
    },
    "1H0X": {
        "pearson": [
            1.0,
            1.0
        ],
        "spearman": [
            0.9999999999999999,
            NaN
        ],
        "count": 2
    },
    "1HCQ": {
        "pearson": [
            -1.0,
            1.0
        ],
        "spearman": [
            -0.9999999999999999,
            NaN
        ],
        "count": 2
    },
    "1ITM": {
        "pearson": [
            0.7359961932417385,
            0.4734282190076534
        ],
        "spearman": [
            1.0,
            0.0
        ],
        "count": 3
    },
    "1IV7": {
        "pearson": [
            -0.8759478134610285,
            0.32047390818661153
        ],
        "spearman": [
            -1.0,
            0.0
        ],
        "count": 3
    },
    "1J8I": {
        "pearson": [
            -0.08922042573408939,
            0.8665244713790122
        ],
        "spearman": [
            -0.08827348295047496,
            0.8679336982351336
        ],
        "count": 6
    },
    "1JLV": {
        "pearson": [
            0.6457418254802408,
            0.5530964688394696
        ],
        "spearman": [
            0.5,
            0.6666666666666667
        ],
        "count": 3
    },
    "1L6H": {
        "pearson": [
            -0.8275726933465207,
            0.37944226274648424
        ],
        "spearman": [
            -0.5,
            0.6666666666666667
        ],
        "count": 3
    },
    "1LVM": {
        "pearson": [
            0.16793003386992175,
            0.7871940834845795
        ],
        "spearman": [
            0.5642880936468347,
            0.32172333582430024
        ],
        "count": 5
    },
    "1N18": {
        "pearson": [
            -0.5628804145739154,
            0.43711958542608453
        ],
        "spearman": [
            -0.6000000000000001,
            0.3999999999999999
        ],
        "count": 4
    },
    "1N88": {
        "pearson": [
            0.05739120365214136,
            0.8268172688074593
        ],
        "spearman": [
            0.1006754316201123,
            0.7006398149982397
        ],
        "count": 17
    },
    "1NM1": {
        "pearson": [
            -1.0,
            1.0
        ],
        "spearman": [
            -0.9999999999999999,
            NaN
        ],
        "count": 2
    },
    "1O1U": {
        "pearson": [
            -0.523886080300658,
            0.28606288232569455
        ],
        "spearman": [
            -0.27322953332351235,
            0.6003545904291114
        ],
        "count": 6
    },
    "1O6X": {
        "pearson": [
            0.009536168320468589,
            0.9681715026639013
        ],
        "spearman": [
            -0.06471032682129335,
            0.7863577306711409
        ],
        "count": 20
    },
    "1OSI": {
        "pearson": [
            0.13802518353057452,
            0.8619748164694254
        ],
        "spearman": [
            0.39999999999999997,
            0.6
        ],
        "count": 4
    },
    "1PFL": {
        "pearson": [
            -0.43123066826166534,
            0.4684666447103618
        ],
        "spearman": [
            -0.3,
            0.6238376647810728
        ],
        "count": 5
    },
    "1PRG": {
        "pearson": [
            0.6942193008589677,
            0.08353346986063608
        ],
        "spearman": [
            0.6785714285714287,
            0.0937502539598313
        ],
        "count": 7
    },
    "1R6R": {
        "pearson": [
            0.3526986591956192,
            0.6473013408043808
        ],
        "spearman": [
            0.39999999999999997,
            0.6
        ],
        "count": 4
    },
    "1SPD": {
        "pearson": [
            -1.0,
            1.0
        ],
        "spearman": [
            -0.9999999999999999,
            NaN
        ],
        "count": 2
    },
    "1X0J": {
        "pearson": [
            -0.4589077596396425,
            0.30030745229963807
        ],
        "spearman": [
            -0.6785714285714287,
            0.0937502539598313
        ],
        "count": 7
    },
    "1XWS": {
        "pearson": [
            0.2677662884777646,
            0.7322337115222353
        ],
        "spearman": [
            -0.39999999999999997,
            0.6
        ],
        "count": 4
    },
    "1XXN": {
        "pearson": [
            0.023347261023802884,
            0.9702760448640292
        ],
        "spearman": [
            0.10259783520851543,
            0.8695979205185651
        ],
        "count": 5
    },
    "1XZO": {
        "pearson": [
            -0.12738069268130986,
            0.8726193073186901
        ],
        "spearman": [
            0.0,
            1.0
        ],
        "count": 4
    },
    "2BJD": {
        "pearson": [
            -0.9966624073045801,
            0.05202746364472187
        ],
        "spearman": [
            -1.0,
            0.0
        ],
        "count": 3
    },
    "2C9Q": {
        "pearson": [
            -1.0,
            1.0
        ],
        "spearman": [
            -0.9999999999999999,
            NaN
        ],
        "count": 2
    },
    "2CLR": {
        "pearson": [
            -0.8858966616037779,
            0.11410333839622222
        ],
        "spearman": [
            -1.0,
            0.0
        ],
        "count": 4
    },
    "2DVV": {
        "pearson": [
            -1.0,
            1.0
        ],
        "spearman": [
            -0.9999999999999999,
            NaN
        ],
        "count": 2
    },
    "2HBB": {
        "pearson": [
            -0.6189574139114015,
            4.535021300077153e-06
        ],