{
    "function_score": {
        "pearson": [
            0.2884712084201858,
            1.4276716748945582e-15
        ],
        "spearman": [
            0.23542749866909152,
            9.980295552822017e-11
        ],
        "count": 736
    }
}