{
    "myoglobin": {
        "pearson": [
            -0.6470789120914607,
            3.1902289021226394e-57
        ],
        "spearman": [
            -0.7754184205185607,
            1.0820063764665803e-95
        ],
        "precision": 0.825,
        "recall": 0.7783018867924528,
        "auroc": 0.900050994390617,
        "accuracy": 0.8259023354564756,
        "count": 471,
        "num_stabilizing": 212,
        "num_destabilizing": 259
    },
    "p53": {
        "pearson": [
            -0.7354397933818249,
            1.0790618739134819e-10
        ],
        "spearman": [
            -0.6025463578350204,
            8.946576725559109e-07
        ],
        "precision": 0.5882352941176471,
        "recall": 0.5263157894736842,
        "auroc": 0.7638691322901849,
        "accuracy": 0.7142857142857143,
        "count": 56,
        "num_stabilizing": 19,
        "num_destabilizing": 37
    },
    "s669": {
        "pearson": [
            -0.575240866994388,
            2.0211446250601162e-103
        ],
        "spearman": [
            -0.5523667401887219,
            7.22749156211398e-94
        ],
        "precision": 0.5784061696658098,
        "recall": 0.5232558139534884,
        "auroc": 0.7452806243852914,
        "accuracy": 0.6827171109200344,
        "count": 1163,
        "num_stabilizing": 430,
        "num_destabilizing": 733
    },
    "ssym": {
        "pearson": [
            -0.6460226460536285,
            2.905086808291142e-219
        ],
        "spearman": [
            -0.6216515136555905,
            1.7186785676508425e-198
        ],
        "precision": 0.6675,
        "recall": 0.6750948166877371,
        "auroc": 0.7925590794649038,
        "accuracy": 0.7176025917926566,
        "count": 1852,
        "num_stabilizing": 791,
        "num_destabilizing": 1061
    },
    "t2226": {
        "pearson": [
            -0.6652811809101248,
            0.0
        ],
        "spearman": [
            -0.650819587547433,
            0.0
        ],
        "precision": 0.6843697478991596,
        "recall": 0.6871414107323659,
        "auroc": 0.8066321756205319,
        "accuracy": 0.7269934162399415,
        "count": 6835,
        "num_stabilizing": 2963,
        "num_destabilizing": 3872
    },
    "overall": {
        "pearson": [
            -0.655978822945502,
            0.0
        ],
        "spearman": [
            -0.6427893303715849,
            0.0
        ],
        "precision": 0.6779274138324584,
        "recall": 0.6727066817667045,
        "auroc": 0.8032268352643374,
        "accuracy": 0.7247759468054351,
        "count": 10377,
        "num_stabilizing": 4415,
        "num_destabilizing": 5962
    }
}