{
    "fitness_min": {
        "pearson": [
            0.37173013028567947,
            2.2215663851490862e-48
        ],
        "spearman": [
            0.1435143360826701,
            4.559378706862679e-08
        ],
        "count": 1439
    },
    "fitness_rich": {
        "pearson": [
            0.32346272827648137,
            2.114657571460192e-36
        ],
        "spearman": [
            0.2106229186572511,
            6.826009506948032e-16
        ],
        "count": 1439
    }
}