{
    "fitness_min": {
        "pearson": [
            0.35126835651240307,
            1.6911514175641078e-42
        ],
        "spearman": [
            0.1802558065272897,
            7.771407048564188e-12
        ],
        "count": 1420
    },
    "fitness_rich": {
        "pearson": [
            0.3070003141841417,
            2.2656081261826317e-32
        ],
        "spearman": [
            0.17253277099461595,
            5.951653211884558e-11
        ],
        "count": 1420
    }
}