{
    "SelectionTwo": {
        "pearson": [
            0.4473429879947494,
            0.0
        ],
        "spearman": [
            0.46156485454063395,
            0.0
        ],
        "count": 8329
    }
}