{
    "myoglobin": {
        "pearson": [
            -0.7683257649967321,
            3.023761358341515e-23
        ],
        "spearman": [
            -0.8084822352637512,
            2.5832122794623154e-27
        ],
        "precision": 0.8333333333333334,
        "recall": 0.46875,
        "auroc": 0.9074074074074074,
        "accuracy": 0.8230088495575221,
        "count": 113,
        "num_stabilizing": 32,
        "num_destabilizing": 81
    },
    "p53": {
        "pearson": [
            -0.823739338826285,
            2.0892733112166324e-11
        ],
        "spearman": [
            -0.7733387383577499,
            1.9342045082609965e-09
        ],
        "precision": 0.6666666666666666,
        "recall": 0.36363636363636365,
        "auroc": 0.847507331378299,
        "accuracy": 0.7857142857142857,
        "count": 42,
        "num_stabilizing": 11,
        "num_destabilizing": 31
    },
    "s669": {
        "pearson": [
            -0.5438219108226046,
            3.535805885048166e-46
        ],
        "spearman": [
            -0.5663179253353251,
            9.46171480630547e-51
        ],
        "precision": 0.5294117647058824,
        "recall": 0.391304347826087,
        "auroc": 0.78488845464908,
        "accuracy": 0.7735849056603774,
        "count": 583,
        "num_stabilizing": 138,
        "num_destabilizing": 445
    },
    "ssym": {
        "pearson": [
            -0.7430762822384146,
            9.54017225675774e-61
        ],
        "spearman": [
            -0.7523690410608613,
            4.649824311167719e-63
        ],
        "precision": 0.6753246753246753,
        "recall": 0.6046511627906976,
        "auroc": 0.888638661641695,
        "accuracy": 0.8259587020648967,
        "count": 339,
        "num_stabilizing": 86,
        "num_destabilizing": 253
    },
    "t2226": {
        "pearson": [
            -0.6021799999699342,
            5.3557937818045037e-163
        ],
        "spearman": [
            -0.6331390839899862,
            4.142542157968698e-185
        ],
        "precision": 0.5051903114186851,
        "recall": 0.5177304964539007,
        "auroc": 0.8330135604500739,
        "accuracy": 0.830498177399757,
        "count": 1646,
        "num_stabilizing": 282,
        "num_destabilizing": 1364
    },
    "overall": {
        "pearson": [
            -0.6098698792581865,
            3.7877329828023266e-277
        ],
        "spearman": [
            -0.6401779257320467,
            6.231839317e-314
        ],
        "precision": 0.5508130081300813,
        "recall": 0.4936247723132969,
        "auroc": 0.8335143097008361,
        "accuracy": 0.816746235769372,
        "count": 2723,
        "num_stabilizing": 549,
        "num_destabilizing": 2174
    }
}