{
    "1AMQ": {
        "pearson": [
            -0.6884402218632049,
            0.31155977813679514
        ],
        "spearman": [
            -0.7999999999999999,
            0.20000000000000007
        ],
        "count": 4
    },
    "1BNI": {
        "pearson": [
            -0.5852587385797149,
            0.035615022579609364
        ],
        "spearman": [
            -0.6005532430024604,
            0.029979152835189815
        ],
        "count": 13
    },
    "1CEY": {
        "pearson": [
            0.7016701358041383,
            0.5048760746020228
        ],
        "spearman": [
            0.5,
            0.6666666666666667
        ],
        "count": 3
    },
    "1EY0": {
        "pearson": [
            -0.5882805148759267,
            0.000992781396389028
        ],
        "spearman": [
            -0.4836369749151592,
            0.009122425356552978
        ],
        "count": 28
    },
    "1IHB": {
        "pearson": [
            -0.6059064016120616,
            0.5856211767435597
        ],
        "spearman": [
            -0.5,
            0.6666666666666667
        ],
        "count": 3
    },
    "1L63": {
        "pearson": [
            -0.7575954561212808,
            3.128296395846134e-23
        ],
        "spearman": [
            -0.7801804407198886,
            2.192832394074709e-25
        ],
        "count": 118
    },
    "1LZ1": {
        "pearson": [
            -0.6495902411535609,
            1.1164845750440557e-08
        ],
        "spearman": [
            -0.5932202839618995,
            3.7567120763059915e-07
        ],
        "count": 62
    },
    "1OH0": {
        "pearson": [
            -1.0,
            1.0
        ],
        "spearman": [
            -0.9999999999999999,
            NaN
        ],
        "count": 2
    },
    "1VQB": {
        "pearson": [
            -0.11161034278032916,
            0.858188885804399
        ],
        "spearman": [
            -0.09999999999999999,
            0.8728885715695383
        ],
        "count": 5
    },
    "2LZM": {
        "pearson": [
            -0.8554504931854665,
            5.935949058039704e-20
        ],
        "spearman": [
            -0.8528163204765193,
            1.0139314170631349e-19
        ],
        "count": 66
    },
    "2RN2": {
        "pearson": [
            -0.44267995217880807,
            0.06581273689101781
        ],
        "spearman": [
            -0.36439099117769597,
            0.13710320117678443
        ],
        "count": 18
    },
    "3ZCF": {
        "pearson": [
            -1.0,
            1.0
        ],
        "spearman": [
            -0.9999999999999999,
            NaN
        ],
        "count": 2
    },
    "4BVM": {
        "pearson": [
            -0.24346389619932418,
            0.6931023663281564
        ],
        "spearman": [
            0.09999999999999999,
            0.8728885715695383
        ],
        "count": 5
    },
    "4LYZ": {
        "pearson": [
            -0.3950309380850508,
            0.16214181874352102
        ],
        "spearman": [
            -0.42652584672478866,
            0.1282920611868035
        ],
        "count": 14
    },
    "5PTI": {
        "pearson": [
            -0.26351451732247083,
            0.6684074257398022
        ],
        "spearman": [
            -0.19999999999999998,
            0.747060078104662
        ],
        "count": 5
    },
    "overall": {
        "pearson": [
            -0.7188532518182131,
            3.1760376206641324e-57
        ],
        "spearman": [
            -0.7379914791555339,
            9.420069634931465e-62
        ],
        "count": 352
    }
}