{
    "SelectionOne": {
        "pearson": [
            0.27693976789145724,
            1.5434972171971406e-139
        ],
        "spearman": [
            0.2941744193473225,
            5.226179119815575e-158
        ],
        "count": 7927
    }
}