{
    "SelectionOne": {
        "pearson": [
            0.28079908319654645,
            4.627313186075647e-146
        ],
        "spearman": [
            0.30592325076516275,
            2.3777229747237813e-174
        ],
        "count": 8067
    }
}