{
    "myoglobin": {
        "pearson": [
            -0.7830478518980115,
            1.229888213638792e-24
        ],
        "spearman": [
            -0.8035374533779432,
            9.187209252878582e-27
        ],
        "precision": 0.72,
        "recall": 0.5625,
        "auroc": 0.9131944444444444,
        "accuracy": 0.8141592920353983,
        "count": 113,
        "num_stabilizing": 32,
        "num_destabilizing": 81
    },
    "p53": {
        "pearson": [
            -0.8051944853715132,
            1.286333335834923e-10
        ],
        "spearman": [
            -0.7263371174578762,
            5.1886628508504584e-08
        ],
        "precision": 0.5555555555555556,
        "recall": 0.45454545454545453,
        "auroc": 0.7859237536656891,
        "accuracy": 0.7619047619047619,
        "count": 42,
        "num_stabilizing": 11,
        "num_destabilizing": 31
    },
    "s669": {
        "pearson": [
            -0.477167903688943,
            4.2562405009986626e-38
        ],
        "spearman": [
            -0.4887623405211235,
            3.739638475255197e-40
        ],
        "precision": 0.5306122448979592,
        "recall": 0.47560975609756095,
        "auroc": 0.7309246073827197,
        "accuracy": 0.7604327666151468,
        "count": 647,
        "num_stabilizing": 164,
        "num_destabilizing": 483
    },
    "ssym": {
        "pearson": [
            -0.7038309119959126,
            5.4808442701278904e-52
        ],
        "spearman": [
            -0.719813914579232,
            2.253050719173202e-55
        ],
        "precision": 0.6703296703296703,
        "recall": 0.7093023255813954,
        "auroc": 0.8635444434231088,
        "accuracy": 0.8377581120943953,
        "count": 339,
        "num_stabilizing": 86,
        "num_destabilizing": 253
    },
    "t2226": {
        "pearson": [
            -0.5915118562665578,
            2.014716015153194e-160
        ],
        "spearman": [
            -0.6256881030769055,
            9.639761890062341e-185
        ],
        "precision": 0.4757834757834758,
        "recall": 0.5778546712802768,
        "auroc": 0.8328830548338239,
        "accuracy": 0.8193624557260921,
        "count": 1694,
        "num_stabilizing": 289,
        "num_destabilizing": 1405
    },
    "overall": {
        "pearson": [
            -0.5849846904461327,
            5.391092760915891e-260
        ],
        "spearman": [
            -0.6128455105102496,
            4.802218875422741e-292
        ],
        "precision": 0.5280898876404494,
        "recall": 0.5652920962199313,
        "auroc": 0.8148341348610405,
        "accuracy": 0.8070546737213404,
        "count": 2835,
        "num_stabilizing": 582,
        "num_destabilizing": 2253
    }
}