{
    "SelectionTwo": {
        "pearson": [
            0.4638525126617357,
            0.0
        ],
        "spearman": [
            0.48246873014824654,
            0.0
        ],
        "count": 8329
    }
}