{
    "NONSEL_24h": {
        "pearson": [
            -0.17883689094326904,
            3.0456040672360468e-09
        ],
        "spearman": [
            -0.19063992961833015,
            2.491095796801912e-10
        ],
        "count": 1084
    },
    "SEL_A_24h": {
        "pearson": [
            0.329676133127027,
            6.759954013810817e-29
        ],
        "spearman": [
            0.29395502409347857,
            4.7741417816234145e-23
        ],
        "count": 1084
    },
    "SEL_A_40h": {
        "pearson": [
            0.3190240360744336,
            4.554560606112917e-27
        ],
        "spearman": [
            0.2867201145788598,
            5.853894544656274e-22
        ],
        "count": 1084
    },
    "SEL_B_40h": {
        "pearson": [
            0.2686470703942857,
            2.241979181196121e-19
        ],
        "spearman": [
            0.24455375224467674,
            3.168008400457378e-16
        ],
        "count": 1084
    },
    "SEL_C_40h": {
        "pearson": [
            0.26065469868534763,
            2.705464924589313e-18
        ],
        "spearman": [
            0.2429216320718831,
            5.039067697162352e-16
        ],
        "count": 1084
    },
    "SEL_C_64h": {
        "pearson": [
            0.2571573829817757,
            7.83462317463095e-18
        ],
        "spearman": [
            0.2405798636108464,
            9.749260636199766e-16
        ],
        "count": 1084
    }
}