{
    "fitness_min": {
        "pearson": [
            0.631865256997032,
            4.1393637199838633e-159
        ],
        "spearman": [
            0.2541326537305094,
            2.2868479380258477e-22
        ],
        "count": 1420
    },
    "fitness_rich": {
        "pearson": [
            0.5726406639888836,
            1.6225973916225935e-124
        ],
        "spearman": [
            0.31926375337797974,
            5.204397522835326e-35
        ],
        "count": 1420
    }
}