{
    "fitness_min": {
        "pearson": [
            0.6123790641522991,
            7.436242465341518e-149
        ],
        "spearman": [
            0.25648654368456586,
            4.7404793594738366e-23
        ],
        "count": 1439
    },
    "fitness_rich": {
        "pearson": [
            0.5774183495352516,
            1.0061781015505335e-128
        ],
        "spearman": [
            0.3443387853014061,
            2.521579795977032e-41
        ],
        "count": 1439
    }
}