{
    "function_score": {
        "pearson": [
            0.40132018847246687,
            7.448570805082283e-30
        ],
        "spearman": [
            0.3910524305716064,
            2.6386863587343236e-28
        ],
        "count": 736
    }
}