{
    "1PGA": {
        "pearson": [
            -0.7627538120148344,
            1.660170372041292e-173
        ],
        "spearman": [
            -0.7017877995381662,
            1.9241588450598397e-135
        ],
        "count": 907
    },
    "overall": {
        "pearson": [
            -0.7627538120148344,
            1.660170372041292e-173
        ],
        "spearman": [
            -0.7017877995381662,
            1.9241588450598397e-135
        ],
        "count": 907
    }
}