{
    "screenscore": {
        "pearson": [
            0.37183475793013054,
            5.299500727323936e-90
        ],
        "spearman": [
            0.41511155676235023,
            7.250105371268234e-114
        ],
        "count": 2722
    }
}