{
    "screenscore": {
        "pearson": [
            0.38101006705036994,
            9.645416778642952e-94
        ],
        "spearman": [
            0.4322972460935599,
            5.103690237668857e-123
        ],
        "count": 2692
    }
}