{
    "5BON": {
        "pearson": [
            0.5770060683087105,
            2.184377379448179e-248
        ],
        "spearman": [
            0.5335304253929012,
            7.008106677835843e-206
        ],
        "count": 2801
    },
    "1D5R": {
        "pearson": [
            0.5555294700761759,
            2.2600854335681344e-260
        ],
        "spearman": [
            0.5169837142893823,
            9.814485209148067e-220
        ],
        "count": 3222
    },
    "2H11": {
        "pearson": [
            0.5342371890027939,
            3.017718792837379e-252
        ],
        "spearman": [
            0.47315681818735117,
            9.222507651373955e-191
        ],
        "count": 3427
    },
    "overall": {
        "pearson": [
            0.520056527580254,
            0.0
        ],
        "spearman": [
            0.4838167895819297,
            0.0
        ],
        "count": 9450
    }
}