{
    "screenscore": {
        "pearson": [
            0.235517110823802,
            2.270395321261199e-44
        ],
        "spearman": [
            0.23456222588556844,
            5.139231199268349e-44
        ],
        "count": 3424
    }
}