{
    "screenscore": {
        "pearson": [
            0.23197435432742788,
            1.8856572275971827e-39
        ],
        "spearman": [
            0.24256881406144618,
            4.3989648729321e-43
        ],
        "count": 3125
    }
}