{
    "Overall": {
        "all_types_of_mutations": {
            "Pr": -0.16140092811003603,
            "Pr_pval": 1.1994149280260914e-34,
            "Sr": -0.13932529746611266,
            "Sr_pval": 3.6836011182974866e-26,
            "num": 5713.0,
            "num_struc": 331.0
        },
        "single_point_mutations": {
            "Pr": -0.18532709252340876,
            "Pr_pval": 4.7657718495284465e-33,
            "Sr": -0.13374586870092045,
            "Sr_pval": 7.548337704213903e-18,
            "num": 4106.0,
            "num_struc": 308.0
        },
        "multi_point_mutations": {
            "Pr": -0.14604634103752112,
            "Pr_pval": 4.062574302546273e-09,
            "Sr": -0.13378538655048666,
            "Sr_pval": 7.319284896162779e-08,
            "num": 1607.0,
            "num_struc": 142.0
        }
    },
    "Per-Structure": {
        "all_types_of_mutations": {
            "Pr": -0.09241047640873437,
            "Pr_std": 0.28632035078959694,
            "Pr_pval": 1.9440891579214113e-36,
            "Sr": -0.09176050321576931,
            "Sr_std": 0.26435271931488835,
            "Sr_pval": 2.241278731879919e-26,
            "num": 5025.0,
            "num_struc": 116.0
        },
        "single_point_mutations": {
            "Pr": -0.10681556451735108,
            "Pr_std": 0.294945668511847,
            "Pr_pval": 2.656828127217662e-26,
            "Sr": -0.10401811806407828,
            "Sr_std": 0.26086377081783235,
            "Sr_pval": 1.8164664114411161e-12,
            "num": 3485.0,
            "num_struc": 93.0
        },
        "multi_point_mutations": {
            "Pr": -0.0859643804261788,
            "Pr_std": 0.3384141476812869,
            "Pr_pval": 2.930531956013493e-15,
            "Sr": -0.0683768790454741,
            "Sr_std": 0.30652879019224594,
            "Sr_pval": 2.997214785390016e-08,
            "num": 1304.0,
            "num_struc": 41.0
        }
    }
}