{
    "1PGA": {
        "pearson": [
            -0.763068975026671,
            9.859925342949668e-174
        ],
        "spearman": [
            -0.6922066667954989,
            2.4842615874281627e-130
        ],
        "count": 907
    },
    "overall": {
        "pearson": [
            -0.763068975026671,
            9.859925342949668e-174
        ],
        "spearman": [
            -0.6922066667954989,
            2.4842615874281627e-130
        ],
        "count": 907
    }
}