{
    "linear": {
        "pearson": [
            0.5337675849124908,
            0.0
        ],
        "spearman": [
            0.5262685500039834,
            0.0
        ],
        "count": 5468
    }
}