{
    "Ami11_avg": {
        "pearson": [
            0.1106163242770187,
            2.855466371572326e-15
        ],
        "spearman": [
            0.1222951805780668,
            2.3971317770744224e-18
        ],
        "count": 5068
    },
    "Ami12_avg": {
        "pearson": [
            0.26948764667111763,
            2.1716987682478147e-82
        ],
        "spearman": [
            0.3460970111869782,
            4.4740201767789516e-138
        ],
        "count": 4906
    },
    "Ami14_avg": {
        "pearson": [
            0.2779539430371509,
            3.987285308493167e-87
        ],
        "spearman": [
            0.33366194325529863,
            5.528775329084659e-127
        ],
        "count": 4871
    },
    "Ami18_avg": {
        "pearson": [
            0.008672250426653195,
            0.5365974112850433
        ],
        "spearman": [
            0.024675286507344203,
            0.0786549525838795
        ],
        "count": 5080
    },
    "G41811_avg": {
        "pearson": [
            0.24488729002501836,
            6.456926625836557e-68
        ],
        "spearman": [
            0.29107528392339993,
            2.0721353331311998e-96
        ],
        "count": 4906
    },
    "G41812_avg": {
        "pearson": [
            0.3774464788184559,
            4.1585060551331e-163
        ],
        "spearman": [
            0.44591679765063813,
            2.3542387081998278e-234
        ],
        "count": 4822
    },
    "G41814_avg": {
        "pearson": [
            0.39355566298283273,
            1.0607181479117846e-186
        ],
        "spearman": [
            0.39570367514009097,
            6.645414245816394e-189
        ],
        "count": 5049
    },
    "Kan11_avg": {
        "pearson": [
            0.2653235989627961,
            1.9017251085379308e-79
        ],
        "spearman": [
            0.3106488114962684,
            1.0620967157234442e-109
        ],
        "count": 4882
    },
    "Kan12_avg": {
        "pearson": [
            0.37464885989740815,
            1.4027645564889911e-157
        ],
        "spearman": [
            0.4471254779082901,
            2.1022474326656632e-231
        ],
        "count": 4732
    },
    "Kan14_avg": {
        "pearson": [
            0.3967498622841985,
            2.1861060021718253e-182
        ],
        "spearman": [
            0.44374109890451885,
            6.359820897420291e-233
        ],
        "count": 4845
    },
    "Kan18_avg": {
        "pearson": [
            0.41409351065494415,
            1.5754488497572505e-208
        ],
        "spearman": [
            0.42350202427863065,
            5.123611317164078e-219
        ],
        "count": 5051
    },
    "Neo11_avg": {
        "pearson": [
            0.23600243068078347,
            1.0733583002013271e-63
        ],
        "spearman": [
            0.26154783336797094,
            2.5628985405764004e-78
        ],
        "count": 4956
    },
    "Neo12_avg": {
        "pearson": [
            0.3937795569200087,
            8.002579430623616e-180
        ],
        "spearman": [
            0.46668061706624414,
            3.4485680356223453e-261
        ],
        "count": 4855
    },
    "Neo14_avg": {
        "pearson": [
            0.43707201299282644,
            4.864222024887679e-233
        ],
        "spearman": [
            0.4522138417586305,
            2.535989399556782e-251
        ],
        "count": 5014
    },
    "Neo18_avg": {
        "pearson": [
            0.3782645706822122,
            1.1852037081647878e-171
        ],
        "spearman": [
            0.36162141960480615,
            5.56632310267872e-156
        ],
        "count": 5054
    },
    "Paro11_avg": {
        "pearson": [
            0.14912425698947823,
            1.4371686581034681e-26
        ],
        "spearman": [
            0.1638860313241601,
            8.154698208958782e-32
        ],
        "count": 5063
    },
    "Paro12_avg": {
        "pearson": [
            0.28939230360088214,
            1.0617601472422673e-94
        ],
        "spearman": [
            0.3532181658198272,
            2.94765417296718e-143
        ],
        "count": 4876
    },
    "Paro14_avg": {
        "pearson": [
            0.37607803089596603,
            2.8006719603102743e-162
        ],
        "spearman": [
            0.4401325115348309,
            2.775801451695225e-228
        ],
        "count": 4835
    },
    "Paro18_avg": {
        "pearson": [
            0.42178704862683253,
            1.3106207093079614e-212
        ],
        "spearman": [
            0.46489526186805746,
            9.15719496676337e-264
        ],
        "count": 4946
    },
    "Ribo11_avg": {
        "pearson": [
            0.2800178425839921,
            8.69776848337556e-89
        ],
        "spearman": [
            0.3565129109015931,
            1.660050349611234e-146
        ],
        "count": 4890
    },
    "Ribo12_avg": {
        "pearson": [
            0.41258531620920663,
            1.1694716188648518e-199
        ],
        "spearman": [
            0.4839942910886687,
            1.164729289040695e-284
        ],
        "count": 4873
    },
    "Ribo14_avg": {
        "pearson": [
            0.45087641860920785,
            4.5863475339751e-250
        ],
        "spearman": [
            0.4782230791120081,
            2.02303580584081e-285
        ],
        "count": 5022
    },
    "Ribo18_avg": {
        "pearson": [
            0.4434738438249798,
            1.4654957104493838e-241
        ],
        "spearman": [
            0.43710230861012933,
            5.966860625291077e-234
        ],
        "count": 5033
    }
}