{
    "Ami11_avg": {
        "pearson": [
            0.12145189506811291,
            1.0807163003842983e-18
        ],
        "spearman": [
            0.13520362797477725,
            7.986806777197611e-23
        ],
        "count": 5245
    },
    "Ami12_avg": {
        "pearson": [
            0.2811398959389228,
            2.6076838781192495e-92
        ],
        "spearman": [
            0.35833895671572785,
            9.271124071054005e-153
        ],
        "count": 5046
    },
    "Ami14_avg": {
        "pearson": [
            0.2861246284945998,
            8.943290171551855e-95
        ],
        "spearman": [
            0.33774533322019107,
            1.4160303648245694e-133
        ],
        "count": 4997
    },
    "Ami18_avg": {
        "pearson": [
            0.010865820470102195,
            0.43084936848741057
        ],
        "spearman": [
            0.023638514964491607,
            0.0865453419102195
        ],
        "count": 5258
    },
    "G41811_avg": {
        "pearson": [
            0.2548849625797267,
            9.582731797144317e-76
        ],
        "spearman": [
            0.30744865702460383,
            4.733080066417474e-111
        ],
        "count": 5052
    },
    "G41812_avg": {
        "pearson": [
            0.383173677385093,
            3.565243199392999e-173
        ],
        "spearman": [
            0.4469552699974886,
            3.334069138302881e-242
        ],
        "count": 4959
    },
    "G41814_avg": {
        "pearson": [
            0.3907908980968832,
            3.1351589969238186e-190
        ],
        "spearman": [
            0.3879299684701082,
            3.0041208793740474e-187
        ],
        "count": 5225
    },
    "Kan11_avg": {
        "pearson": [
            0.2778280939391057,
            1.9286763194185043e-89
        ],
        "spearman": [
            0.3285459206486159,
            2.334850303453726e-126
        ],
        "count": 5008
    },
    "Kan12_avg": {
        "pearson": [
            0.38055215116862645,
            9.768565694501012e-167
        ],
        "spearman": [
            0.44959786741494856,
            9.398681831030253e-240
        ],
        "count": 4844
    },
    "Kan14_avg": {
        "pearson": [
            0.3994259110149602,
            8.525530616627145e-191
        ],
        "spearman": [
            0.43972075837182867,
            2.2356374330416837e-235
        ],
        "count": 4997
    },
    "Kan18_avg": {
        "pearson": [
            0.41041211204253525,
            1.8798567424265644e-211
        ],
        "spearman": [
            0.41237442919825357,
            1.1701562621905649e-213
        ],
        "count": 5224
    },
    "Neo11_avg": {
        "pearson": [
            0.2420876676547679,
            1.207898875706309e-68
        ],
        "spearman": [
            0.272754543528934,
            2.420225534528276e-87
        ],
        "count": 5079
    },
    "Neo12_avg": {
        "pearson": [
            0.3888831478549489,
            3.7826892331143115e-179
        ],
        "spearman": [
            0.4554066942940102,
            4.485954555579292e-253
        ],
        "count": 4970
    },
    "Neo14_avg": {
        "pearson": [
            0.4218789334842053,
            1.1149289855070497e-222
        ],
        "spearman": [
            0.43148341397929857,
            5.892229647088404e-234
        ],
        "count": 5180
    },
    "Neo18_avg": {
        "pearson": [
            0.36957021119055894,
            7.656327873808268e-169
        ],
        "spearman": [
            0.3494488660722851,
            5.736638649208701e-150
        ],
        "count": 5226
    },
    "Paro11_avg": {
        "pearson": [
            0.16204386482443472,
            4.303703148452077e-32
        ],
        "spearman": [
            0.18118676084644003,
            7.99370408823552e-40
        ],
        "count": 5228
    },
    "Paro12_avg": {
        "pearson": [
            0.29884504107740734,
            1.773267338848142e-103
        ],
        "spearman": [
            0.3680446802793579,
            6.798609527164837e-160
        ],
        "count": 4990
    },
    "Paro14_avg": {
        "pearson": [
            0.38720144428207726,
            4.5816701981669665e-177
        ],
        "spearman": [
            0.4446125526772653,
            2.3932178909918093e-239
        ],
        "count": 4958
    },
    "Paro18_avg": {
        "pearson": [
            0.41954454510206274,
            2.04288646323786e-216
        ],
        "spearman": [
            0.4567518517931488,
            4.196243326259163e-261
        ],
        "count": 5095
    },
    "Ribo11_avg": {
        "pearson": [
            0.28496681477792574,
            4.574793055385165e-94
        ],
        "spearman": [
            0.36106068955006104,
            7.368844529615152e-154
        ],
        "count": 5001
    },
    "Ribo12_avg": {
        "pearson": [
            0.40599111099602014,
            7.625625075807784e-198
        ],
        "spearman": [
            0.4718566264091432,
            8.349824193572482e-276
        ],
        "count": 5002
    },
    "Ribo14_avg": {
        "pearson": [
            0.4383585337702232,
            1.9274427565837155e-242
        ],
        "spearman": [
            0.4596937640480715,
            1.795887031300631e-269
        ],
        "count": 5184
    },
    "Ribo18_avg": {
        "pearson": [
            0.42779620585076406,
            1.8376492521394317e-230
        ],
        "spearman": [
            0.41372290306640613,
            3.335795323281847e-214
        ],
        "count": 5200
    }
}