{
    "selection_coefficient": {
        "pearson": [
            0.31679743342779093,
            5.610979202558673e-31
        ],
        "spearman": [
            0.3343207168818998,
            1.6382608542562188e-34
        ],
        "count": 1269
    }
}