{
    "selection_coefficient": {
        "pearson": [
            0.34743664051011464,
            2.595044674299446e-37
        ],
        "spearman": [
            0.31442186267093786,
            1.6234959299504858e-30
        ],
        "count": 1269
    }
}