{
    "selection_coefficient": {
        "pearson": [
            0.3033504652024031,
            2.0233764814200448e-28
        ],
        "spearman": [
            0.2998429295287578,
            8.94087889234411e-28
        ],
        "count": 1269
    }
}