{
    "attenuated": {
        "pearson": [
            0.09265919177406917,
            2.0321482364255266e-07
        ],
        "spearman": [
            0.06242635589226101,
            0.00047091424901690796
        ],
        "count": 3134
    },
    "regulated": {
        "pearson": [
            0.44274340189695205,
            1.3178775855518503e-150
        ],
        "spearman": [
            0.37529339001608947,
            2.1611447420172665e-105
        ],
        "count": 3134
    },
    "unregulated": {
        "pearson": [
            0.4447233385708883,
            4.26499704108553e-152
        ],
        "spearman": [
            0.3825352150242725,
            9.292809026154933e-110
        ],
        "count": 3134
    }
}