{
    "attenuated": {
        "pearson": [
            0.10160031063059062,
            1.1960433147982405e-08
        ],
        "spearman": [
            0.07669331980923529,
            1.7228816480594704e-05
        ],
        "count": 3134
    },
    "regulated": {
        "pearson": [
            0.4338989161057868,
            4.529198335863686e-144
        ],
        "spearman": [
            0.3782344049070169,
            3.7562415440791624e-107
        ],
        "count": 3134
    },
    "unregulated": {
        "pearson": [
            0.4406730900224649,
            4.648352591362545e-149
        ],
        "spearman": [
            0.3947448108428824,
            2.2461592461611463e-117
        ],
        "count": 3134
    }
}