{
    "attenuated": {
        "pearson": [
            0.07649566921369179,
            1.8113065109762214e-05
        ],
        "spearman": [
            0.05704855762734684,
            0.0013981707089768482
        ],
        "count": 3134
    },
    "regulated": {
        "pearson": [
            0.40235917206876787,
            2.727165046993559e-122
        ],
        "spearman": [
            0.3404140390464275,
            7.180874150257732e-86
        ],
        "count": 3134
    },
    "unregulated": {
        "pearson": [
            0.3959872840491752,
            3.614974474027129e-118
        ],
        "spearman": [
            0.3359923658357853,
            1.440925955743669e-83
        ],
        "count": 3134
    }
}