{
    "react_rel": {
        "pearson": [
            0.4502189475195355,
            1.5214600020522247e-72
        ],
        "spearman": [
            0.4074316913277095,
            1.6882496637765894e-58
        ],
        "count": 1435
    }
}