{
    "react_rel": {
        "pearson": [
            0.5096296336982686,
            1.0886300445401734e-95
        ],
        "spearman": [
            0.4774433479650986,
            1.3831911643575796e-82
        ],
        "count": 1435
    }
}