{
    "react_rel": {
        "pearson": [
            0.4438962302185412,
            2.437391562291389e-70
        ],
        "spearman": [
            0.4066951835461383,
            2.8304484486911746e-58
        ],
        "count": 1435
    }
}