{
    "screenscore": {
        "pearson": [
            0.34754117812983765,
            4.091320511542924e-78
        ],
        "spearman": [
            0.35281569165811577,
            1.3138434342324176e-80
        ],
        "count": 2722
    }
}