{
    "screenscore": {
        "pearson": [
            0.3562559944488838,
            3.842310022500242e-82
        ],
        "spearman": [
            0.38632444600859356,
            1.8642669637196054e-97
        ],
        "count": 2718
    }
}