{
    "1AMQ": {
        "pearson": [
            0.7068686837500308,
            0.29313131624996913
        ],
        "spearman": [
            0.7999999999999999,
            0.20000000000000007
        ],
        "count": 4
    },
    "1BNI": {
        "pearson": [
            -0.2965720237082663,
            0.3251459481457445
        ],
        "spearman": [
            -0.31405077845082796,
            0.29603582766730907
        ],
        "count": 13
    },
    "1CEY": {
        "pearson": [
            0.8994407718132623,
            0.28794826363173315
        ],
        "spearman": [
            0.5,
            0.6666666666666667
        ],
        "count": 3
    },
    "1EY0": {
        "pearson": [
            -0.4564157215843053,
            0.014633941019687827
        ],
        "spearman": [
            -0.3771053875754101,
            0.04790594990257026
        ],
        "count": 28
    },
    "1IHB": {
        "pearson": [
            -0.8995674860359886,
            0.2877636298022921
        ],
        "spearman": [
            -1.0,
            0.0
        ],
        "count": 3
    },
    "1L63": {
        "pearson": [
            -0.42355789698786833,
            1.7618889101122717e-06
        ],
        "spearman": [
            -0.4244541715648119,
            1.6664515868934283e-06
        ],
        "count": 118
    },
    "1LZ1": {
        "pearson": [
            -0.388145084237338,
            0.0018254050175885335
        ],
        "spearman": [
            -0.36752136426258397,
            0.0032973541039719124
        ],
        "count": 62
    },
    "1OH0": {
        "pearson": [
            -1.0,
            1.0
        ],
        "spearman": [
            -0.9999999999999999,
            NaN
        ],
        "count": 2
    },
    "1VQB": {
        "pearson": [
            -0.5122739951121498,
            0.3775241826496288
        ],
        "spearman": [
            -0.6,
            0.28475697986529375
        ],
        "count": 5
    },
    "2LZM": {
        "pearson": [
            -0.5689010797031605,
            7.63710761634047e-07
        ],
        "spearman": [
            -0.5086540676318012,
            1.5169320425804301e-05
        ],
        "count": 65
    },
    "2RN2": {
        "pearson": [
            -0.5889316172677527,
            0.012867599156559797
        ],
        "spearman": [
            -0.7404724459654686,
            0.000675110984381359
        ],
        "count": 17
    },
    "3ZCF": {
        "pearson": [
            1.0,
            1.0
        ],
        "spearman": [
            0.9999999999999999,
            NaN
        ],
        "count": 2
    },
    "4BVM": {
        "pearson": [
            0.4238557130743345,
            0.47695520469237584
        ],
        "spearman": [
            0.19999999999999998,
            0.747060078104662
        ],
        "count": 5
    },
    "4LYZ": {
        "pearson": [
            -0.4495414924694639,
            0.10681277579969572
        ],
        "spearman": [
            -0.36243647079204844,
            0.20283337037048169
        ],
        "count": 14
    },
    "5PTI": {
        "pearson": [
            -0.526054291597159,
            0.3625286114338017
        ],
        "spearman": [
            -0.8999999999999998,
            0.03738607346849874
        ],
        "count": 5
    },
    "overall": {
        "pearson": [
            -0.38925564852850636,
            4.506507092179642e-14
        ],
        "spearman": [
            -0.41140884973077174,
            1.093276285436918e-15
        ],
        "count": 349
    }
}