{
    "fitness": {
        "pearson": [
            0.23478544059470557,
            1.8099367011455698e-20
        ],
        "spearman": [
            0.2542137324786191,
            7.851694242379252e-24
        ],
        "count": 1519
    }
}