{
    "5BON": {
        "pearson": [
            0.5315435584679834,
            4.3910083087490176e-204
        ],
        "spearman": [
            0.5486481453713217,
            5.911476373127456e-220
        ],
        "count": 2801
    },
    "1D5R": {
        "pearson": [
            0.5189253589012701,
            1.1701277552230238e-221
        ],
        "spearman": [
            0.5282465768986461,
            4.544289726194695e-231
        ],
        "count": 3222
    },
    "2H11": {
        "pearson": [
            0.45045477939888995,
            6.48999563032756e-171
        ],
        "spearman": [
            0.4552761665281217,
            5.270995688384823e-175
        ],
        "count": 3427
    },
    "overall": {
        "pearson": [
            0.4776928075240298,
            0.0
        ],
        "spearman": [
            0.4876303711471522,
            0.0
        ],
        "count": 9450
    }
}