{
    "1AMQ": {
        "pearson": [
            -0.08806364590756428,
            0.9119363540924357
        ],
        "spearman": [
            -0.39999999999999997,
            0.6
        ],
        "count": 4
    },
    "1BNI": {
        "pearson": [
            -0.28281395469987786,
            0.3491354335355369
        ],
        "spearman": [
            -0.26446381343227615,
            0.38257712947124156
        ],
        "count": 13
    },
    "1CEY": {
        "pearson": [
            -0.9692358196882681,
            0.1583206342788691
        ],
        "spearman": [
            -0.5,
            0.6666666666666667
        ],
        "count": 3
    },
    "1EY0": {
        "pearson": [
            -0.7350800971316527,
            8.379404456845542e-06
        ],
        "spearman": [
            -0.6164591339377257,
            0.00047721884884142695
        ],
        "count": 28
    },
    "1IHB": {
        "pearson": [
            0.7158214620152139,
            0.4921048726578438
        ],
        "spearman": [
            0.5,
            0.6666666666666667
        ],
        "count": 3
    },
    "1L63": {
        "pearson": [
            -0.473616424229947,
            6.07101546957525e-08
        ],
        "spearman": [
            -0.48234491509377747,
            3.187293060191535e-08
        ],
        "count": 118
    },
    "1LZ1": {
        "pearson": [
            -0.4619384932290236,
            0.00015719207666695513
        ],
        "spearman": [
            -0.3812062075870083,
            0.0022366733390149366
        ],
        "count": 62
    },
    "1OH0": {
        "pearson": [
            -1.0,
            1.0
        ],
        "spearman": [
            -0.9999999999999999,
            NaN
        ],
        "count": 2
    },
    "1VQB": {
        "pearson": [
            -0.39694567957811766,
            0.5081983783998273
        ],
        "spearman": [
            -0.49999999999999994,
            0.39100221895577053
        ],
        "count": 5
    },
    "2LZM": {
        "pearson": [
            -0.04255001031964992,
            0.7344388303706042
        ],
        "spearman": [
            -0.07041181063279402,
            0.5742545109244043
        ],
        "count": 66
    },
    "2RN2": {
        "pearson": [
            0.04872856682193924,
            0.8477351434789997
        ],
        "spearman": [
            -0.09834415955079863,
            0.6978471488085409
        ],
        "count": 18
    },
    "3ZCF": {
        "pearson": [
            -1.0,
            1.0
        ],
        "spearman": [
            -0.9999999999999999,
            NaN
        ],
        "count": 2
    },
    "4BVM": {
        "pearson": [
            -0.568230451957842,
            0.31758607851285364
        ],
        "spearman": [
            -0.3,
            0.6238376647810728
        ],
        "count": 5
    },
    "4LYZ": {
        "pearson": [
            -0.190784801580841,
            0.5135371015956021
        ],
        "spearman": [
            -0.2806672670157936,
            0.33106111311503894
        ],
        "count": 14
    },
    "5PTI": {
        "pearson": [
            0.3084414885943332,
            0.6135991047571167
        ],
        "spearman": [
            0.49999999999999994,
            0.39100221895577053
        ],
        "count": 5
    },
    "overall": {
        "pearson": [
            -0.45349607978512596,
            2.9487018895073363e-19
        ],
        "spearman": [
            -0.4009919706943138,
            4.97958502228043e-15
        ],
        "count": 352
    }
}