label,mutation,chain,pdb,delta_logit,perc_bucket,rank_wt,rank_mt,logit_G,logit_A,logit_C,logit_S,logit_P,logit_T,logit_V,logit_D,logit_I,logit_L,logit_N,logit_M,logit_Q,logit_K,logit_E,logit_H,logit_F,logit_R,logit_Y,logit_W
Universal-HA,H355W,A,7VDF,0.8656110999999997,97.5th - 99th,4,3,-11.341516,-7.883673,-6.0592093,-5.681056,-9.058772,-5.1673117,-5.1912594,-4.216626,-5.8426847,-5.5884,-1.7798424,-4.0282173,-1.9256929,-3.6614952,-2.3965077,4.1724787,5.768859,-2.5294976,7.371525,5.0380898
Universal-HA,K380I,A,7VDF,1.11505672,≥ 99th,8,4,-7.742308,-3.7628834,-2.8384433,-2.9576106,-3.5328221,-0.9840503,-1.4768107,-2.7798257,0.41089302,1.3063476,-0.6521307,2.9061124,1.739781,-0.7041637,-0.79845804,-0.9327103,-0.6531223,-0.63404346,-2.056304,-5.7171793
Universal-HA,E432I,A,7VDF,1.9691134750000001,≥ 99th,9,4,-9.096723,-5.031632,-2.0202541,-4.790536,-7.7515936,-2.487388,-1.8153375,-4.969535,0.029510375,5.930305,-2.1377628,2.221376,-0.7062976,-3.7499428,-1.9396031,-1.330691,0.03300672,-5.4967084,-1.5145304,-6.46634
