label,mutation,chain,pdb,delta_logit,perc_bucket,rank_wt,rank_mt,logit_G,logit_A,logit_C,logit_S,logit_P,logit_T,logit_V,logit_D,logit_I,logit_L,logit_N,logit_M,logit_Q,logit_K,logit_E,logit_H,logit_F,logit_R,logit_Y,logit_W
Universal-HA,H355W,A,7VDF,-4.026728499999999,70th - 75th,1,4,-10.128502,-8.998265,-6.7624044,-6.908882,-7.874597,-6.941724,-7.491618,-2.8075821,-6.722818,-4.2080545,-1.5463378,-3.3792508,-1.3642663,-2.6650298,-2.0533297,6.1759105,3.8339963,-2.9275386,4.8454304,2.149182
Universal-HA,K380I,A,7VDF,-0.37020414,97.5th - 99th,4,6,-7.832006,-5.9158406,-3.5735924,-4.2507715,-5.495441,-2.2417636,-3.3584888,-2.6809018,-0.93454874,-0.7588934,-1.6458781,3.1433566,2.4704075,-0.5643446,-0.12935619,-1.6027606,-3.0464907,-1.7042406,-4.605815,-7.7541146
Universal-HA,E432I,A,7VDF,-0.51103416,95th - 97.5th,4,5,-8.605811,-5.3335104,-2.3232055,-5.008037,-7.0897965,-3.9208024,-3.5462413,-3.838571,-0.9608202,7.888499,-1.4846818,0.8456254,0.004287049,-3.7015986,-0.44978604,-2.651154,-5.751214,-6.17402,-5.8735166,-9.550348
