label,mutation,chain,pdb,delta_logit,rank_wt,rank_mt,logit_G,logit_A,logit_C,logit_S,logit_P,logit_T,logit_V,logit_D,logit_I,logit_L,logit_N,logit_M,logit_Q,logit_K,logit_E,logit_H,logit_F,logit_R,logit_Y,logit_W
Universal-HA,H355W,A,7VDF,1.3692714000000001,8,3,-3.425815,-2.72091,-2.569491,-3.0364976,-3.942141,-3.0685368,-2.4747393,-3.9729111,-2.5747592,-2.8514419,-3.5365226,-2.8158076,-3.492897,-3.541732,-3.8279552,-2.728762,-1.2642068,-3.3289933,-1.2261249,-1.3594906
Universal-HA,K380I,A,7VDF,1.6597977000000002,17,2,-3.4911785,-3.047579,-2.5844123,-3.396321,-3.5442626,-3.2085342,-2.3674483,-3.7632236,-1.8782406,-1.7220951,-3.393535,-2.0064855,-3.3360734,-3.5380383,-3.661466,-3.3732285,-2.170033,-3.3479645,-3.0308316,-2.9086456
Universal-HA,E432I,A,7VDF,1.6033536000000002,14,3,-3.6074605,-3.1059258,-2.4274044,-3.5951676,-4.0793366,-3.335851,-2.5600688,-3.9357502,-2.0148034,-0.95178145,-3.8754668,-1.8683164,-3.596815,-3.763326,-3.618157,-3.7356973,-2.2946765,-3.8411472,-3.0470805,-2.983303
