label,mutation,chain,pdb,delta_logit,rank_wt,rank_mt,logit_G,logit_A,logit_C,logit_S,logit_P,logit_T,logit_V,logit_D,logit_I,logit_L,logit_N,logit_M,logit_Q,logit_K,logit_E,logit_H,logit_F,logit_R,logit_Y,logit_W
Universal-HA,H355W,A,7VDF,0.9290782999999999,4,1,-2.1908193,-1.672273,-1.6134708,-1.8319569,-2.3852024,-1.7932684,-1.6122115,-2.3716218,-1.52409,-1.7494142,-2.052138,-1.7625389,-2.1366818,-2.2353215,-2.305781,-1.3179321,-0.73337024,-2.18426,-0.588491,-0.3888538
Universal-HA,K380I,A,7VDF,1.12094955,11,1,-2.2339215,-1.8210278,-1.3987036,-2.0431929,-2.5574899,-1.9027649,-1.3721502,-2.3455718,-0.82541895,-0.8688215,-2.2348697,-0.97551286,-2.0067954,-1.9463685,-2.331572,-2.0338778,-1.2471853,-1.9761902,-1.7045094,-1.7407181
Universal-HA,E432I,A,7VDF,1.8243459,13,2,-2.3914444,-1.9419668,-1.3579118,-2.2767234,-2.822093,-1.9576277,-1.105829,-2.57109,-0.5044557,-0.07418891,-2.4396386,-0.9285493,-2.3277204,-2.4242797,-2.3288016,-2.3727927,-1.3735574,-2.5357025,-1.7835205,-1.6530651
