label,mutation,chain,pdb,delta_logit,rank_wt,rank_mt,logit_G,logit_A,logit_C,logit_S,logit_P,logit_T,logit_V,logit_D,logit_I,logit_L,logit_N,logit_M,logit_Q,logit_K,logit_E,logit_H,logit_F,logit_R,logit_Y,logit_W
Universal-HA,H355W,A,7VDF,0.9021931000000001,9,3,0.6702982,1.2972932,1.8685341,1.0260682,0.7399081,1.1969349,1.8054854,0.56793815,1.8870213,1.6701845,0.88458383,1.617362,0.93790466,1.0012801,0.8285893,1.5231845,2.915379,1.104902,2.8244786,2.4253776
Universal-HA,K380I,A,7VDF,1.5973446,14,2,0.8182176,1.4826856,1.8042583,0.9738264,0.5578362,1.1421592,2.0488355,0.33884987,2.5710535,2.5735252,0.6583413,2.2134395,1.0601618,0.9737089,0.65484315,0.827295,1.8261425,1.1377081,1.3552026,1.5587082
Universal-HA,E432I,A,7VDF,1.9355673500000001,11,2,0.6042011,1.1853652,1.9518948,0.7108398,0.4365998,1.1065557,2.0786576,0.54457366,2.709048,3.3341076,0.6420767,2.2586567,0.72137696,0.6628024,0.77348065,0.74072117,2.0579004,0.55337447,1.5575088,1.3681307
