label,mutation,chain,pdb,delta_logit,rank_wt,rank_mt,logit_G,logit_A,logit_C,logit_S,logit_P,logit_T,logit_V,logit_D,logit_I,logit_L,logit_N,logit_M,logit_Q,logit_K,logit_E,logit_H,logit_F,logit_R,logit_Y,logit_W
Universal-HA,H355W,A,7VDF,1.1213743999999997,10,1,2.4022558,3.163552,3.2733963,2.7894852,2.386,2.9040887,3.461223,2.040564,3.4836113,3.1412978,2.4384127,3.2035632,2.46114,2.4036548,2.2316759,3.1224773,4.1890926,2.5179117,4.233854,4.2438517
Universal-HA,K380I,A,7VDF,0.9503410000000003,10,3,2.559593,2.959145,3.2658908,2.6237035,2.3206744,2.6500976,3.3146713,2.0374417,3.7677238,3.8223164,2.3471313,3.7712502,2.6653717,2.8173828,2.2210493,2.5942237,3.5827515,2.7710996,3.0924613,3.1555858
Universal-HA,E432I,A,7VDF,1.8822641999999998,13,2,2.2885652,2.8615634,3.49203,2.5291302,2.0496497,2.768449,3.65438,2.165485,4.307021,4.839379,2.3852224,3.8655791,2.4107535,2.2792447,2.4247568,2.5760057,3.576271,2.1116257,3.1471038,3.086204
