label,mutation,chain,pdb,delta_logit,rank_wt,rank_mt,logit_G,logit_A,logit_C,logit_S,logit_P,logit_T,logit_V,logit_D,logit_I,logit_L,logit_N,logit_M,logit_Q,logit_K,logit_E,logit_H,logit_F,logit_R,logit_Y,logit_W
Universal-HA,H355W,A,7VDF,1.344875,8,2,4.838543,5.437541,5.695084,5.2012644,4.4314775,5.21413,5.919642,4.3516717,5.8517013,5.435262,4.6892104,5.512782,4.795001,4.7080336,4.5145955,5.469169,6.9511185,4.9835544,6.797522,6.814044
Universal-HA,K380I,A,7VDF,1.5891349999999997,12,2,4.7620115,5.0868807,5.668956,4.7188005,4.6564713,5.0194798,5.913709,4.49163,6.36323,6.560916,4.8152924,6.075518,4.7718024,4.774095,4.4545636,4.7566004,6.1222463,4.742925,5.2490606,5.3780885
Universal-HA,E432I,A,7VDF,1.8227976999999997,17,2,4.6206994,5.266353,5.902469,4.655585,4.0951443,5.0954046,5.7725554,4.238893,6.2464657,7.302307,4.387549,6.211389,4.4609075,4.526084,4.423668,4.5272365,5.9924574,4.4899707,5.374478,5.2996225
