label,mutation,chain,pdb,delta_logit,rank_wt,rank_mt,logit_G,logit_A,logit_C,logit_S,logit_P,logit_T,logit_V,logit_D,logit_I,logit_L,logit_N,logit_M,logit_Q,logit_K,logit_E,logit_H,logit_F,logit_R,logit_Y,logit_W
Universal-HA,H355W,A,7VDF,1.3263617,9,3,1.8769779,2.42593,2.8929982,2.1773105,1.5367757,2.112556,2.6814349,1.5545061,2.845049,2.6138182,1.8304987,2.6248052,1.9199604,1.945619,1.7969611,2.6111293,4.67162,2.0882242,4.326717,3.937491
Universal-HA,K380I,A,7VDF,1.7069182999999999,14,2,1.9028813,2.500295,2.8868935,1.9715941,1.8980736,2.2588515,3.1977322,1.6113037,3.6472862,4.0679626,1.7648447,3.4245331,2.046856,1.9403679,1.7969933,1.935434,3.2729485,2.0666244,2.5224895,2.6498208
Universal-HA,E432I,A,7VDF,1.5728232999999998,13,3,1.6593637,2.395084,3.0343866,1.9418617,1.5310947,2.210775,2.8765626,1.4709033,3.4263673,4.6012907,1.7688335,3.6013024,1.8721441,1.8008988,1.853544,1.7784458,3.3010025,1.7478777,2.6805975,2.550446
