label,mutation,chain,pdb,delta_logit,rank_wt,rank_mt,logit_G,logit_A,logit_C,logit_S,logit_P,logit_T,logit_V,logit_D,logit_I,logit_L,logit_N,logit_M,logit_Q,logit_K,logit_E,logit_H,logit_F,logit_R,logit_Y,logit_W
Universal-HA,H355W,A,7VDF,0.9680464999999999,4,3,-2.7368102,-2.0996938,-1.644585,-2.2834096,-2.645387,-2.2619984,-1.791189,-2.6704557,-1.6109936,-1.7478234,-2.4964726,-1.7885742,-2.3420887,-2.3975053,-2.4968262,-1.472681,-0.5002841,-2.291557,-0.36069283,-0.5046345
Universal-HA,K380I,A,7VDF,1.2945405,13,3,-2.5377524,-1.9405746,-1.6070598,-2.2945604,-2.759643,-2.0915198,-1.4351281,-2.6989124,-0.8724803,-0.77745235,-2.48309,-0.85327053,-2.062494,-2.1670208,-2.4753098,-2.17329,-1.409703,-2.1479957,-1.7326124,-1.6815817
Universal-HA,E432I,A,7VDF,2.1105472,13,2,-2.7740848,-2.2673018,-1.5549396,-2.6883798,-2.7914119,-2.3389003,-1.2491395,-2.7625775,-0.5383793,0.15094553,-2.7047505,-0.90911996,-2.5990586,-2.6589508,-2.6489265,-2.6308708,-1.355329,-2.6862545,-1.8591083,-1.8785435
