label,mutation,chain,pdb,delta_logit,perc_bucket,rank_wt,rank_mt,logit_G,logit_A,logit_C,logit_S,logit_P,logit_T,logit_V,logit_D,logit_I,logit_L,logit_N,logit_M,logit_Q,logit_K,logit_E,logit_H,logit_F,logit_R,logit_Y,logit_W
Universal-HA,H355W,A,7VDF,1.1209058,95th - 97.5th,6,4,-8.167644,-5.7239127,-9.086744,-6.6534324,-13.179857,-7.642639,-7.2621317,-9.831736,-8.776929,-10.545206,-9.214563,-10.161827,-9.405302,-9.848482,-9.350195,-6.9449434,-4.9697113,-9.212593,-3.7894413,-5.8240376
Universal-HA,K380I,A,7VDF,3.2949400000000004,≥ 99th,14,3,-5.911733,-6.5722136,-9.460524,-8.166674,-11.492624,-8.707869,-7.4369135,-11.344286,-6.234534,-5.476323,-9.981601,-6.4383574,-8.53441,-9.529474,-10.231301,-10.005857,-7.1532707,-8.3099165,-8.084358,-9.6105385
Universal-HA,E432I,A,7VDF,4.1961477,≥ 99th,16,5,-6.736435,-7.753231,-8.113621,-9.667848,-15.178207,-9.005014,-7.770877,-13.415497,-6.8969803,-2.6476135,-10.994127,-6.2261696,-9.92998,-11.780223,-11.093128,-10.209968,-6.531478,-12.112117,-7.489637,-10.399455
