label,mutation,chain,pdb,delta_logit,rank_wt,rank_mt,logit_G,logit_A,logit_C,logit_S,logit_P,logit_T,logit_V,logit_D,logit_I,logit_L,logit_N,logit_M,logit_Q,logit_K,logit_E,logit_H,logit_F,logit_R,logit_Y,logit_W
Universal-HA,H355W,A,7VDF,1.3740628,5,3,-4.061051,-3.538192,-2.9620721,-3.5883472,-4.3758297,-3.7328,-3.3319583,-4.166671,-3.3285522,-3.3811138,-3.8439326,-3.3796756,-3.7896614,-3.9412518,-3.9589257,-2.9719224,-1.1347543,-3.8433704,-1.1855667,-1.5978596
Universal-HA,K380I,A,7VDF,1.5539752,13,2,-3.8187141,-3.4214916,-2.9169545,-3.6802316,-3.6874657,-3.41281,-2.597684,-3.8084874,-2.114427,-1.9626182,-3.6914933,-2.3532205,-3.443315,-3.6684022,-3.736349,-3.6948216,-2.627911,-3.566681,-3.2776146,-3.244493
Universal-HA,E432I,A,7VDF,1.5521404000000003,12,3,-4.080733,-3.582357,-2.8719764,-3.892939,-4.12439,-3.69344,-3.0001922,-3.9029899,-2.3053296,-1.1782427,-3.9727643,-2.0803132,-3.812302,-3.934486,-3.85747,-3.878716,-2.4188619,-3.997987,-3.1643097,-3.150435
