label,mutation,chain,pdb,delta_logit,perc_bucket,rank_wt,rank_mt,logit_G,logit_A,logit_C,logit_S,logit_P,logit_T,logit_V,logit_D,logit_I,logit_L,logit_N,logit_M,logit_Q,logit_K,logit_E,logit_H,logit_F,logit_R,logit_Y,logit_W
Universal-HA,H355W,A,7VDF,-0.5814503000000002,75th - 80th,5,6,-5.418111,-3.732303,-7.2002664,-4.143144,-7.0086718,-5.8864584,-5.5831323,-6.246566,-6.9939394,-7.9569573,-6.253557,-7.478666,-7.22738,-6.796655,-6.8724265,-4.5808897,-4.132403,-6.994703,-3.3855445,-5.16234
Universal-HA,K380I,A,7VDF,2.211278,≥ 99th,9,2,-3.6323152,-4.506184,-7.8798966,-5.778758,-7.7777586,-6.7030745,-6.039766,-9.095681,-4.003398,-5.0616903,-8.605315,-5.0946393,-6.60485,-6.214676,-7.48547,-8.749276,-7.843651,-5.536751,-8.294552,-9.523396
Universal-HA,E432I,A,7VDF,4.3545103,≥ 99th,14,3,-3.482821,-5.5929756,-6.137729,-7.5915728,-10.085838,-6.772059,-5.360954,-9.860698,-4.0411057,-1.3729908,-8.102934,-5.6286297,-8.476164,-9.010843,-8.395616,-8.243226,-7.75521,-9.372028,-7.384759,-9.943747
