label,mutation,chain,pdb,rank_wt,rank_mt,delta_logit,perc_bucket,ddG_pred_A,ddG_pred_C,ddG_pred_D,ddG_pred_E,ddG_pred_F,ddG_pred_G,ddG_pred_H,ddG_pred_I,ddG_pred_K,ddG_pred_L,ddG_pred_M,ddG_pred_N,ddG_pred_P,ddG_pred_Q,ddG_pred_R,ddG_pred_S,ddG_pred_T,ddG_pred_V,ddG_pred_W,ddG_pred_Y
Universal-HA,H355W,A,7VDF,4,2,1.211658000946045,≥ 99th,0.7177399396896362,0.4014208912849426,1.1020947694778442,0.905404806137085,-0.7298852205276489,0.9461066126823424,0.0,0.263461709022522,1.1056842803955078,0.6909312009811401,0.5507527589797974,0.936268150806427,0.4924084544181824,0.8026843070983887,0.8321821689605713,0.5236616134643555,0.5062046051025391,0.2665900588035583,-1.211658000946045,-1.2494738101959229
Universal-HA,K380I,A,7VDF,11,1,0.9771625995635986,97.5th - 99th,0.1234111189842224,-0.3266196250915527,1.219902276992798,0.78581702709198,-0.2385176420211792,0.759311318397522,0.3587127029895782,-0.9771625995635986,0.0,-0.7110443115234375,-0.4938467741012573,0.6160768270492554,1.0740114450454712,0.3190837502479553,-0.1454806923866272,0.2262658178806305,-0.0488849282264709,-0.694975733757019,-0.1697532534599304,-0.1088616251945495
Universal-HA,E432I,A,7VDF,13,2,1.140133261680603,≥ 99th,-0.5310921669006348,-0.7343608140945435,0.3973224461078644,0.0,-0.691500186920166,0.2942234873771667,-0.0189189910888671,-1.140133261680603,0.098108947277069,-1.3629121780395508,-0.986453890800476,0.2703244984149933,0.852776288986206,-0.0456785559654235,0.1683640778064727,0.031517744064331,-0.1092834174633026,-0.666732668876648,-0.5695730447769165,-0.5152910947799683
