{
    "myoglobin": {
        "pearson": [
            -0.4969026655696408,
            9.71338184272427e-31
        ],
        "spearman": [
            -0.5372474345969886,
            1.4106576841473477e-36
        ],
        "precision": 0.6938775510204082,
        "recall": 0.6415094339622641,
        "auroc": 0.7793399868871567,
        "accuracy": 0.7112526539278131,
        "count": 471,
        "num_stabilizing": 212,
        "num_destabilizing": 259
    },
    "p53": {
        "pearson": [
            -0.7970590560797668,
            1.9955356829289056e-13
        ],
        "spearman": [
            -0.7988037284566487,
            1.6191838382819508e-13
        ],
        "precision": 0.8235294117647058,
        "recall": 0.7368421052631579,
        "auroc": 0.8677098150782361,
        "accuracy": 0.8571428571428571,
        "count": 56,
        "num_stabilizing": 19,
        "num_destabilizing": 37
    },
    "s669": {
        "pearson": [
            -0.5413678250706784,
            1.5660153929235718e-89
        ],
        "spearman": [
            -0.5289426014900919,
            8.00764390345812e-85
        ],
        "precision": 0.580110497237569,
        "recall": 0.4883720930232558,
        "auroc": 0.7235730829023764,
        "accuracy": 0.6801375752364575,
        "count": 1163,
        "num_stabilizing": 430,
        "num_destabilizing": 733
    },
    "ssym": {
        "pearson": [
            -0.5388717113808725,
            5.415106815857863e-140
        ],
        "spearman": [
            -0.5549652621994657,
            4.261007413365963e-150
        ],
        "precision": 0.6657571623465212,
        "recall": 0.6169405815423514,
        "auroc": 0.7567235546934111,
        "accuracy": 0.7041036717062635,
        "count": 1852,
        "num_stabilizing": 791,
        "num_destabilizing": 1061
    },
    "t2226": {
        "pearson": [
            -0.5309137323941007,
            0.0
        ],
        "spearman": [
            -0.57306545414499,
            0.0
        ],
        "precision": 0.678806798473812,
        "recall": 0.6604792440094499,
        "auroc": 0.782607391994377,
        "accuracy": 0.7173372348207754,
        "count": 6835,
        "num_stabilizing": 2963,
        "num_destabilizing": 3872
    },
    "overall": {
        "pearson": [
            -0.5301553716817181,
            0.0
        ],
        "spearman": [
            -0.5642753224852278,
            0.0
        ],
        "precision": 0.6692913385826772,
        "recall": 0.6353340883352209,
        "auroc": 0.7719706119124405,
        "accuracy": 0.7112845716488387,
        "count": 10377,
        "num_stabilizing": 4415,
        "num_destabilizing": 5962
    }
}