{
    "log2_ratio": {
        "pearson": [
            0.2862422852404238,
            2.0523134709804726e-18
        ],
        "spearman": [
            0.2317009020961928,
            2.0152063983665265e-12
        ],
        "count": 899
    }
}