{
    "log2_ratio": {
        "pearson": [
            0.348115568008637,
            5.22874373807678e-27
        ],
        "spearman": [
            0.2618633514645094,
            1.4601125873394393e-15
        ],
        "count": 899
    }
}