{
    "linear": {
        "pearson": [
            0.3589333434513836,
            1.9008541770045203e-12
        ],
        "spearman": [
            0.37771469978033856,
            1.0143311581593753e-13
        ],
        "count": 362
    }
}