{
    "Overall": {
        "all_types_of_mutations": {
            "Pr": -0.21546177800329816,
            "Pr_pval": 4.011894619412278e-61,
            "Sr": -0.16288217894306187,
            "Sr_pval": 2.4371821114057035e-35,
            "precision": 0.2402287893231649,
            "recall": 0.4022346368715084,
            "f1": 0.3008057296329454,
            "auroc": 0.5229371261710549,
            "accuracy": 0.5908138316451275,
            "num": 5726.0,
            "num_struc": 333.0
        },
        "single_point_mutations": {
            "Pr": -0.26613745800787036,
            "Pr_pval": 1.0206982063168019e-67,
            "Sr": -0.19117021798856923,
            "Sr_pval": 3.424802408188985e-35,
            "precision": 0.24788902291917975,
            "recall": 0.4649321266968326,
            "f1": 0.3233674272226593,
            "auroc": 0.5396707634102593,
            "accuracy": 0.5823215152986887,
            "num": 4118.0,
            "num_struc": 310.0
        },
        "multi_point_mutations": {
            "Pr": -0.09427668902150244,
            "Pr_pval": 0.00015310491387447787,
            "Sr": -0.04971685298038016,
            "Sr_pval": 0.04622620126696403,
            "precision": 0.21136363636363636,
            "recall": 0.25203252032520324,
            "f1": 0.22991347342398022,
            "auroc": 0.48598397606252086,
            "accuracy": 0.6125621890547264,
            "num": 1608.0,
            "num_struc": 143.0
        }
    },
    "Per-Structure": {
        "all_types_of_mutations": {
            "Pr": -0.18208251158662203,
            "Pr_std": 0.3085393052778878,
            "Pr_pval": 8.8787509463801e-83,
            "Sr": -0.18682969585909195,
            "Sr_std": 0.2923676697021156,
            "Sr_pval": 0.23308589494865561,
            "precision": 0.41909198459082425,
            "recall": 0.24695225115607516,
            "f1": 0.5648204964595759,
            "auroc": 0.5693318873633495,
            "accuracy": 3.286067445595479e-60,
            "num": 5025.0,
            "num_struc": 116.0
        },
        "single_point_mutations": {
            "Pr": -0.1890279748237314,
            "Pr_std": 0.2791560281033815,
            "Pr_pval": 3.6650675063657823e-31,
            "Sr": -0.19448058689891876,
            "Sr_std": 0.24651745969417937,
            "Sr_pval": 0.23209693499296455,
            "precision": 0.4619581638762339,
            "recall": 0.27077710411441014,
            "f1": 0.5723333388695897,
            "auroc": 0.5595482993350847,
            "accuracy": 1.8206775434747776e-15,
            "num": 3485.0,
            "num_struc": 93.0
        },
        "multi_point_mutations": {
            "Pr": -0.08172495436279488,
            "Pr_std": 0.3426942790238961,
            "Pr_pval": 9.674319091332543e-16,
            "Sr": -0.06646303337329892,
            "Sr_std": 0.3567833160136031,
            "Sr_pval": 0.24955649205289607,
            "precision": 0.21673357628343282,
            "recall": 0.17741512439068988,
            "f1": 0.5028937283080362,
            "auroc": 0.6187496831495777,
            "accuracy": 8.01787247044618e-19,
            "num": 1304.0,
            "num_struc": 41.0
        }
    }
}