{
    "1BVC": {
        "pearson": [
            -0.5104455020644827,
            3.3814626785581118e-06
        ],
        "spearman": [
            -0.47647398670714924,
            1.776258932276704e-05
        ],
        "count": 74
    },
    "1LZ1": {
        "pearson": [
            -0.3901574939579404,
            1.7773307471489798e-05
        ],
        "spearman": [
            -0.39136176238485315,
            1.665488183412648e-05
        ],
        "count": 114
    },
    "2CI2": {
        "pearson": [
            -0.5290432904446012,
            5.377192187113126e-07
        ],
        "spearman": [
            -0.5947097453857982,
            7.510778280513009e-09
        ],
        "count": 79
    },
    "2RN2": {
        "pearson": [
            -0.5939786372487035,
            1.2389716884653778e-08
        ],
        "spearman": [
            -0.6025357059258662,
            6.722770354554018e-09
        ],
        "count": 77
    },
    "overall": {
        "pearson": [
            -0.5015690221878921,
            2.572208428295713e-23
        ],
        "spearman": [
            -0.5450014526004001,
            5.270182384295505e-28
        ],
        "count": 344
    }
}