{
    "Overall": {
        "all_types_of_mutations": {
            "Pr": -0.2384591124015528,
            "Pr_pval": 1.1054083728023719e-74,
            "Sr": -0.20829506202291287,
            "Sr_pval": 4.964615386616119e-57,
            "precision": 0.26968503937007876,
            "recall": 0.328537170263789,
            "f1": 0.29621621621621624,
            "auroc": 0.5395487285653324,
            "accuracy": 0.6581480833187467,
            "num": 5713.0,
            "num_struc": 331.0
        },
        "single_point_mutations": {
            "Pr": -0.2784608106632899,
            "Pr_pval": 5.263159130021582e-74,
            "Sr": -0.21233419120718044,
            "Sr_pval": 4.496961170800096e-43,
            "precision": 0.2714748784440843,
            "recall": 0.3798185941043084,
            "f1": 0.3166351606805293,
            "auroc": 0.5504862201290772,
            "accuracy": 0.6478324403312226,
            "num": 4106.0,
            "num_struc": 308.0
        },
        "multi_point_mutations": {
            "Pr": -0.12196734963713811,
            "Pr_pval": 9.396755408299418e-07,
            "Sr": -0.10580610899342528,
            "Sr_pval": 2.1364978061505657e-05,
            "precision": 0.2620689655172414,
            "recall": 0.20596205962059622,
            "f1": 0.2306525037936267,
            "auroc": 0.5165513044468086,
            "accuracy": 0.6845052893590542,
            "num": 1607.0,
            "num_struc": 142.0
        }
    },
    "Per-Structure": {
        "all_types_of_mutations": {
            "Pr": -0.21003476175554964,
            "Pr_std": 0.31273099590707737,
            "Pr_pval": 4.019272620814235e-96,
            "Sr": -0.22310734622962536,
            "Sr_std": 0.3009190756847519,
            "Sr_pval": 0.24485282822756113,
            "precision": 0.34862258955652037,
            "recall": 0.24560781873544962,
            "f1": 0.5821641674848441,
            "auroc": 0.6576510867131529,
            "accuracy": 9.186269306936385e-76,
            "num": 5025.0,
            "num_struc": 116.0
        },
        "single_point_mutations": {
            "Pr": -0.200858683599304,
            "Pr_std": 0.26900333717155195,
            "Pr_pval": 1.6696775841268865e-30,
            "Sr": -0.2078123670940468,
            "Sr_std": 0.24761284919766915,
            "Sr_pval": 0.23618316446800133,
            "precision": 0.3742443086470828,
            "recall": 0.2569068818688428,
            "f1": 0.5788255311004467,
            "auroc": 0.6436812995529287,
            "accuracy": 6.340034893171699e-18,
            "num": 3485.0,
            "num_struc": 93.0
        },
        "multi_point_mutations": {
            "Pr": -0.11066799771393912,
            "Pr_std": 0.3557299962852503,
            "Pr_pval": 5.4776393010288294e-18,
            "Sr": -0.12035902191685305,
            "Sr_std": 0.3681019515567649,
            "Sr_pval": 0.23986429528119826,
            "precision": 0.1838122850766323,
            "recall": 0.163917687562035,
            "f1": 0.5294055366025735,
            "auroc": 0.6864825287678753,
            "accuracy": 3.48652100642069e-21,
            "num": 1304.0,
            "num_struc": 41.0
        }
    }
}