{
    "myoglobin": {
        "pearson": [
            -0.6395882987816568,
            1.525986185587906e-55
        ],
        "spearman": [
            -0.7407650609221657,
            4.574970089192516e-83
        ],
        "precision": 0.8358974358974359,
        "recall": 0.7688679245283019,
        "auroc": 0.8975741239892182,
        "accuracy": 0.8280254777070064,
        "count": 471,
        "num_stabilizing": 212,
        "num_destabilizing": 259
    },
    "p53": {
        "pearson": [
            -0.7063278526869852,
            1.1891275703157573e-09
        ],
        "spearman": [
            -0.6178586709730366,
            3.912916317028179e-07
        ],
        "precision": 0.6470588235294118,
        "recall": 0.5789473684210527,
        "auroc": 0.8036984352773826,
        "accuracy": 0.75,
        "count": 56,
        "num_stabilizing": 19,
        "num_destabilizing": 37
    },
    "s669": {
        "pearson": [
            -0.4001469324052606,
            1.285760628110321e-48
        ],
        "spearman": [
            -0.4196916032885199,
            8.701634881003989e-54
        ],
        "precision": 0.5743243243243243,
        "recall": 0.5379746835443038,
        "auroc": 0.7008027440058259,
        "accuracy": 0.6690997566909975,
        "count": 1233,
        "num_stabilizing": 474,
        "num_destabilizing": 759
    },
    "ssym": {
        "pearson": [
            -0.6471906499581912,
            2.6278252671396596e-220
        ],
        "spearman": [
            -0.624696280603156,
            5.504102948242666e-201
        ],
        "precision": 0.66625,
        "recall": 0.6738305941845765,
        "auroc": 0.7930928887782082,
        "accuracy": 0.7165226781857451,
        "count": 1852,
        "num_stabilizing": 791,
        "num_destabilizing": 1061
    },
    "t2226": {
        "pearson": [
            -0.6636398438781548,
            0.0
        ],
        "spearman": [
            -0.6563615726567701,
            0.0
        ],
        "precision": 0.6917599186164801,
        "recall": 0.6864064602960969,
        "auroc": 0.8110000704747073,
        "accuracy": 0.7326847684042399,
        "count": 6887,
        "num_stabilizing": 2972,
        "num_destabilizing": 3915
    },
    "overall": {
        "pearson": [
            -0.6406212862062055,
            0.0
        ],
        "spearman": [
            -0.6326516198596872,
            0.0
        ],
        "precision": 0.6814982973893303,
        "recall": 0.6718889883616831,
        "auroc": 0.8014869496262744,
        "accuracy": 0.7267358796075817,
        "count": 10499,
        "num_stabilizing": 4468,
        "num_destabilizing": 6031
    }
}