{
    "selection_coefficient": {
        "pearson": [
            0.12838081907158844,
            3.877239628629885e-17
        ],
        "spearman": [
            0.12809003659099105,
            4.567424938640558e-17
        ],
        "count": 4265
    }
}