{
    "Overall": {
        "all_types_of_mutations": {
            "Pr": -0.32591427253204175,
            "Pr_pval": 8.535803643224191e-142,
            "Sr": -0.34027228993613906,
            "Sr_pval": 3.4593090244314617e-155,
            "num": 5726.0,
            "num_struc": 333.0
        },
        "single_point_mutations": {
            "Pr": -0.3901755281601875,
            "Pr_pval": 7.793381163300335e-150,
            "Sr": -0.3353750973984347,
            "Sr_pval": 8.365957794201285e-109,
            "num": 4118.0,
            "num_struc": 310.0
        },
        "multi_point_mutations": {
            "Pr": -0.3425387383077942,
            "Pr_pval": 1.7269039812316247e-45,
            "Sr": -0.39270400444454595,
            "Sr_pval": 1.961718342549887e-60,
            "num": 1608.0,
            "num_struc": 143.0
        }
    },
    "Per-Structure": {
        "all_types_of_mutations": {
            "Pr": -0.3056709619684657,
            "Pr_std": 0.2686029093897496,
            "Pr_pval": 2.07649887620117e-113,
            "Sr": -0.29858692381805413,
            "Sr_std": 0.26278167310915274,
            "Sr_pval": 2.706830008122222e-103,
            "num": 5025.0,
            "num_struc": 116.0
        },
        "single_point_mutations": {
            "Pr": -0.3369293878127922,
            "Pr_std": 0.27999173089964147,
            "Pr_pval": 8.285053174364874e-112,
            "Sr": -0.30190272081047514,
            "Sr_std": 0.2665857483678165,
            "Sr_pval": 3.2967457998882526e-71,
            "num": 3485.0,
            "num_struc": 93.0
        },
        "multi_point_mutations": {
            "Pr": -0.2997093047965366,
            "Pr_std": 0.27723935792781973,
            "Pr_pval": 1.646717352015891e-27,
            "Sr": -0.2990795726737929,
            "Sr_std": 0.2791494599892661,
            "Sr_pval": 4.439091709709816e-29,
            "num": 1304.0,
            "num_struc": 41.0
        }
    }
}