{
    "Caffeine": {
        "pearson": [
            0.3294540463874368,
            5.523573715768139e-34
        ],
        "spearman": [
            0.31007068884338596,
            4.2123738718570575e-30
        ],
        "count": 1288
    },
    "DMSO": {
        "pearson": [
            0.29967969610555545,
            7.051298936933168e-29
        ],
        "spearman": [
            0.28881310622909095,
            7.479984732260013e-27
        ],
        "count": 1324
    },
    "DTT": {
        "pearson": [
            0.29524572043240044,
            3.04911095615343e-27
        ],
        "spearman": [
            0.2869358691807188,
            9.286201384768666e-26
        ],
        "count": 1284
    },
    "HU": {
        "pearson": [
            0.2973994235978839,
            2.0634010344266538e-27
        ],
        "spearman": [
            0.27174151179320943,
            5.487638103059523e-23
        ],
        "count": 1273
    },
    "MG132": {
        "pearson": [
            0.35605604611631175,
            1.8602732188270623e-38
        ],
        "spearman": [
            0.3057441189438564,
            2.624902111089069e-28
        ],
        "count": 1243
    }
}