{
    "Caffeine": {
        "pearson": [
            0.3113918807196319,
            2.3384022207048157e-30
        ],
        "spearman": [
            0.2859356429338232,
            1.1704317670416627e-25
        ],
        "count": 1288
    },
    "DMSO": {
        "pearson": [
            0.28053710657740677,
            2.2817522441401564e-25
        ],
        "spearman": [
            0.26034863832219757,
            5.922768254457455e-22
        ],
        "count": 1324
    },
    "DTT": {
        "pearson": [
            0.2700686987883142,
            6.748960016117367e-23
        ],
        "spearman": [
            0.24800309150408323,
            1.8930766335116124e-19
        ],
        "count": 1284
    },
    "HU": {
        "pearson": [
            0.26949704532382873,
            1.2725762832834144e-22
        ],
        "spearman": [
            0.2260521678634925,
            3.259633887293998e-16
        ],
        "count": 1273
    },
    "MG132": {
        "pearson": [
            0.32667357311169853,
            2.6736727266567896e-32
        ],
        "spearman": [
            0.27150361807691925,
            1.9150425242487863e-22
        ],
        "count": 1243
    }
}