{
    "Caffeine": {
        "pearson": [
            0.31439705210808433,
            6.062539679694186e-31
        ],
        "spearman": [
            0.2841870473095491,
            2.365777827847025e-25
        ],
        "count": 1288
    },
    "DMSO": {
        "pearson": [
            0.2920262336896033,
            1.923388656678374e-27
        ],
        "spearman": [
            0.26025073435521273,
            6.142986709088662e-22
        ],
        "count": 1324
    },
    "DTT": {
        "pearson": [
            0.2746340986859122,
            1.1867399656118386e-23
        ],
        "spearman": [
            0.24478815358154807,
            5.652563145183877e-19
        ],
        "count": 1284
    },
    "HU": {
        "pearson": [
            0.27988752817335383,
            2.423638862024904e-24
        ],
        "spearman": [
            0.23890356916842048,
            5.5763333393026664e-18
        ],
        "count": 1273
    },
    "MG132": {
        "pearson": [
            0.34818598984626203,
            9.641971056555595e-37
        ],
        "spearman": [
            0.28726943897990354,
            4.819191070724072e-25
        ],
        "count": 1243
    }
}