{
    "myoglobin": {
        "pearson": [
            -0.742195205808757,
            5.1549593169392e-21
        ],
        "spearman": [
            -0.7664703037158693,
            4.451798686097703e-23
        ],
        "precision": 0.7142857142857143,
        "recall": 0.3125,
        "auroc": 0.8838734567901234,
        "accuracy": 0.7699115044247787,
        "count": 113,
        "num_stabilizing": 32,
        "num_destabilizing": 81
    },
    "p53": {
        "pearson": [
            -0.752589494174953,
            9.036589728544522e-09
        ],
        "spearman": [
            -0.6991896295243285,
            2.594522638428041e-07
        ],
        "precision": 1.0,
        "recall": 0.36363636363636365,
        "auroc": 0.7917888563049853,
        "accuracy": 0.8333333333333334,
        "count": 42,
        "num_stabilizing": 11,
        "num_destabilizing": 31
    },
    "s669": {
        "pearson": [
            -0.45081801686259015,
            3.231045773781131e-32
        ],
        "spearman": [
            -0.46608032753325657,
            1.3450056575279833e-34
        ],
        "precision": 0.5426356589147286,
        "recall": 0.4268292682926829,
        "auroc": 0.7222984978194151,
        "accuracy": 0.7520259319286872,
        "count": 617,
        "num_stabilizing": 164,
        "num_destabilizing": 453
    },
    "ssym": {
        "pearson": [
            -0.7217804065611113,
            8.31399748529636e-56
        ],
        "spearman": [
            -0.7317520213643609,
            4.629869321343703e-58
        ],
        "precision": 0.6962025316455697,
        "recall": 0.6395348837209303,
        "auroc": 0.8850997334313816,
        "accuracy": 0.8377581120943953,
        "count": 339,
        "num_stabilizing": 86,
        "num_destabilizing": 253
    },
    "t2226": {
        "pearson": [
            -0.6005655407268253,
            1.4025835213652092e-166
        ],
        "spearman": [
            -0.6317927659623398,
            2.0673255833969474e-189
        ],
        "precision": 0.5406360424028268,
        "recall": 0.5294117647058824,
        "auroc": 0.8383578174832839,
        "accuracy": 0.8429752066115702,
        "count": 1694,
        "num_stabilizing": 289,
        "num_destabilizing": 1405
    },
    "overall": {
        "pearson": [
            -0.5889487762129074,
            1.3753375351033854e-261
        ],
        "spearman": [
            -0.611660420538111,
            1.4632674535607847e-287
        ],
        "precision": 0.5736738703339882,
        "recall": 0.5017182130584192,
        "auroc": 0.8176529967088838,
        "accuracy": 0.8192513368983957,
        "count": 2805,
        "num_stabilizing": 582,
        "num_destabilizing": 2223
    }
}