{
    "linear": {
        "pearson": [
            0.6051021377480145,
            0.0
        ],
        "spearman": [
            0.6245015966806945,
            0.0
        ],
        "count": 5468
    }
}