{
    "1AMQ": {
        "pearson": [
            -0.707929421564534,
            0.292070578435466
        ],
        "spearman": [
            -0.7999999999999999,
            0.20000000000000007
        ],
        "count": 4
    },
    "1BNI": {
        "pearson": [
            -0.5987523721234737,
            0.03060626593101405
        ],
        "spearman": [
            -0.5922887488327018,
            0.032936397467739034
        ],
        "count": 13
    },
    "1CEY": {
        "pearson": [
            0.8306809182439366,
            0.3759027952211205
        ],
        "spearman": [
            0.5,
            0.6666666666666667
        ],
        "count": 3
    },
    "1EY0": {
        "pearson": [
            -0.7527869637708643,
            3.8091052380635565e-06
        ],
        "spearman": [
            -0.5214296717092091,
            0.0044340262161777595
        ],
        "count": 28
    },
    "1IHB": {
        "pearson": [
            -0.6986384752926804,
            0.5075792167175326
        ],
        "spearman": [
            -0.5,
            0.6666666666666667
        ],
        "count": 3
    },
    "1L63": {
        "pearson": [
            -0.7038912785755789,
            6.100934994670598e-19
        ],
        "spearman": [
            -0.7363823882911009,
            2.063315270332643e-21
        ],
        "count": 118
    },
    "1LZ1": {
        "pearson": [
            -0.572473097958431,
            1.1650119442936038e-06
        ],
        "spearman": [
            -0.5446921126158782,
            4.720871279656135e-06
        ],
        "count": 62
    },
    "1OH0": {
        "pearson": [
            1.0,
            1.0
        ],
        "spearman": [
            0.9999999999999999,
            NaN
        ],
        "count": 2
    },
    "1VQB": {
        "pearson": [
            -0.08064199084137721,
            0.89743482363152
        ],
        "spearman": [
            -0.09999999999999999,
            0.8728885715695383
        ],
        "count": 5
    },
    "2LZM": {
        "pearson": [
            -0.7247130045808813,
            6.0159639641367045e-12
        ],
        "spearman": [
            -0.7221649186645566,
            7.731234995861038e-12
        ],
        "count": 66
    },
    "2RN2": {
        "pearson": [
            -0.6701092015830654,
            0.002343255208141303
        ],
        "spearman": [
            -0.5724665287535963,
            0.01303442109220516
        ],
        "count": 18
    },
    "3ZCF": {
        "pearson": [
            1.0,
            1.0
        ],
        "spearman": [
            0.9999999999999999,
            NaN
        ],
        "count": 2
    },
    "4BVM": {
        "pearson": [
            -0.11385844679268954,
            0.855344758675208
        ],
        "spearman": [
            -0.09999999999999999,
            0.8728885715695383
        ],
        "count": 5
    },
    "4LYZ": {
        "pearson": [
            -0.45099605692654515,
            0.10554447796946298
        ],
        "spearman": [
            -0.4088460188812741,
            0.14664498103721557
        ],
        "count": 14
    },
    "5PTI": {
        "pearson": [
            -0.24302107308928683,
            0.6936492521760258
        ],
        "spearman": [
            -0.09999999999999999,
            0.8728885715695383
        ],
        "count": 5
    },
    "overall": {
        "pearson": [
            -0.6693046996655451,
            4.426917098803435e-47
        ],
        "spearman": [
            -0.6900950474077008,
            4.3528967697235734e-51
        ],
        "count": 352
    }
}