{
    "myoglobin": {
        "pearson": [
            -0.7733567376386886,
            7.042098044638528e-95
        ],
        "spearman": [
            -0.8298884824808935,
            6.198947332895807e-121
        ],
        "precision": 0.8636363636363636,
        "recall": 0.8066037735849056,
        "auroc": 0.9254389160049538,
        "accuracy": 0.8556263269639066,
        "count": 471,
        "num_stabilizing": 212,
        "num_destabilizing": 259
    },
    "p53": {
        "pearson": [
            -0.7984945597707506,
            1.6805235704287632e-13
        ],
        "spearman": [
            -0.7168076587733875,
            5.187440271958459e-10
        ],
        "precision": 0.6,
        "recall": 0.47368421052631576,
        "auroc": 0.8122332859174964,
        "accuracy": 0.7142857142857143,
        "count": 56,
        "num_stabilizing": 19,
        "num_destabilizing": 37
    },
    "s669": {
        "pearson": [
            -0.6518832385066675,
            1.156357020561225e-141
        ],
        "spearman": [
            -0.61272229188111,
            8.259430802056974e-121
        ],
        "precision": 0.575,
        "recall": 0.5348837209302325,
        "auroc": 0.7812525778102097,
        "accuracy": 0.6818572656921754,
        "count": 1163,
        "num_stabilizing": 430,
        "num_destabilizing": 733
    },
    "ssym": {
        "pearson": [
            -0.7125291874082712,
            5.36567117275937e-287
        ],
        "spearman": [
            -0.7095207997030832,
            1.6118389555714848e-283
        ],
        "precision": 0.7281921618204804,
        "recall": 0.7281921618204804,
        "auroc": 0.844040698193985,
        "accuracy": 0.7678185745140389,
        "count": 1852,
        "num_stabilizing": 791,
        "num_destabilizing": 1061
    },
    "t2226": {
        "pearson": [
            -0.6985011429289342,
            0.0
        ],
        "spearman": [
            -0.7087820522803461,
            0.0
        ],
        "precision": 0.740277308082516,
        "recall": 0.7387782652716841,
        "auroc": 0.8500665403614274,
        "accuracy": 0.7743964886613022,
        "count": 6835,
        "num_stabilizing": 2963,
        "num_destabilizing": 3872
    },
    "overall": {
        "pearson": [
            -0.6987238691357982,
            0.0
        ],
        "spearman": [
            -0.7077468517285715,
            0.0
        ],
        "precision": 0.7280440265994038,
        "recall": 0.7191392978482446,
        "auroc": 0.8477266173876606,
        "accuracy": 0.7662137419292666,
        "count": 10377,
        "num_stabilizing": 4415,
        "num_destabilizing": 5962
    }
}