{
    "score": {
        "pearson": [
            0.44320197030828895,
            5.926430639292895e-182
        ],
        "spearman": [
            0.455994015812523,
            8.196757651362202e-194
        ],
        "count": 3786
    }
}