{
    "score": {
        "pearson": [
            0.43250007220817205,
            2.6527069344199753e-160
        ],
        "spearman": [
            0.44704988531510087,
            1.9879973588006557e-172
        ],
        "count": 3517
    }
}