{
    "score": {
        "pearson": [
            0.4246067295013712,
            5.720651062775773e-154
        ],
        "spearman": [
            0.448483160232788,
            1.179375633420345e-173
        ],
        "count": 3517
    }
}