{
    "1A7V": {
        "pearson": [
            -0.20564290419290476,
            0.5003065451738256
        ],
        "spearman": [
            -0.5261727954746327,
            0.0647334484547689
        ],
        "count": 13
    },
    "1BA3": {
        "pearson": [
            -0.8864960976249232,
            0.11350390237507679
        ],
        "spearman": [
            -0.39999999999999997,
            0.6
        ],
        "count": 4
    },
    "1BFM": {
        "pearson": [
            -1.0,
            1.0
        ],
        "spearman": [
            -0.9999999999999999,
            NaN
        ],
        "count": 2
    },
    "1D5G": {
        "pearson": [
            1.0,
            1.0
        ],
        "spearman": [
            0.9999999999999999,
            NaN
        ],
        "count": 2
    },
    "1DIV": {
        "pearson": [
            -0.8029000113392124,
            2.3202031449653353e-12
        ],
        "spearman": [
            -0.7861790785638206,
            1.3357451819037242e-11
        ],
        "count": 50
    },
    "1EKG": {
        "pearson": [
            0.5379394794143771,
            0.46206052058562275
        ],
        "spearman": [
            0.39999999999999997,
            0.6
        ],
        "count": 4
    },
    "1FT8": {
        "pearson": [
            -0.6366987288132134,
            0.019283142127774832
        ],
        "spearman": [
            -0.6043956043956044,
            0.02867270567140696
        ],
        "count": 13
    },
    "1FXA": {
        "pearson": [
            0.12042183909094524,
            0.7243247575535939
        ],
        "spearman": [
            0.20909090909090913,
            0.5372209352113229
        ],
        "count": 11
    },
    "1G3P": {
        "pearson": [
            0.44582760271263017,
            0.019767486597509095
        ],
        "spearman": [
            0.0363469829576703,
            0.8571629535511118
        ],
        "count": 27
    },
    "1GUA": {
        "pearson": [
            -0.625566801862463,
            1.5393933260565271e-06
        ],
        "spearman": [
            -0.5884693877551019,
            8.707596106153991e-06
        ],
        "count": 49
    },
    "1H0X": {
        "pearson": [
            1.0,
            1.0
        ],
        "spearman": [
            0.9999999999999999,
            NaN
        ],
        "count": 2
    },
    "1HCQ": {
        "pearson": [
            1.0,
            1.0
        ],
        "spearman": [
            0.9999999999999999,
            NaN
        ],
        "count": 2
    },
    "1ITM": {
        "pearson": [
            0.7511886949713986,
            0.45896165012538404
        ],
        "spearman": [
            1.0,
            0.0
        ],
        "count": 3
    },
    "1IV7": {
        "pearson": [
            -0.7028386300971818,
            0.5038311811911494
        ],
        "spearman": [
            -0.5,
            0.6666666666666667
        ],
        "count": 3
    },
    "1J8I": {
        "pearson": [
            0.11476869358413393,
            0.8286028178057951
        ],
        "spearman": [
            0.08827348295047496,
            0.8679336982351336
        ],
        "count": 6
    },
    "1JLV": {
        "pearson": [
            0.8107988331411198,
            0.39806607605617983
        ],
        "spearman": [
            0.5,
            0.6666666666666667
        ],
        "count": 3
    },
    "1L6H": {
        "pearson": [
            0.9245524644663798,
            0.2488781452233571
        ],
        "spearman": [
            0.5,
            0.6666666666666667
        ],
        "count": 3
    },
    "1LVM": {
        "pearson": [
            -0.09305153173528584,
            0.8816943065988708
        ],
        "spearman": [
            -0.30779350562554625,
            0.614384002810333
        ],
        "count": 5
    },
    "1N18": {
        "pearson": [
            -0.2628846951610007,
            0.7371153048389993
        ],
        "spearman": [
            -0.19999999999999998,
            0.8
        ],
        "count": 4
    },
    "1N88": {
        "pearson": [
            -0.3784234707534561,
            0.1341873335352373
        ],
        "spearman": [
            -0.38919648565336096,
            0.12256586147452045
        ],
        "count": 17
    },
    "1NM1": {
        "pearson": [
            1.0,
            1.0
        ],
        "spearman": [
            0.9999999999999999,
            NaN
        ],
        "count": 2
    },
    "1O1U": {
        "pearson": [
            -0.3027662306651753,
            0.5597275491401206
        ],
        "spearman": [
            -0.4553825555391872,
            0.3641432519429783
        ],
        "count": 6
    },
    "1O6X": {
        "pearson": [
            -0.06957504630634948,
            0.7706938055583372
        ],
        "spearman": [
            -0.0850263596605366,
            0.7215321705666362
        ],
        "count": 20
    },
    "1OSI": {
        "pearson": [
            -0.7825198739979213,
            0.21748012600207867
        ],
        "spearman": [
            -0.7999999999999999,
            0.20000000000000007
        ],
        "count": 4
    },
    "1PFL": {
        "pearson": [
            -0.4673336676759345,
            0.4274030074366785
        ],
        "spearman": [
            -0.49999999999999994,
            0.39100221895577053
        ],
        "count": 5
    },
    "1PRG": {
        "pearson": [
            -0.25022107316160425,
            0.588383802025528
        ],
        "spearman": [
            -0.25,
            0.5887244480896833
        ],
        "count": 7
    },
    "1R6R": {
        "pearson": [
            -0.23598434334769305,
            0.7640156566523069
        ],
        "spearman": [
            0.19999999999999998,
            0.8
        ],
        "count": 4
    },
    "1SPD": {
        "pearson": [
            1.0,
            1.0
        ],
        "spearman": [
            0.9999999999999999,
            NaN
        ],
        "count": 2
    },
    "1X0J": {
        "pearson": [
            0.11866465713292014,
            0.7999639691644588
        ],
        "spearman": [
            -0.07142857142857144,
            0.8790481931481541
        ],
        "count": 7
    },
    "1XWS": {
        "pearson": [
            -0.019401030812150725,
            0.9805989691878492
        ],
        "spearman": [
            -0.39999999999999997,
            0.6
        ],
        "count": 4
    },
    "1XXN": {
        "pearson": [
            -0.46185090886983066,
            0.43358472356315786
        ],
        "spearman": [
            -0.35909242322980395,
            0.5528147466433505
        ],
        "count": 5
    },
    "1XZO": {
        "pearson": [
            0.3301099041210512,
            0.6698900958789489
        ],
        "spearman": [
            0.19999999999999998,
            0.8
        ],
        "count": 4
    },
    "2BJD": {
        "pearson": [
            -0.7484852780730442,
            0.4615629131483528
        ],
        "spearman": [
            -1.0,
            0.0
        ],
        "count": 3
    },
    "2C9Q": {
        "pearson": [
            -1.0,
            1.0
        ],
        "spearman": [
            -0.9999999999999999,
            NaN
        ],
        "count": 2
    },
    "2CLR": {
        "pearson": [
            -0.8516140319454866,
            0.14838596805451343
        ],
        "spearman": [
            -0.39999999999999997,
            0.6
        ],
        "count": 4
    },
    "2DVV": {
        "pearson": [
            -1.0,
            1.0
        ],
        "spearman": [
            -0.9999999999999999,
            NaN
        ],
        "count": 2
    },
    "2HBB": {
        "pearson": [
            -0.5635294624555194,
            4.547409214406332e-05
        ],