{
    "enrichment": {
        "pearson": [
            0.4897305831351748,
            1.4011037021955303e-210
        ],
        "spearman": [
            0.5555932081530732,
            9.540220250455207e-283
        ],
        "count": 3500
    }
}