{
    "enrichment": {
        "pearson": [
            0.4919995470320804,
            1.9593593740280555e-189
        ],
        "spearman": [
            0.5555354589549469,
            1.4807774832935669e-251
        ],
        "count": 3112
    }
}