{
    "enrichment": {
        "pearson": [
            0.49003618800949744,
            1.0223705616060801e-187
        ],
        "spearman": [
            0.5543218557912517,
            3.06063255016967e-250
        ],
        "count": 3112
    }
}