{
    "1AMQ": {
        "pearson": [
            -0.177336418329118,
            0.822663581670882
        ],
        "spearman": [
            -0.39999999999999997,
            0.6
        ],
        "count": 4
    },
    "1BNI": {
        "pearson": [
            -0.21398991262588193,
            0.48267395972779037
        ],
        "spearman": [
            -0.25068965648267844,
            0.40873878576080935
        ],
        "count": 13
    },
    "1CEY": {
        "pearson": [
            -0.7676714560693645,
            0.4428306038933386
        ],
        "spearman": [
            -0.5,
            0.6666666666666667
        ],
        "count": 3
    },
    "1EY0": {
        "pearson": [
            -0.7709490582642767,
            1.5812575480261491e-06
        ],
        "spearman": [
            -0.6608244736524798,
            0.00012933049323784427
        ],
        "count": 28
    },
    "1IHB": {
        "pearson": [
            0.6747348363088728,
            0.5285159765987947
        ],
        "spearman": [
            0.5,
            0.6666666666666667
        ],
        "count": 3
    },
    "1L63": {
        "pearson": [
            -0.4938979783998702,
            1.3207145153453765e-08
        ],
        "spearman": [
            -0.5197707473310405,
            1.6243274400151501e-09
        ],
        "count": 118
    },
    "1LZ1": {
        "pearson": [
            -0.4352942856791705,
            0.0004064998724888426
        ],
        "spearman": [
            -0.408752635754807,
            0.0009724309819921338
        ],
        "count": 62
    },
    "1OH0": {
        "pearson": [
            1.0,
            1.0
        ],
        "spearman": [
            0.9999999999999999,
            NaN
        ],
        "count": 2
    },
    "1VQB": {
        "pearson": [
            -0.3613468014007357,
            0.5501370785396568
        ],
        "spearman": [
            -0.09999999999999999,
            0.8728885715695383
        ],
        "count": 5
    },
    "2LZM": {
        "pearson": [
            -0.05733876898760355,
            0.6474564309223435
        ],
        "spearman": [
            -0.08277721908566084,
            0.5087586786597263
        ],
        "count": 66
    },
    "2RN2": {
        "pearson": [
            0.10341202748472908,
            0.6830239208624704
        ],
        "spearman": [
            -0.12836500825577926,
            0.6117218486722298
        ],
        "count": 18
    },
    "3ZCF": {
        "pearson": [
            -1.0,
            1.0
        ],
        "spearman": [
            -0.9999999999999999,
            NaN
        ],
        "count": 2
    },
    "4BVM": {
        "pearson": [
            -0.6117236691367511,
            0.27288164685706734
        ],
        "spearman": [
            -0.3,
            0.6238376647810728
        ],
        "count": 5
    },
    "4LYZ": {
        "pearson": [
            -0.25648758941276784,
            0.376073014554305
        ],
        "spearman": [
            -0.42210588976391,
            0.1327267936903429
        ],
        "count": 14
    },
    "5PTI": {
        "pearson": [
            -0.3232873363160313,
            0.5956647043884028
        ],
        "spearman": [
            -0.19999999999999998,
            0.747060078104662
        ],
        "count": 5
    },
    "overall": {
        "pearson": [
            -0.45745164068979877,
            1.3195113382405482e-19
        ],
        "spearman": [
            -0.42001870572647076,
            1.7768669100380404e-16
        ],
        "count": 352
    }
}