{
    "1AMQ": {
        "pearson": [
            0.15483047616425863,
            0.8451695238357413
        ],
        "spearman": [
            0.39999999999999997,
            0.6
        ],
        "count": 4
    },
    "1BNI": {
        "pearson": [
            -0.5067028264842833,
            0.077207890916766
        ],
        "spearman": [
            -0.5041341443552764,
            0.07896994805527732
        ],
        "count": 13
    },
    "1CEY": {
        "pearson": [
            0.9024671838046886,
            0.2835079247323086
        ],
        "spearman": [
            1.0,
            0.0
        ],
        "count": 3
    },
    "1EY0": {
        "pearson": [
            -0.6885606216565718,
            5.105706215811764e-05
        ],
        "spearman": [
            -0.3724497655065779,
            0.05095708765722535
        ],
        "count": 28
    },
    "1IHB": {
        "pearson": [
            0.030094367592124326,
            0.9808384374662894
        ],
        "spearman": [
            -0.5,
            0.6666666666666667
        ],
        "count": 3
    },
    "1L63": {
        "pearson": [
            -0.4994957958353672,
            8.516569985906286e-09
        ],
        "spearman": [
            -0.4901603846979467,
            1.762552493818862e-08
        ],
        "count": 118
    },
    "1LZ1": {
        "pearson": [
            -0.4268522209471823,
            0.0005406418163778717
        ],
        "spearman": [
            -0.44059135795425186,
            0.0003386059181745244
        ],
        "count": 62
    },
    "1OH0": {
        "pearson": [
            -1.0,
            1.0
        ],
        "spearman": [
            -0.9999999999999999,
            NaN
        ],
        "count": 2
    },
    "1VQB": {
        "pearson": [
            -0.07801944815209115,
            0.9007634239785534
        ],
        "spearman": [
            -0.3,
            0.6238376647810728
        ],
        "count": 5
    },
    "2LZM": {
        "pearson": [
            -0.5059286941371943,
            1.7139667030201255e-05
        ],
        "spearman": [
            -0.5140334107656916,
            1.1883370952077521e-05
        ],
        "count": 65
    },
    "2RN2": {
        "pearson": [
            -0.4337059996669101,
            0.08198560020998602
        ],
        "spearman": [
            -0.5239888072778898,
            0.030850089328313453
        ],
        "count": 17
    },
    "3ZCF": {
        "pearson": [
            1.0,
            1.0
        ],
        "spearman": [
            0.9999999999999999,
            NaN
        ],
        "count": 2
    },
    "4BVM": {
        "pearson": [
            -0.41306256013981224,
            0.728918157879175
        ],
        "spearman": [
            -0.5,
            0.6666666666666667
        ],
        "count": 3
    },
    "4LYZ": {
        "pearson": [
            -0.5614989968736277,
            0.03667095085186567
        ],
        "spearman": [
            -0.5989041681990556,
            0.023628570756880834
        ],
        "count": 14
    },
    "5PTI": {
        "pearson": [
            -0.9430593918113158,
            0.016170464467245172
        ],
        "spearman": [
            -0.8999999999999998,
            0.03738607346849874
        ],
        "count": 5
    },
    "overall": {
        "pearson": [
            -0.4475239244459468,
            1.7141699756837722e-18
        ],
        "spearman": [
            -0.4437847800660997,
            3.541197097072945e-18
        ],
        "count": 347
    }
}