{
    "1AMQ": {
        "pearson": [
            -0.578637820474818,
            0.42136217952518207
        ],
        "spearman": [
            -0.7999999999999999,
            0.20000000000000007
        ],
        "count": 4
    },
    "1BNI": {
        "pearson": [
            -0.6848219298764292,
            0.009804535014827668
        ],
        "spearman": [
            -0.7107464985992421,
            0.006465728937137211
        ],
        "count": 13
    },
    "1CEY": {
        "pearson": [
            0.796536115170545,
            0.4133268079308985
        ],
        "spearman": [
            0.5,
            0.6666666666666667
        ],
        "count": 3
    },
    "1EY0": {
        "pearson": [
            -0.612988799956479,
            0.0005242267088012557
        ],
        "spearman": [
            -0.4187321260732041,
            0.026572427275333144
        ],
        "count": 28
    },
    "1IHB": {
        "pearson": [
            -0.9220605280529733,
            0.25300888191151705
        ],
        "spearman": [
            -0.5,
            0.6666666666666667
        ],
        "count": 3
    },
    "1L63": {
        "pearson": [
            -0.7830823951344976,
            1.1110054857056882e-25
        ],
        "spearman": [
            -0.8041529961537148,
            5.708012085983657e-28
        ],
        "count": 118
    },
    "1LZ1": {
        "pearson": [
            -0.6753002707954393,
            1.740990237986363e-09
        ],
        "spearman": [
            -0.6637906475998442,
            4.090596742739382e-09
        ],
        "count": 62
    },
    "1OH0": {
        "pearson": [
            -1.0,
            1.0
        ],
        "spearman": [
            -0.9999999999999999,
            NaN
        ],
        "count": 2
    },
    "1VQB": {
        "pearson": [
            -0.02385720550309398,
            0.9696269442657375
        ],
        "spearman": [
            -0.09999999999999999,
            0.8728885715695383
        ],
        "count": 5
    },
    "2LZM": {
        "pearson": [
            -0.8492706176140106,
            2.0509166191888584e-19
        ],
        "spearman": [
            -0.8539860212761148,
            8.004259964151505e-20
        ],
        "count": 66
    },
    "2RN2": {
        "pearson": [
            -0.7096372452757694,
            0.0009714438509928001
        ],
        "spearman": [
            -0.5983465707406486,
            0.008710480120883156
        ],
        "count": 18
    },
    "3ZCF": {
        "pearson": [
            -1.0,
            1.0
        ],
        "spearman": [
            -0.9999999999999999,
            NaN
        ],
        "count": 2
    },
    "4BVM": {
        "pearson": [
            -0.2206157314743929,
            0.7213988591623457
        ],
        "spearman": [
            0.09999999999999999,
            0.8728885715695383
        ],
        "count": 5
    },
    "4LYZ": {
        "pearson": [
            -0.4108181655953033,
            0.14451611702971173
        ],
        "spearman": [
            -0.36464644927248774,
            0.19988844789939164
        ],
        "count": 14
    },
    "5PTI": {
        "pearson": [
            -0.0006267145356552204,
            0.9992020423221791
        ],
        "spearman": [
            -0.3,
            0.6238376647810728
        ],
        "count": 5
    },
    "overall": {
        "pearson": [
            -0.7277916497912216,
            2.7242220380325015e-59
        ],
        "spearman": [
            -0.7506547760655791,
            5.668643750340456e-65
        ],
        "count": 352
    }
}