{
    "screenscore": {
        "pearson": [
            0.2338240526639886,
            9.640087796766687e-44
        ],
        "spearman": [
            0.24251779879215726,
            5.081953621144777e-47
        ],
        "count": 3424
    }
}