{
    "screenscore": {
        "pearson": [
            0.22163685377916714,
            4.4418478717407593e-36
        ],
        "spearman": [
            0.2310266828824562,
            3.9050255103308594e-39
        ],
        "count": 3125
    }
}