{
    "attenuated": {
        "pearson": [
            0.11891589521871469,
            2.418642669920587e-11
        ],
        "spearman": [
            0.10224035268354575,
            9.671721483744928e-09
        ],
        "count": 3134
    },
    "regulated": {
        "pearson": [
            0.37531797029246494,
            2.0895377201749947e-105
        ],
        "spearman": [
            0.3556661626031695,
            4.1777944588459803e-94
        ],
        "count": 3134
    },
    "unregulated": {
        "pearson": [
            0.39483347250640904,
            1.9721581892312707e-117
        ],
        "spearman": [
            0.3821447764242158,
            1.6084453453108228e-109
        ],
        "count": 3134
    }
}