{
    "attenuated": {
        "pearson": [
            0.11350689157501104,
            1.8605963278298823e-10
        ],
        "spearman": [
            0.08673934641760625,
            1.1557040425673055e-06
        ],
        "count": 3134
    },
    "regulated": {
        "pearson": [
            0.36401311180370094,
            8.272531083580993e-99
        ],
        "spearman": [
            0.33497950675095384,
            4.794723698670425e-83
        ],
        "count": 3134
    },
    "unregulated": {
        "pearson": [
            0.36184949415499157,
            1.4136645914420407e-97
        ],
        "spearman": [
            0.33386472064722555,
            1.7912513622172462e-82
        ],
        "count": 3134
    }
}