{
    "attenuated": {
        "pearson": [
            0.10058581990449793,
            2.4869661681272965e-08
        ],
        "spearman": [
            0.07236625215716229,
            6.190976899926924e-05
        ],
        "count": 3058
    },
    "regulated": {
        "pearson": [
            0.3840456067132326,
            4.809902535198988e-108
        ],
        "spearman": [
            0.35689799920063026,
            1.5472774519534313e-92
        ],
        "count": 3058
    },
    "unregulated": {
        "pearson": [
            0.3894120449144161,
            2.737071918939894e-111
        ],
        "spearman": [
            0.35376062242710976,
            7.704807788356109e-91
        ],
        "count": 3058
    }
}