{
    "SelectionOne": {
        "pearson": [
            0.3191042181514217,
            2.3303523814623146e-190
        ],
        "spearman": [
            0.34002981149344436,
            1.728110565241548e-217
        ],
        "count": 8067
    }
}