{
    "SelectionOne": {
        "pearson": [
            0.3243681284113829,
            1.3392548404695905e-193
        ],
        "spearman": [
            0.340042265894764,
            9.123359733396856e-214
        ],
        "count": 7927
    }
}