{
    "Caffeine": {
        "pearson": [
            0.33101126514439105,
            2.617210261144017e-34
        ],
        "spearman": [
            0.30537022593109925,
            3.3372821382642395e-29
        ],
        "count": 1288
    },
    "DMSO": {
        "pearson": [
            0.2779484130264353,
            6.491560522246361e-25
        ],
        "spearman": [
            0.22820524395497388,
            4.2066816750555434e-17
        ],
        "count": 1324
    },
    "DTT": {
        "pearson": [
            0.2918878740930543,
            1.229275943505389e-26
        ],
        "spearman": [
            0.28557179281730716,
            1.6094429076657307e-25
        ],
        "count": 1284
    },
    "HU": {
        "pearson": [
            0.24966375268663218,
            1.5298205069700475e-19
        ],
        "spearman": [
            0.17103830717575533,
            8.158489794896765e-10
        ],
        "count": 1273
    },
    "MG132": {
        "pearson": [
            0.31519922714613685,
            4.519969967953959e-30
        ],
        "spearman": [
            0.22675782986953624,
            5.859061214586638e-16
        ],
        "count": 1243
    }
}