{
    "Caffeine": {
        "pearson": [
            0.37714534423476553,
            8.382459245289193e-45
        ],
        "spearman": [
            0.33997032452743015,
            3.271586339792919e-36
        ],
        "count": 1288
    },
    "DMSO": {
        "pearson": [
            0.34839321807997214,
            4.467394453302061e-39
        ],
        "spearman": [
            0.29967742990008045,
            7.05831027967612e-29
        ],
        "count": 1324
    },
    "DTT": {
        "pearson": [
            0.3427776602588744,
            1.0342428932075417e-36
        ],
        "spearman": [
            0.3365015154040264,
            2.312779160638691e-35
        ],
        "count": 1284
    },
    "HU": {
        "pearson": [
            0.32715124258626765,
            3.887766063969061e-33
        ],
        "spearman": [
            0.25655986650604307,
            1.3919618601734952e-20
        ],
        "count": 1273
    },
    "MG132": {
        "pearson": [
            0.38861168471329083,
            4.412514459126118e-46
        ],
        "spearman": [
            0.28138850819767564,
            4.701805600108182e-24
        ],
        "count": 1243
    }
}