{
    "Caffeine": {
        "pearson": [
            0.3409041086166617,
            2.0547688860035303e-36
        ],
        "spearman": [
            0.3193582542928211,
            6.308502448956173e-32
        ],
        "count": 1288
    },
    "DMSO": {
        "pearson": [
            0.29079383608951953,
            3.244880787646297e-27
        ],
        "spearman": [
            0.25173876562925673,
            1.384602541737537e-20
        ],
        "count": 1324
    },
    "DTT": {
        "pearson": [
            0.30117428746644503,
            2.4845851108582014e-28
        ],
        "spearman": [
            0.30046305811279034,
            3.3669465026840755e-28
        ],
        "count": 1284
    },
    "HU": {
        "pearson": [
            0.26640052846031487,
            4.0087967206428744e-22
        ],
        "spearman": [
            0.1956449861939533,
            1.898520933391335e-12
        ],
        "count": 1273
    },
    "MG132": {
        "pearson": [
            0.32102110874013357,
            3.4416376918252533e-31
        ],
        "spearman": [
            0.23288278131178042,
            9.028370093548012e-17
        ],
        "count": 1243
    }
}