{
    "linear": {
        "pearson": [
            0.5735439397090433,
            0.0
        ],
        "spearman": [
            0.5924380291301449,
            0.0
        ],
        "count": 5468
    }
}