{
    "myoglobin": {
        "pearson": [
            -0.6960235302900345,
            1.77938093762295e-69
        ],
        "spearman": [
            -0.7012527635560796,
            6.2138003908799685e-71
        ],
        "precision": 0.7180616740088106,
        "recall": 0.7688679245283019,
        "auroc": 0.8455780578422087,
        "accuracy": 0.7600849256900213,
        "count": 471,
        "num_stabilizing": 212,
        "num_destabilizing": 259
    },
    "p53": {
        "pearson": [
            -0.23070588286078147,
            0.08714254963285228
        ],
        "spearman": [
            -0.09826540239240364,
            0.471209741834985
        ],
        "precision": 0.4230769230769231,
        "recall": 0.5789473684210527,
        "auroc": 0.6130867709815078,
        "accuracy": 0.5892857142857143,
        "count": 56,
        "num_stabilizing": 19,
        "num_destabilizing": 37
    },
    "s669": {
        "pearson": [
            -0.36344515502052166,
            1.231512918846267e-37
        ],
        "spearman": [
            -0.3506547484975566,
            5.559651980314792e-35
        ],
        "precision": 0.49005424954792043,
        "recall": 0.6302325581395349,
        "auroc": 0.6695279038040547,
        "accuracy": 0.6208082545141874,
        "count": 1163,
        "num_stabilizing": 430,
        "num_destabilizing": 733
    },
    "ssym": {
        "pearson": [
            -0.3710407728315772,
            1.5660860990217147e-61
        ],
        "spearman": [
            -0.37260563289619575,
            4.472147285502727e-62
        ],
        "precision": 0.5873015873015873,
        "recall": 0.6548672566371682,
        "auroc": 0.6798985047381534,
        "accuracy": 0.656047516198704,
        "count": 1852,
        "num_stabilizing": 791,
        "num_destabilizing": 1061
    },
    "t2226": {
        "pearson": [
            -0.45197946499183206,
            0.0
        ],
        "spearman": [
            -0.4161577033798313,
            1.5369717587527793e-284
        ],
        "precision": 0.5673048600883652,
        "recall": 0.6500168747890651,
        "auroc": 0.6936046031216965,
        "accuracy": 0.6333577176298464,
        "count": 6835,
        "num_stabilizing": 2963,
        "num_destabilizing": 3872
    },
    "overall": {
        "pearson": [
            -0.43973298786155224,
            0.0
        ],
        "spearman": [
            -0.41304959735557933,
            0.0
        ],
        "precision": 0.5683651386976195,
        "recall": 0.6543601359003397,
        "auroc": 0.6955114745217255,
        "accuracy": 0.6415148886961549,
        "count": 10377,
        "num_stabilizing": 4415,
        "num_destabilizing": 5962
    }
}