{
    "SelectionOne": {
        "pearson": [
            0.27048164940283015,
            2.8968545854828364e-135
        ],
        "spearman": [
            0.3049422120131139,
            3.4281079255252075e-173
        ],
        "count": 8067
    }
}