{
    "SelectionOne": {
        "pearson": [
            0.2788578259898177,
            1.5755031680362422e-141
        ],
        "spearman": [
            0.3113661791801443,
            9.305566461236017e-178
        ],
        "count": 7927
    }
}