{
    "Overall": {
        "all_types_of_mutations": {
            "Pr": -0.20511437551635747,
            "Pr_pval": 7.054465782799089e-05,
            "Sr": -0.20662123151662365,
            "Sr_pval": 6.22058089647367e-05,
            "num": 370.0,
            "num_struc": 38.0
        },
        "single_point_mutations": {
            "Pr": -0.14094977723595228,
            "Pr_pval": 0.023284282474887577,
            "Sr": -0.13929227117701332,
            "Sr_pval": 0.024974716313419774,
            "num": 259.0,
            "num_struc": 35.0
        },
        "multi_point_mutations": {
            "Pr": -0.43945217573562784,
            "Pr_pval": 1.3976584492264152e-06,
            "Sr": -0.4132814129909797,
            "Sr_pval": 6.540053044722179e-06,
            "num": 111.0,
            "num_struc": 16.0
        }
    },
    "Per-Structure": {
        "all_types_of_mutations": {
            "Pr": -0.1744427498028757,
            "Pr_std": 0.12348190212056812,
            "Pr_pval": 0.02990919708524803,
            "Sr": -0.15562260237850817,
            "Sr_std": 0.2792851694369527,
            "Sr_pval": 0.000513328969017414,
            "num": 266.0,
            "num_struc": 8.0
        },
        "single_point_mutations": {
            "Pr": -0.17469641917894332,
            "Pr_std": 0.12932858006697864,
            "Pr_pval": 0.3357319375704777,
            "Sr": -0.2276550475914684,
            "Sr_std": 0.15709976895210537,
            "Sr_pval": 0.13155978125695814,
            "num": 180.0,
            "num_struc": 7.0
        },
        "multi_point_mutations": {
            "Pr": 0.013509988540498286,
            "Pr_std": 0.5903087619587206,
            "Pr_pval": 1.5251448730063114e-07,
            "Sr": 0.00853062189340531,
            "Sr_std": 0.6183776363155125,
            "Sr_pval": 1.8706226267883376e-08,
            "num": 79.0,
            "num_struc": 2.0
        }
    }
}