{
    "Overall": {
        "all_types_of_mutations": {
            "Pr": -0.12551591258045236,
            "Pr_pval": 0.015703343763805083,
            "Sr": -0.12562088895322082,
            "Sr_pval": 0.015615735222831217,
            "num": 370.0,
            "num_struc": 38.0
        },
        "single_point_mutations": {
            "Pr": -0.17535459328723838,
            "Pr_pval": 0.00464929992836958,
            "Sr": -0.20862567099331852,
            "Sr_pval": 0.0007287597809623399,
            "num": 259.0,
            "num_struc": 35.0
        },
        "multi_point_mutations": {
            "Pr": -0.10183290163402604,
            "Pr_pval": 0.28755585829807745,
            "Sr": -0.1067383316399648,
            "Sr_pval": 0.26484319052837624,
            "num": 111.0,
            "num_struc": 16.0
        }
    },
    "Per-Structure": {
        "all_types_of_mutations": {
            "Pr": -0.286313179549673,
            "Pr_std": 0.20910952475122763,
            "Pr_pval": 0.006844301795933613,
            "Sr": -0.28870822965550547,
            "Sr_std": 0.2320591786489321,
            "Sr_pval": 0.005173911731823651,
            "num": 266.0,
            "num_struc": 8.0
        },
        "single_point_mutations": {
            "Pr": -0.3437899573680992,
            "Pr_std": 0.22032596765595464,
            "Pr_pval": 0.001572086272923015,
            "Sr": -0.3605477838985342,
            "Sr_std": 0.22463426463531255,
            "Sr_pval": 0.0009503504597964086,
            "num": 180.0,
            "num_struc": 7.0
        },
        "multi_point_mutations": {
            "Pr": 0.09267852266140439,
            "Pr_std": 0.16810329729626225,
            "Pr_pval": 0.4135810993285547,
            "Sr": -0.016774363571711727,
            "Sr_std": 0.06934647178941178,
            "Sr_pval": 0.7910755614919546,
            "num": 79.0,
            "num_struc": 2.0
        }
    }
}