{
    "myoglobin": {
        "pearson": [
            -0.31192248349076057,
            0.000770346896414081
        ],
        "spearman": [
            -0.34938273423768546,
            0.00014886902166002142
        ],
        "precision": 0.4,
        "recall": 0.0625,
        "auroc": 0.6851851851851852,
        "accuracy": 0.7079646017699115,
        "count": 113,
        "num_stabilizing": 32,
        "num_destabilizing": 81
    },
    "p53": {
        "pearson": [
            -0.589358834918699,
            4.016112436214835e-05
        ],
        "spearman": [
            -0.5884927085773844,
            4.1489450994374165e-05
        ],
        "precision": 0.6666666666666666,
        "recall": 0.36363636363636365,
        "auroc": 0.7712609970674487,
        "accuracy": 0.7857142857142857,
        "count": 42,
        "num_stabilizing": 11,
        "num_destabilizing": 31
    },
    "s669": {
        "pearson": [
            -0.35623057339950526,
            6.950367793676483e-19
        ],
        "spearman": [
            -0.37248956363809377,
            1.2569261880254315e-20
        ],
        "precision": 0.5161290322580645,
        "recall": 0.11594202898550725,
        "auroc": 0.6837485751506269,
        "accuracy": 0.7650085763293311,
        "count": 583,
        "num_stabilizing": 138,
        "num_destabilizing": 445
    },
    "ssym": {
        "pearson": [
            -0.5250709145497501,
            2.0445632048097853e-25
        ],
        "spearman": [
            -0.5306271058043102,
            5.1414013596285874e-26
        ],
        "precision": 0.8076923076923077,
        "recall": 0.2441860465116279,
        "auroc": 0.7249747219413548,
        "accuracy": 0.7935103244837758,
        "count": 339,
        "num_stabilizing": 86,
        "num_destabilizing": 253
    },
    "t2226": {
        "pearson": [
            -0.3766486616338132,
            1.2573258975608653e-56
        ],
        "spearman": [
            -0.44599842878512463,
            2.9344153662162647e-81
        ],
        "precision": 0.3917525773195876,
        "recall": 0.1347517730496454,
        "auroc": 0.7222161560699651,
        "accuracy": 0.81591737545565,
        "count": 1646,
        "num_stabilizing": 282,
        "num_destabilizing": 1364
    },
    "overall": {
        "pearson": [
            -0.39130439739072875,
            2.4740737707093895e-100
        ],
        "spearman": [
            -0.44228641818142,
            8.322033494917646e-131
        ],
        "precision": 0.4909090909090909,
        "recall": 0.14754098360655737,
        "auroc": 0.7135437351176263,
        "accuracy": 0.797282409107602,
        "count": 2723,
        "num_stabilizing": 549,
        "num_destabilizing": 2174
    }
}