{
    "linear": {
        "pearson": [
            0.046278489162935504,
            0.3799798055676921
        ],
        "spearman": [
            0.025053435498777487,
            0.6347156226951136
        ],
        "count": 362
    }
}