{
    "react_rel": {
        "pearson": [
            0.31992248646739063,
            1.648672717609618e-35
        ],
        "spearman": [
            0.4009069917300492,
            1.5704631771220758e-56
        ],
        "count": 1435
    }
}