{
    "react_rel": {
        "pearson": [
            0.30401542785545316,
            4.5774239986897675e-32
        ],
        "spearman": [
            0.3521570932343327,
            3.748797489461891e-43
        ],
        "count": 1435
    }
}