{
    "react_rel": {
        "pearson": [
            0.3053318079569975,
            2.418969241421047e-32
        ],
        "spearman": [
            0.32092174584989974,
            9.8567404584872e-36
        ],
        "count": 1435
    }
}