{
    "2LZM": {
        "pearson": [
            -0.7554745839035527,
            3.734706613218357e-07
        ],
        "spearman": [
            -0.7782891977909723,
            9.730763644565123e-08
        ],
        "count": 33
    }
}