{
    "2LZM": {
        "pearson": [
            -0.790126235532292,
            4.544659633981793e-08
        ],
        "spearman": [
            -0.7364726709378145,
            1.0297827815202567e-06
        ],
        "count": 33
    }
}