{
    "attenuated": {
        "pearson": [
            0.09386644276026232,
            1.4066761420035215e-07
        ],
        "spearman": [
            0.08582894302545116,
            1.4953790729777477e-06
        ],
        "count": 3134
    },
    "regulated": {
        "pearson": [
            0.18701345342160458,
            4.6393038689130205e-26
        ],
        "spearman": [
            0.18034855683653256,
            2.5426173988268587e-24
        ],
        "count": 3134
    },
    "unregulated": {
        "pearson": [
            0.18111033362149853,
            1.6214131631548739e-24
        ],
        "spearman": [
            0.16340959363559393,
            3.375129149025219e-20
        ],
        "count": 3134
    }
}