{
    "attenuated": {
        "pearson": [
            0.10045891991624101,
            1.7412247012925044e-08
        ],
        "spearman": [
            0.10082886907535209,
            1.542350314511494e-08
        ],
        "count": 3134
    },
    "regulated": {
        "pearson": [
            0.17492607002418395,
            5.904566460494766e-23
        ],
        "spearman": [
            0.19000362141715824,
            7.323496247114966e-27
        ],
        "count": 3134
    },
    "unregulated": {
        "pearson": [
            0.18191989315839202,
            1.0030057159428716e-24
        ],
        "spearman": [
            0.18540805808403507,
            1.234130413328755e-25
        ],
        "count": 3134
    }
}