{
    "attenuated": {
        "pearson": [
            0.08345235274833115,
            2.894897314334963e-06
        ],
        "spearman": [
            0.08159720779702702,
            4.789747481254809e-06
        ],
        "count": 3134
    },
    "regulated": {
        "pearson": [
            0.17914874288768318,
            5.1436270110531346e-24
        ],
        "spearman": [
            0.1785464821281118,
            7.312359711740802e-24
        ],
        "count": 3134
    },
    "unregulated": {
        "pearson": [
            0.17753046844641754,
            1.3200508039613366e-23
        ],
        "spearman": [
            0.16702884004716398,
            4.817202127733711e-21
        ],
        "count": 3134
    }
}