{
    "overall": {
        "pearson": [
            -0.5144299202200147,
            4.168298830963937e-25
        ],
        "spearman": [
            -0.516891816888342,
            2.2688837134809805e-25
        ],
        "count": 351
    }
}