{
    "2LZM": {
        "pearson": [
            -0.8677144449303323,
            6.293800071811304e-11
        ],
        "spearman": [
            -0.8485409629042773,
            4.4619748387445445e-10
        ],
        "count": 33
    }
}