{
    "2LZM": {
        "pearson": [
            -0.848657461797645,
            4.412825157392509e-10
        ],
        "spearman": [
            -0.7879906320209048,
            5.232239110686857e-08
        ],
        "count": 33
    }
}