{
    "myoglobin": {
        "pearson": [
            -0.7633158703626237,
            4.8959281600966074e-91
        ],
        "spearman": [
            -0.8225958551571364,
            4.617342839077089e-117
        ],
        "precision": 0.8527918781725888,
        "recall": 0.7924528301886793,
        "auroc": 0.9229438333211919,
        "accuracy": 0.8450106157112527,
        "count": 471,
        "num_stabilizing": 212,
        "num_destabilizing": 259
    },
    "p53": {
        "pearson": [
            -0.8434631857384609,
            3.3989882282676007e-16
        ],
        "spearman": [
            -0.7504058815739902,
            2.7712878196380055e-11
        ],
        "precision": 0.7142857142857143,
        "recall": 0.5263157894736842,
        "auroc": 0.8364153627311521,
        "accuracy": 0.7678571428571429,
        "count": 56,
        "num_stabilizing": 19,
        "num_destabilizing": 37
    },
    "s669": {
        "pearson": [
            -0.6680149230187037,
            3.4719052620714536e-151
        ],
        "spearman": [
            -0.6488162980612583,
            6.426757325268353e-140
        ],
        "precision": 0.6479591836734694,
        "recall": 0.5906976744186047,
        "auroc": 0.8101462609854374,
        "accuracy": 0.7300085984522786,
        "count": 1163,
        "num_stabilizing": 430,
        "num_destabilizing": 733
    },
    "ssym": {
        "pearson": [
            -0.7263370252622618,
            1.4892032853687652e-303
        ],
        "spearman": [
            -0.7281563779603594,
            8.229736318367983e-306
        ],
        "precision": 0.7369093231162197,
        "recall": 0.729456384323641,
        "auroc": 0.8567270101554838,
        "accuracy": 0.7732181425485961,
        "count": 1852,
        "num_stabilizing": 791,
        "num_destabilizing": 1061
    },
    "t2226": {
        "pearson": [
            -0.7229745494306459,
            0.0
        ],
        "spearman": [
            -0.7274473917911863,
            0.0
        ],
        "precision": 0.7459938629389703,
        "recall": 0.7384407694903814,
        "auroc": 0.8543785022160362,
        "accuracy": 0.7776152158010241,
        "count": 6835,
        "num_stabilizing": 2963,
        "num_destabilizing": 3872
    },
    "overall": {
        "pearson": [
            -0.7194976945957368,
            0.0
        ],
        "spearman": [
            -0.7256276413386025,
            0.0
        ],
        "precision": 0.7402176429729104,
        "recall": 0.7241223103057758,
        "auroc": 0.8546193464611471,
        "accuracy": 0.7745013009540329,
        "count": 10377,
        "num_stabilizing": 4415,
        "num_destabilizing": 5962
    }
}