{
    "function_score": {
        "pearson": [
            0.38663016146977713,
            1.1804185589405222e-27
        ],
        "spearman": [
            0.35525004459093035,
            2.5832217184646955e-23
        ],
        "count": 736
    }
}