{
    "1AMQ": {
        "pearson": [
            -0.07029807620535951,
            0.9297019237946405
        ],
        "spearman": [
            -0.39999999999999997,
            0.6
        ],
        "count": 4
    },
    "1BNI": {
        "pearson": [
            -0.2618673026245771,
            0.38744013741383565
        ],
        "spearman": [
            -0.27272830760203476,
            0.3673136588810667
        ],
        "count": 13
    },
    "1CEY": {
        "pearson": [
            -0.8764114080471713,
            0.31986157841866586
        ],
        "spearman": [
            -0.5,
            0.6666666666666667
        ],
        "count": 3
    },
    "1EY0": {
        "pearson": [
            -0.7273320163939003,
            1.1608074424868854e-05
        ],
        "spearman": [
            -0.5756539758050196,
            0.001349646147451535
        ],
        "count": 28
    },
    "1IHB": {
        "pearson": [
            0.5211268507949003,
            0.6510236798387022
        ],
        "spearman": [
            0.5,
            0.6666666666666667
        ],
        "count": 3
    },
    "1L63": {
        "pearson": [
            -0.46080503745839724,
            1.5140330401229605e-07
        ],
        "spearman": [
            -0.4786911191123987,
            4.1832565537879565e-08
        ],
        "count": 118
    },
    "1LZ1": {
        "pearson": [
            -0.487032729764887,
            5.9645489479564495e-05
        ],
        "spearman": [
            -0.41695849199177737,
            0.0007482166837762292
        ],
        "count": 62
    },
    "1OH0": {
        "pearson": [
            1.0,
            1.0
        ],
        "spearman": [
            0.9999999999999999,
            NaN
        ],
        "count": 2
    },
    "1VQB": {
        "pearson": [
            -0.3825015283939696,
            0.525134906955762
        ],
        "spearman": [
            -0.49999999999999994,
            0.39100221895577053
        ],
        "count": 5
    },
    "2LZM": {
        "pearson": [
            -0.04400628697032249,
            0.7277841237009488
        ],
        "spearman": [
            -0.11366595776407304,
            0.367296168293197
        ],
        "count": 65
    },
    "2RN2": {
        "pearson": [
            0.06136144991980973,
            0.8150250169009176
        ],
        "spearman": [
            -0.08610144720528705,
            0.7424765520214014
        ],
        "count": 17
    },
    "3ZCF": {
        "pearson": [
            -1.0,
            1.0
        ],
        "spearman": [
            -0.9999999999999999,
            NaN
        ],
        "count": 2
    },
    "4BVM": {
        "pearson": [
            -0.24746475144488714,
            0.8408051133388307
        ],
        "spearman": [
            0.5,
            0.6666666666666667
        ],
        "count": 3
    },
    "4LYZ": {
        "pearson": [
            -0.17735384497574325,
            0.5441375551832361
        ],
        "spearman": [
            -0.39558614799863817,
            0.16149917402233424
        ],
        "count": 14
    },
    "5PTI": {
        "pearson": [
            0.5354520698684023,
            0.3523875019997666
        ],
        "spearman": [
            0.49999999999999994,
            0.39100221895577053
        ],
        "count": 5
    },
    "overall": {
        "pearson": [
            -0.4108324246599877,
            1.4581509493786183e-15
        ],
        "spearman": [
            -0.3804550258507342,
            2.146404830399959e-13
        ],
        "count": 347
    }
}