{
    "surface": {
        "pearson": [
            -0.34573885940731136,
            3.911970022802564e-35
        ],
        "spearman": [
            -0.34670814259246036,
            2.466901256846642e-35
        ],
        "precision": 0.44,
        "recall": 0.4755043227665706,
        "auroc": 0.6909869224121408,
        "accuracy": 0.6744186046511628,
        "count": 1204,
        "num_structures": 93,
        "num_stabilizing": 347,
        "num_destabilizing": 857
    },
    "in-between": {
        "pearson": [
            -0.22087458678133262,
            1.1320021245660454e-07
        ],
        "spearman": [
            -0.23990699419158926,
            7.721196344764389e-09
        ],
        "precision": 0.29927007299270075,
        "recall": 0.41414141414141414,
        "auroc": 0.6440586118697706,
        "accuracy": 0.727433628318584,
        "count": 565,
        "num_structures": 77,
        "num_stabilizing": 99,
        "num_destabilizing": 466
    },
    "core": {
        "pearson": [
            -0.42502410000005053,
            1.0696140382403344e-46
        ],
        "spearman": [
            -0.41835040688076935,
            3.7422091957274877e-45
        ],
        "precision": 0.2857142857142857,
        "recall": 0.3235294117647059,
        "auroc": 0.7422222222222221,
        "accuracy": 0.805019305019305,
        "count": 1036,
        "num_structures": 87,
        "num_stabilizing": 136,
        "num_destabilizing": 900
    },
    "alpha-helix": {
        "pearson": [
            -0.47223639857813166,
            2.1855005058258303e-58
        ],
        "spearman": [
            -0.43281754002916084,
            2.5591893320344344e-48
        ],
        "precision": 0.37410071942446044,
        "recall": 0.41935483870967744,
        "auroc": 0.6993109627981708,
        "accuracy": 0.6915615906886518,
        "count": 1031,
        "num_structures": 77,
        "num_stabilizing": 248,
        "num_destabilizing": 783
    },
    "beta-sheet": {
        "pearson": [
            -0.38991371623758936,
            2.887463760992471e-30
        ],
        "spearman": [
            -0.38886905935541377,
            4.2344261864605734e-30
        ],
        "precision": 0.22794117647058823,
        "recall": 0.3069306930693069,
        "auroc": 0.7042970867691957,
        "accuracy": 0.779874213836478,
        "count": 795,
        "num_structures": 71,
        "num_stabilizing": 101,
        "num_destabilizing": 694
    },
    "loop": {
        "pearson": [
            -0.3804369031065509,
            4.5278608264440244e-35
        ],
        "spearman": [
            -0.39260740667978145,
            1.9755541114127056e-37
        ],
        "precision": 0.45634920634920634,
        "recall": 0.49356223175965663,
        "auroc": 0.7348721076068071,
        "accuracy": 0.7395301327885597,
        "count": 979,
        "num_structures": 90,
        "num_stabilizing": 233,
        "num_destabilizing": 746
    },
    "overall": {
        "pearson": [
            -0.4317688166571548,
            9.223804031680953e-128
        ],
        "spearman": [
            -0.4193929292236717,
            6.421918086700869e-120
        ],
        "precision": 0.37537537537537535,
        "recall": 0.42955326460481097,
        "auroc": 0.7180723860051044,
        "accuracy": 0.7333333333333333,
        "count": 2805,
        "num_structures": 128,
        "num_stabilizing": 582,
        "num_destabilizing": 2223
    }
}