{
    "myoglobin": {
        "pearson": [
            -0.6054829279514833,
            1.20936794632102e-12
        ],
        "spearman": [
            -0.579516792450429,
            1.7542090753178052e-11
        ],
        "precision": 0.5238095238095238,
        "recall": 0.34375,
        "auroc": 0.7735339506172839,
        "accuracy": 0.7256637168141593,
        "1/rmse": 0.4432472393811462,
        "count": 113,
        "num_structures": 1,
        "num_stabilizing": 32,
        "num_destabilizing": 81,
        "precision_at_05_with_00": 0.23809523809523808,
        "recall_at_05_with_00": 0.38461538461538464,
        "precision_at_05_with_025": 0.2777777777777778,
        "recall_at_05_with_025": 0.38461538461538464,
        "precision_at_05_with_05": 0.29411764705882354,
        "recall_at_05_with_05": 0.38461538461538464,
        "precision_at_05_with_075": 0.35714285714285715,
        "recall_at_05_with_075": 0.38461538461538464,
        "precision_at_05_with_10": 0.45454545454545453,
        "recall_at_05_with_10": 0.38461538461538464,
        "precision_at_05_with_15": 0.5,
        "recall_at_05_with_15": 0.3076923076923077
    },
    "p53": {
        "pearson": [
            -0.7871677456222996,
            6.310192754772751e-10
        ],
        "spearman": [
            -0.7680713153258676,
            2.9037150888562005e-09
        ],
        "precision": 0.5333333333333333,
        "recall": 0.7272727272727273,
        "auroc": 0.8885630498533725,
        "accuracy": 0.7619047619047619,
        "1/rmse": 0.6252826172828337,
        "count": 42,
        "num_structures": 1,
        "num_stabilizing": 11,
        "num_destabilizing": 31,
        "precision_at_05_with_00": 0.06666666666666667,
        "recall_at_05_with_00": 0.5,
        "precision_at_05_with_025": 0.08333333333333333,
        "recall_at_05_with_025": 0.5,
        "precision_at_05_with_05": 0.125,
        "recall_at_05_with_05": 0.5,
        "precision_at_05_with_075": 0.125,
        "recall_at_05_with_075": 0.5,
        "precision_at_05_with_10": 0.14285714285714285,
        "recall_at_05_with_10": 0.5,
        "precision_at_05_with_15": 0.0,
        "recall_at_05_with_15": 0.0
    },
    "s669": {
        "pearson": [
            -0.2885740896184911,
            2.6801083466061103e-13
        ],
        "spearman": [
            -0.26864608830042536,
            1.1640093367908126e-11
        ],
        "precision": 0.34673366834170855,
        "recall": 0.42073170731707316,
        "auroc": 0.6096753351639477,
        "accuracy": 0.6353322528363047,
        "1/rmse": 0.4309221749748393,
        "count": 617,
        "num_structures": 90,
        "num_stabilizing": 164,
        "num_destabilizing": 453,
        "precision_at_05_with_00": 0.20100502512562815,
        "recall_at_05_with_00": 0.46511627906976744,
        "precision_at_05_with_025": 0.19879518072289157,
        "recall_at_05_with_025": 0.38372093023255816,
        "precision_at_05_with_05": 0.2028985507246377,
        "recall_at_05_with_05": 0.32558139534883723,
        "precision_at_05_with_075": 0.22330097087378642,
        "recall_at_05_with_075": 0.26744186046511625,
        "precision_at_05_with_10": 0.2289156626506024,
        "recall_at_05_with_10": 0.22093023255813954,
        "precision_at_05_with_15": 0.21428571428571427,
        "recall_at_05_with_15": 0.10465116279069768
    },
    "ssym": {
        "pearson": [
            -0.5599423450834198,
            2.2753740650451686e-29
        ],
        "spearman": [
            -0.5727638926119656,
            6.061719745780751e-31
        ],
        "precision": 0.5555555555555556,
        "recall": 0.46511627906976744,
        "auroc": 0.7990164537181726,
        "accuracy": 0.7699115044247787,
        "1/rmse": 0.4872721177779941,
        "count": 339,
        "num_structures": 15,
        "num_stabilizing": 86,
        "num_destabilizing": 253,
        "precision_at_05_with_00": 0.3333333333333333,
        "recall_at_05_with_00": 0.4897959183673469,
        "precision_at_05_with_025": 0.36363636363636365,
        "recall_at_05_with_025": 0.40816326530612246,
        "precision_at_05_with_05": 0.41304347826086957,
        "recall_at_05_with_05": 0.3877551020408163,
        "precision_at_05_with_075": 0.46875,
        "recall_at_05_with_075": 0.30612244897959184,
        "precision_at_05_with_10": 0.5833333333333334,
        "recall_at_05_with_10": 0.2857142857142857,
        "precision_at_05_with_15": 0.6666666666666666,
        "recall_at_05_with_15": 0.16326530612244897
    },
    "t2226": {
        "pearson": [
            -0.43267444982120007,
            3.114360818996068e-78
        ],
        "spearman": [
            -0.4199424852967083,
            2.4036370279373436e-73
        ],
        "precision": 0.3398328690807799,
        "recall": 0.42214532871972316,
        "auroc": 0.7329852602544052,
        "accuracy": 0.7615112160566706,
        "1/rmse": 0.430534507630308,
        "count": 1694,
        "num_structures": 37,
        "num_stabilizing": 289,
        "num_destabilizing": 1405,
        "precision_at_05_with_00": 0.1671309192200557,
        "recall_at_05_with_00": 0.425531914893617,
        "precision_at_05_with_025": 0.17110266159695817,
        "recall_at_05_with_025": 0.3191489361702128,
        "precision_at_05_with_05": 0.18652849740932642,
        "recall_at_05_with_05": 0.2553191489361702,
        "precision_at_05_with_075": 0.19708029197080293,
        "recall_at_05_with_075": 0.19148936170212766,
        "precision_at_05_with_10": 0.21212121212121213,
        "recall_at_05_with_10": 0.14893617021276595,
        "precision_at_05_with_15": 0.2553191489361702,
        "recall_at_05_with_15": 0.0851063829787234
    },
    "overall": {
        "pearson": [
            -0.4317688166571548,
            9.223804031680953e-128
        ],
        "spearman": [
            -0.4193929292236717,
            6.421918086700869e-120
        ],
        "precision": 0.37537537537537535,
        "recall": 0.42955326460481097,
        "f1_score": 0.4006410256410256,
        "precision_at_05": 0.19519519519519518,
        "recall_at_05": 0.44673539518900346,
        "auroc": 0.7180723860051044,
        "accuracy": 0.7333333333333333,
        "1/rmse": 0.4387397526374235,
        "count": 2805,
        "num_structures": 128,
        "num_stabilizing": 582,
        "num_destabilizing": 2223,
        "precision_at_05_with_00": 0.19519519519519518,
        "recall_at_05_with_00": 0.44673539518900346,
        "precision_at_05_with_025": 0.20233463035019456,
        "recall_at_05_with_025": 0.35738831615120276,
        "precision_at_05_with_05": 0.22139303482587064,
        "recall_at_05_with_05": 0.30584192439862545,
        "precision_at_05_with_075": 0.24149659863945577,
        "recall_at_05_with_075": 0.24398625429553264,
        "precision_at_05_with_10": 0.26785714285714285,
        "recall_at_05_with_10": 0.20618556701030927,
        "precision_at_05_with_15": 0.29464285714285715,
        "recall_at_05_with_15": 0.1134020618556701
    },
    "per-structure": {
        "pearson": [
            -0.37873682086631316,
            0.2654102382854664,
            6.798085266234223e-140
        ],
        "spearman": [
            -0.3821676898422113,
            0.24809494199482585,
            3.790706540082743e-121
        ],
        "auroc": 0.7129682501601875,
        "count": 2551,
        "num_structures": 42
    }
}