{
    "attenuated": {
        "pearson": [
            0.04636801261832815,
            0.009427726169363142
        ],
        "spearman": [
            0.03323391119354295,
            0.06284632987161723
        ],
        "count": 3134
    },
    "regulated": {
        "pearson": [
            0.2887717096021727,
            2.9762324487670867e-61
        ],
        "spearman": [
            0.29346153761986365,
            2.7395078810003034e-63
        ],
        "count": 3134
    },
    "unregulated": {
        "pearson": [
            0.2541135592674894,
            2.2283195040195666e-47
        ],
        "spearman": [
            0.2717600543120142,
            3.455115013198016e-54
        ],
        "count": 3134
    }
}