{
    "attenuated": {
        "pearson": [
            -0.0297643788787682,
            0.09983839709044792
        ],
        "spearman": [
            -0.011837249179191937,
            0.5128892077219998
        ],
        "count": 3058
    },
    "regulated": {
        "pearson": [
            0.3004682858250378,
            7.767333507288585e-65
        ],
        "spearman": [
            0.3062552988390073,
            2.0695495860933852e-67
        ],
        "count": 3058
    },
    "unregulated": {
        "pearson": [
            0.29921008441906155,
            2.7684795003394762e-64
        ],
        "spearman": [
            0.3175063799086885,
            1.384009688918478e-72
        ],
        "count": 3058
    }
}