{
    "attenuated": {
        "pearson": [
            0.05164291328938669,
            0.0038297200658131136
        ],
        "spearman": [
            0.059607718229296475,
            0.0008420014985134014
        ],
        "count": 3134
    },
    "regulated": {
        "pearson": [
            0.2503422033343357,
            5.447655510751962e-46
        ],
        "spearman": [
            0.28535412551879114,
            8.572241492604525e-60
        ],
        "count": 3134
    },
    "unregulated": {
        "pearson": [
            0.2548000533848018,
            1.2381168652068486e-47
        ],
        "spearman": [
            0.29447101323945934,
            9.87111369019167e-64
        ],
        "count": 3134
    }
}