{
    "1A7V": {
        "pearson": [
            -0.6048243311204522,
            0.02852957304236169
        ],
        "spearman": [
            -0.6831981847000467,
            0.01005022208811494
        ],
        "count": 13
    },
    "1BA3": {
        "pearson": [
            -0.8940860499313187,
            0.1059139500686812
        ],
        "spearman": [
            -0.19999999999999998,
            0.8
        ],
        "count": 4
    },
    "1BFM": {
        "pearson": [
            1.0,
            1.0
        ],
        "spearman": [
            0.9999999999999999,
            NaN
        ],
        "count": 2
    },
    "1D5G": {
        "pearson": [
            1.0,
            1.0
        ],
        "spearman": [
            0.9999999999999999,
            NaN
        ],
        "count": 2
    },
    "1DIV": {
        "pearson": [
            -0.8377585319911031,
            3.3046721633708353e-14
        ],
        "spearman": [
            -0.8467356614279692,
            9.380880701253062e-15
        ],
        "count": 50
    },
    "1EKG": {
        "pearson": [
            -0.29863530313752984,
            0.7013646968624703
        ],
        "spearman": [
            0.19999999999999998,
            0.8
        ],
        "count": 4
    },
    "1FT8": {
        "pearson": [
            -0.8422673364887474,
            0.0003027442916884773
        ],
        "spearman": [
            -0.8681318681318682,
            0.00011910255980042727
        ],
        "count": 13
    },
    "1FXA": {
        "pearson": [
            -0.6464078057579865,
            0.03162746205608313
        ],
        "spearman": [
            -0.8090909090909091,
            0.002558580199713915
        ],
        "count": 11
    },
    "1G3P": {
        "pearson": [
            -0.5712263565146625,
            0.0018575292255231832
        ],
        "spearman": [
            -0.27733664307197164,
            0.1613505463241991
        ],
        "count": 27
    },
    "1GUA": {
        "pearson": [
            -0.8715631658194881,
            3.728468920444372e-16
        ],
        "spearman": [
            -0.8735714285714286,
            2.6344259188267544e-16
        ],
        "count": 49
    },
    "1H0X": {
        "pearson": [
            1.0,
            1.0
        ],
        "spearman": [
            0.9999999999999999,
            NaN
        ],
        "count": 2
    },
    "1HCQ": {
        "pearson": [
            1.0,
            1.0
        ],
        "spearman": [
            0.9999999999999999,
            NaN
        ],
        "count": 2
    },
    "1ITM": {
        "pearson": [
            0.3159473628484402,
            0.7953553923089342
        ],
        "spearman": [
            0.5,
            0.6666666666666667
        ],
        "count": 3
    },
    "1IV7": {
        "pearson": [
            -0.9608961047871121,
            0.1786202137364724
        ],
        "spearman": [
            -0.5,
            0.6666666666666667
        ],
        "count": 3
    },
    "1J8I": {
        "pearson": [
            -0.5487117934399774,
            0.2595366541123661
        ],
        "spearman": [
            -0.5590653920196746,
            0.24877100570170096
        ],
        "count": 6
    },
    "1JLV": {
        "pearson": [
            0.7493660816603551,
            0.4607167141104918
        ],
        "spearman": [
            0.5,
            0.6666666666666667
        ],
        "count": 3
    },
    "1L6H": {
        "pearson": [
            -0.9235433553195713,
            0.25055866178298486
        ],
        "spearman": [
            -1.0,
            0.0
        ],
        "count": 3
    },
    "1LVM": {
        "pearson": [
            -0.5681548220866608,
            0.3176653191950903
        ],
        "spearman": [
            -0.15389675281277312,
            0.8048288166080632
        ],
        "count": 5
    },
    "1N18": {
        "pearson": [
            -0.5838313533917023,
            0.41616864660829767
        ],
        "spearman": [
            -0.7999999999999999,
            0.20000000000000007
        ],
        "count": 4
    },
    "1N88": {
        "pearson": [
            -0.4403776542598132,
            0.07687286851944658
        ],
        "spearman": [
            -0.43093995730072454,
            0.08417608266097402
        ],
        "count": 17
    },
    "1NM1": {
        "pearson": [
            -1.0,
            1.0
        ],
        "spearman": [
            -0.9999999999999999,
            NaN
        ],
        "count": 2
    },
    "1O1U": {
        "pearson": [
            -0.7007251840959979,
            0.12094578654381766
        ],
        "spearman": [
            -0.3946648814672956,
            0.43873925151701676
        ],
        "count": 6
    },
    "1O6X": {
        "pearson": [
            -0.3429894404811506,
            0.13874766629113802
        ],
        "spearman": [
            -0.2791573401244166,
            0.2332919614654333
        ],
        "count": 20
    },
    "1OSI": {
        "pearson": [
            -0.7868940353135015,
            0.21310596468649834
        ],
        "spearman": [
            -0.39999999999999997,
            0.6
        ],
        "count": 4
    },
    "1PFL": {
        "pearson": [
            -0.6106461517117076,
            0.27396751880956405
        ],
        "spearman": [
            -0.49999999999999994,
            0.39100221895577053
        ],
        "count": 5
    },
    "1PRG": {
        "pearson": [
            -0.5001317934751717,
            0.2530246911519006
        ],
        "spearman": [
            -0.6071428571428572,
            0.1482311614811614
        ],
        "count": 7
    },
    "1R6R": {
        "pearson": [
            -0.8430546016322027,
            0.1569453983677973
        ],
        "spearman": [
            -1.0,
            0.0
        ],
        "count": 4
    },
    "1SPD": {
        "pearson": [
            -1.0,
            1.0
        ],
        "spearman": [
            -0.9999999999999999,
            NaN
        ],
        "count": 2
    },
    "1X0J": {
        "pearson": [
            -0.13781055080475174,
            0.7682608015448025
        ],
        "spearman": [
            -0.21428571428571433,
            0.6445115810207203
        ],
        "count": 7
    },
    "1XWS": {
        "pearson": [
            0.30089556152591684,
            0.6991044384740832
        ],
        "spearman": [
            0.19999999999999998,
            0.8
        ],
        "count": 4
    },
    "1XXN": {
        "pearson": [
            -0.7822952289452887,
            0.11787426156811566
        ],
        "spearman": [
            -0.8207826816681234,
            0.08858700531354378
        ],
        "count": 5
    },
    "1XZO": {
        "pearson": [
            -0.454321554148702,
            0.545678445851298
        ],
        "spearman": [
            -0.19999999999999998,
            0.8
        ],
        "count": 4
    },
    "2BJD": {
        "pearson": [
            -0.9805392437641361,
            0.1258003391160325
        ],
        "spearman": [
            -0.5,
            0.6666666666666667
        ],
        "count": 3
    },
    "2C9Q": {
        "pearson": [
            -1.0,
            1.0
        ],
        "spearman": [
            -0.9999999999999999,
            NaN
        ],
        "count": 2
    },
    "2CLR": {
        "pearson": [
            -0.8214841898306727,
            0.17851581016932716
        ],
        "spearman": [
            -0.7999999999999999,
            0.20000000000000007
        ],
        "count": 4
    },
    "2DVV": {
        "pearson": [
            -1.0,
            1.0
        ],
        "spearman": [
            -0.9999999999999999,
            NaN
        ],
        "count": 2
    },
    "2HBB": {
        "pearson": [
            -0.8135788949713656,
            6.329060463281194e-12
        ],