{
    "function_score": {
        "pearson": [
            0.4760739878673634,
            4.02426092285549e-83
        ],
        "spearman": [
            0.3939119799442047,
            3.627889771494214e-55
        ],
        "count": 1454
    }
}