{
    "function_score": {
        "pearson": [
            0.5094186269317829,
            4.590692531083654e-99
        ],
        "spearman": [
            0.4173834118301711,
            8.482071451262434e-64
        ],
        "count": 1488
    }
}