{
    "SelectionOne": {
        "pearson": [
            0.3158598933533941,
            3.827739259819408e-183
        ],
        "spearman": [
            0.3291179423775963,
            1.382143194185024e-199
        ],
        "count": 7927
    }
}