{
    "SelectionOne": {
        "pearson": [
            0.3158084107349921,
            2.800984378457705e-186
        ],
        "spearman": [
            0.33838872927881813,
            2.773152175307348e-215
        ],
        "count": 8067
    }
}