{
    "fitness": {
        "pearson": [
            0.38875885322065434,
            5.556559972092732e-56
        ],
        "spearman": [
            0.41209225171887404,
            2.438648865623145e-63
        ],
        "count": 1519
    }
}