{
    "fitness": {
        "pearson": [
            0.3740727800349766,
            1.2033616143765733e-51
        ],
        "spearman": [
            0.4154196474875622,
            1.946725033821398e-64
        ],
        "count": 1519
    }
}