{
    "react_rel": {
        "pearson": [
            0.45090404778964427,
            8.721028947580539e-73
        ],
        "spearman": [
            0.395332072718593,
            6.974724546933334e-55
        ],
        "count": 1435
    }
}