{
    "react_rel": {
        "pearson": [
            0.5128015898810538,
            4.6556595245604333e-97
        ],
        "spearman": [
            0.46325450907378857,
            3.073056338583785e-77
        ],
        "count": 1435
    }
}