{
    "react_rel": {
        "pearson": [
            0.45269012033560274,
            2.031733749273823e-73
        ],
        "spearman": [
            0.4000401028968056,
            2.8463374611734895e-56
        ],
        "count": 1435
    }
}