{
    "react_rel": {
        "pearson": [
            0.4465360511188678,
            2.965542608975452e-71
        ],
        "spearman": [
            0.4048999088685944,
            9.920384085962858e-58
        ],
        "count": 1435
    }
}