{
    "react_rel": {
        "pearson": [
            0.4988934990908581,
            3.6682359401637835e-91
        ],
        "spearman": [
            0.455882097259221,
            1.4713450146259773e-74
        ],
        "count": 1435
    }
}