{
    "react_rel": {
        "pearson": [
            0.4398108188490529,
            6.121947567438532e-69
        ],
        "spearman": [
            0.39698966320824286,
            2.274939839972192e-55
        ],
        "count": 1435
    }
}