{
    "myoglobin": {
        "pearson": [
            -0.6671283733660068,
            5.840036549473471e-62
        ],
        "spearman": [
            -0.6112706687019792,
            1.3541427031437028e-49
        ],
        "precision": 0.6622807017543859,
        "recall": 0.7122641509433962,
        "auroc": 0.8004480221461354,
        "accuracy": 0.7070063694267515,
        "count": 471,
        "num_stabilizing": 212,
        "num_destabilizing": 259
    },
    "p53": {
        "pearson": [
            -0.4472458400157478,
            0.0005486180265033257
        ],
        "spearman": [
            -0.40071776613862264,
            0.002210222673338888
        ],
        "precision": 0.4166666666666667,
        "recall": 0.5263157894736842,
        "auroc": 0.6756756756756757,
        "accuracy": 0.5892857142857143,
        "count": 56,
        "num_stabilizing": 19,
        "num_destabilizing": 37
    },
    "s669": {
        "pearson": [
            -0.22790388089342895,
            5.434538355107389e-16
        ],
        "spearman": [
            -0.2928218603692311,
            8.384873689829416e-26
        ],
        "precision": 0.5077452667814114,
        "recall": 0.6223628691983122,
        "auroc": 0.6464479689576003,
        "accuracy": 0.6228710462287105,
        "count": 1233,
        "num_stabilizing": 474,
        "num_destabilizing": 759
    },
    "ssym": {
        "pearson": [
            -0.4199011313429783,
            5.274413981821851e-80
        ],
        "spearman": [
            -0.4030849845353227,
            2.7129578306413487e-73
        ],
        "precision": 0.5781609195402299,
        "recall": 0.6359039190897599,
        "auroc": 0.6932449291094083,
        "accuracy": 0.646328293736501,
        "count": 1852,
        "num_stabilizing": 791,
        "num_destabilizing": 1061
    },
    "t2226": {
        "pearson": [
            -0.4258953366229045,
            1.3393378030662697e-301
        ],
        "spearman": [
            -0.36581289122573585,
            4.334820667570797e-217
        ],
        "precision": 0.5466152019002375,
        "recall": 0.6194481830417228,
        "auroc": 0.6617786441010092,
        "accuracy": 0.6140554668215479,
        "count": 6887,
        "num_stabilizing": 2972,
        "num_destabilizing": 3915
    },
    "overall": {
        "pearson": [
            -0.41919166408624764,
            0.0
        ],
        "spearman": [
            -0.3753041706834954,
            0.0
        ],
        "precision": 0.5521593374087951,
        "recall": 0.6266786034019696,
        "auroc": 0.6723512746067134,
        "accuracy": 0.624821411563006,
        "count": 10499,
        "num_stabilizing": 4468,
        "num_destabilizing": 6031
    }
}