{
    "Ami11_avg": {
        "pearson": [
            0.10333035757002894,
            1.6557415955957674e-13
        ],
        "spearman": [
            0.102647569398096,
            2.388607453494976e-13
        ],
        "count": 5068
    },
    "Ami12_avg": {
        "pearson": [
            0.2685620362678812,
            8.128392847340282e-82
        ],
        "spearman": [
            0.3403195619664849,
            2.7859504887830438e-133
        ],
        "count": 4906
    },
    "Ami14_avg": {
        "pearson": [
            0.28869471945913117,
            3.868030955655999e-94
        ],
        "spearman": [
            0.3419269350963604,
            1.1691275802223483e-133
        ],
        "count": 4871
    },
    "Ami18_avg": {
        "pearson": [
            0.03230382492159079,
            0.021309193131086885
        ],
        "spearman": [
            0.03912706168980514,
            0.005285008488157386
        ],
        "count": 5080
    },
    "G41811_avg": {
        "pearson": [
            0.22526977545997423,
            1.7518740754731665e-57
        ],
        "spearman": [
            0.26087465681943317,
            3.830978212357452e-77
        ],
        "count": 4906
    },
    "G41812_avg": {
        "pearson": [
            0.38658643727277964,
            1.1230842471083396e-171
        ],
        "spearman": [
            0.46652875538536426,
            3.0834947869505565e-259
        ],
        "count": 4822
    },
    "G41814_avg": {
        "pearson": [
            0.435270246999938,
            1.5971709284296112e-232
        ],
        "spearman": [
            0.4419849082501008,
            1.5960520915442677e-240
        ],
        "count": 5049
    },
    "Kan11_avg": {
        "pearson": [
            0.24431444192379256,
            2.8200262541578006e-67
        ],
        "spearman": [
            0.282632955577563,
            2.4231316563794478e-90
        ],
        "count": 4882
    },
    "Kan12_avg": {
        "pearson": [
            0.3702623569475733,
            1.1189189265703874e-153
        ],
        "spearman": [
            0.45582519397043525,
            1.5137688187862997e-241
        ],
        "count": 4732
    },
    "Kan14_avg": {
        "pearson": [
            0.4191772806660636,
            1.6782566558336563e-205
        ],
        "spearman": [
            0.475904591164247,
            2.033968095657843e-272
        ],
        "count": 4845
    },
    "Kan18_avg": {
        "pearson": [
            0.4496929468710135,
            4.964904673213387e-250
        ],
        "spearman": [
            0.46886715134136026,
            1.5911528052715245e-274
        ],
        "count": 5051
    },
    "Neo11_avg": {
        "pearson": [
            0.21482690862960957,
            7.799190679693184e-53
        ],
        "spearman": [
            0.23228617389350165,
            1.0430059007601922e-61
        ],
        "count": 4956
    },
    "Neo12_avg": {
        "pearson": [
            0.39287791031644514,
            6.144441584121368e-179
        ],
        "spearman": [
            0.4718445689403577,
            9.6207541229637e-268
        ],
        "count": 4855
    },
    "Neo14_avg": {
        "pearson": [
            0.4598937377281726,
            5.900404605211459e-261
        ],
        "spearman": [
            0.48189843371206176,
            5.800054637983991e-290
        ],
        "count": 5014
    },
    "Neo18_avg": {
        "pearson": [
            0.4273802729169691,
            1.4339516360244798e-223
        ],
        "spearman": [
            0.4102632932371686,
            1.784530507470507e-204
        ],
        "count": 5054
    },
    "Paro11_avg": {
        "pearson": [
            0.12645080791315666,
            1.691345485276415e-19
        ],
        "spearman": [
            0.12916241953062824,
            2.7851406085331783e-20
        ],
        "count": 5063
    },
    "Paro12_avg": {
        "pearson": [
            0.26624492359656066,
            6.535634099083077e-80
        ],
        "spearman": [
            0.32854599180364324,
            4.4468836994949655e-123
        ],
        "count": 4876
    },
    "Paro14_avg": {
        "pearson": [
            0.37708015991045996,
            3.335158819253229e-163
        ],
        "spearman": [
            0.4518564287996577,
            5.384542833202474e-242
        ],
        "count": 4835
    },
    "Paro18_avg": {
        "pearson": [
            0.43660996117941236,
            2.2717568402693073e-229
        ],
        "spearman": [
            0.489352698191696,
            3.0913829708424315e-296
        ],
        "count": 4946
    },
    "Ribo11_avg": {
        "pearson": [
            0.261475062230779,
            2.9556354799542136e-77
        ],
        "spearman": [
            0.3209999023678874,
            1.3377236904729212e-117
        ],
        "count": 4890
    },
    "Ribo12_avg": {
        "pearson": [
            0.40711933091609426,
            5.88509917035856e-194
        ],
        "spearman": [
            0.4835594104391403,
            4.4428549585399495e-284
        ],
        "count": 4873
    },
    "Ribo14_avg": {
        "pearson": [
            0.4679247841746125,
            9.998464617058304e-272
        ],
        "spearman": [
            0.5015173695465198,
            0.0
        ],
        "count": 5022
    },
    "Ribo18_avg": {
        "pearson": [
            0.474190143789152,
            1.3056627250638053e-280
        ],
        "spearman": [
            0.4725254494130926,
            2.1690211611717977e-278
        ],
        "count": 5033
    }
}