{
    "Ami11_avg": {
        "pearson": [
            0.10802345846539169,
            4.349818319246592e-15
        ],
        "spearman": [
            0.1032425069075905,
            6.613626744471599e-14
        ],
        "count": 5245
    },
    "Ami12_avg": {
        "pearson": [
            0.2706930594276213,
            1.8509949464900715e-85
        ],
        "spearman": [
            0.3467772391341638,
            1.507999275815337e-142
        ],
        "count": 5046
    },
    "Ami14_avg": {
        "pearson": [
            0.2888445484800858,
            1.2540945865762381e-96
        ],
        "spearman": [
            0.3418034750789982,
            5.8123483032473485e-137
        ],
        "count": 4997
    },
    "Ami18_avg": {
        "pearson": [
            0.03078071284845178,
            0.02561686007831851
        ],
        "spearman": [
            0.034219915644735824,
            0.013083305881424298
        ],
        "count": 5258
    },
    "G41811_avg": {
        "pearson": [
            0.2307948901810943,
            4.579741260122225e-62
        ],
        "spearman": [
            0.26945638504382774,
            9.122748159631042e-85
        ],
        "count": 5052
    },
    "G41812_avg": {
        "pearson": [
            0.38825578680282197,
            3.879343127532052e-178
        ],
        "spearman": [
            0.4675503002620751,
            7.351636814970316e-268
        ],
        "count": 4959
    },
    "G41814_avg": {
        "pearson": [
            0.43022615427708844,
            1.8425402546777493e-234
        ],
        "spearman": [
            0.43985461715825613,
            3.4346112930156423e-246
        ],
        "count": 5225
    },
    "Kan11_avg": {
        "pearson": [
            0.2534271439897847,
            3.0818198809028883e-74
        ],
        "spearman": [
            0.29824827379707936,
            2.0344339424606652e-103
        ],
        "count": 5008
    },
    "Kan12_avg": {
        "pearson": [
            0.372051135187177,
            6.861476533531981e-159
        ],
        "spearman": [
            0.4608194332891609,
            2.5842414930878126e-253
        ],
        "count": 4844
    },
    "Kan14_avg": {
        "pearson": [
            0.4189977622844917,
            1.0925014964867508e-211
        ],
        "spearman": [
            0.47465118774355286,
            3.131729083615459e-279
        ],
        "count": 4997
    },
    "Kan18_avg": {
        "pearson": [
            0.44743634042722324,
            1.1950760922802478e-255
        ],
        "spearman": [
            0.4665965382355256,
            8.987826107288369e-281
        ],
        "count": 5224
    },
    "Neo11_avg": {
        "pearson": [
            0.21916813148791733,
            2.7315103573753315e-56
        ],
        "spearman": [
            0.23802692885107943,
            2.3450231275698804e-66
        ],
        "count": 5079
    },
    "Neo12_avg": {
        "pearson": [
            0.38960996328578595,
            7.2043230511564935e-180
        ],
        "spearman": [
            0.4666823300553686,
            2.4912789862080002e-267
        ],
        "count": 4970
    },
    "Neo14_avg": {
        "pearson": [
            0.45203141522304113,
            2.4190584673375488e-259
        ],
        "spearman": [
            0.4718752599037334,
            1.4242391798963108e-285
        ],
        "count": 5180
    },
    "Neo18_avg": {
        "pearson": [
            0.4226873773103213,
            1.3936239952502652e-225
        ],
        "spearman": [
            0.40522775099288,
            8.979329401713584e-206
        ],
        "count": 5226
    },
    "Paro11_avg": {
        "pearson": [
            0.13394394882933655,
            2.328068277813778e-22
        ],
        "spearman": [
            0.13388589656881247,
            2.427429070493082e-22
        ],
        "count": 5228
    },
    "Paro12_avg": {
        "pearson": [
            0.2692740547069745,
            1.2377157295603277e-83
        ],
        "spearman": [
            0.33642158145275064,
            2.6773862801780617e-132
        ],
        "count": 4990
    },
    "Paro14_avg": {
        "pearson": [
            0.3812985739296051,
            2.4852162876888666e-171
        ],
        "spearman": [
            0.4538463782931382,
            1.527971746908618e-250
        ],
        "count": 4958
    },
    "Paro18_avg": {
        "pearson": [
            0.4354030526279753,
            8.81619102016919e-235
        ],
        "spearman": [
            0.48730722550556393,
            3.388902391038857e-302
        ],
        "count": 5095
    },
    "Ribo11_avg": {
        "pearson": [
            0.2638004374377952,
            2.1421598055724065e-80
        ],
        "spearman": [
            0.32375260449005916,
            2.2215261933437794e-122
        ],
        "count": 5001
    },
    "Ribo12_avg": {
        "pearson": [
            0.4010545429882789,
            1.1338945555174846e-192
        ],
        "spearman": [
            0.4757802242485949,
            5.157598789024934e-281
        ],
        "count": 5002
    },
    "Ribo14_avg": {
        "pearson": [
            0.4594717341304483,
            3.512582469421153e-269
        ],
        "spearman": [
            0.491682902940808,
            0.0
        ],
        "count": 5184
    },
    "Ribo18_avg": {
        "pearson": [
            0.466534075179792,
            2.0816579222186287e-279
        ],
        "spearman": [
            0.46136093966497976,
            1.6884086505327345e-272
        ],
        "count": 5200
    }
}