{
    "screenscore": {
        "pearson": [
            0.2387242257013769,
            1.4215765654650413e-45
        ],
        "spearman": [
            0.24278588183536545,
            4.007111886564463e-47
        ],
        "count": 3424
    }
}