{
    "screenscore": {
        "pearson": [
            0.22675842357875192,
            9.953239957269412e-38
        ],
        "spearman": [
            0.23923080309339445,
            6.414119820533254e-42
        ],
        "count": 3125
    }
}