{
    "react_rel": {
        "pearson": [
            0.43562089894613304,
            1.5955595004395432e-67
        ],
        "spearman": [
            0.39597564377486755,
            4.5180130517341955e-55
        ],
        "count": 1435
    }
}