{
    "react_rel": {
        "pearson": [
            0.4421504317216594,
            9.716434387525718e-70
        ],
        "spearman": [
            0.3959057678265306,
            4.73633925857541e-55
        ],
        "count": 1435
    }
}