{
    "react_rel": {
        "pearson": [
            0.5001494764789832,
            1.1043365053621372e-91
        ],
        "spearman": [
            0.45594747694465765,
            1.3939089984257757e-74
        ],
        "count": 1435
    }
}