{
    "log2_ratio": {
        "pearson": [
            0.36964938970557965,
            1.7240842310973926e-30
        ],
        "spearman": [
            0.289385919992259,
            8.381381828049193e-19
        ],
        "count": 899
    }
}