{
    "log2_ratio": {
        "pearson": [
            0.33104305615649243,
            1.9630629194035457e-24
        ],
        "spearman": [
            0.2681398988285092,
            2.867468907707927e-16
        ],
        "count": 899
    }
}