{
    "score": {
        "pearson": [
            0.2758765783582893,
            4.229248702244669e-67
        ],
        "spearman": [
            0.224030126877239,
            2.8159649442230093e-44
        ],
        "count": 3786
    }
}