{
    "score": {
        "pearson": [
            0.28784570390549047,
            4.49879388761737e-68
        ],
        "spearman": [
            0.25098510920862116,
            1.1616791487791353e-51
        ],
        "count": 3517
    }
}