{
    "score": {
        "pearson": [
            0.27087029006488583,
            3.403868829254034e-60
        ],
        "spearman": [
            0.23198354003739,
            3.45277881267338e-44
        ],
        "count": 3517
    }
}