{
    "Overall": {
        "all_types_of_mutations": {
            "Pr": -0.2973260007964575,
            "Pr_pval": 5.848377452480694e-117,
            "Sr": -0.3009448785058198,
            "Sr_pval": 6.50069573785393e-120,
            "precision": 0.3182135380321005,
            "recall": 0.3645083932853717,
            "f1": 0.33979135618479883,
            "auroc": 0.5727741428551466,
            "accuracy": 0.6898302117976545,
            "num": 5713.0,
            "num_struc": 331.0
        },
        "single_point_mutations": {
            "Pr": -0.3442723825391292,
            "Pr_pval": 1.3492335119943461e-114,
            "Sr": -0.2881487948467714,
            "Sr_pval": 2.4407225203992292e-79,
            "precision": 0.3040834057341442,
            "recall": 0.3968253968253968,
            "f1": 0.3443187407771766,
            "auroc": 0.5741881326558745,
            "accuracy": 0.6753531417437896,
            "num": 4106.0,
            "num_struc": 308.0
        },
        "multi_point_mutations": {
            "Pr": -0.34743139988599253,
            "Pr_pval": 8.373756810117592e-47,
            "Sr": -0.377398017827039,
            "Sr_pval": 1.4786318527538368e-55,
            "precision": 0.375886524822695,
            "recall": 0.2872628726287263,
            "f1": 0.32565284178187404,
            "auroc": 0.5725490453612128,
            "accuracy": 0.7268201617921594,
            "num": 1607.0,
            "num_struc": 142.0
        }
    },
    "Per-Structure": {
        "all_types_of_mutations": {
            "Pr": -0.26610590692580494,
            "Pr_std": 0.2702126620614473,
            "Pr_pval": 2.1287649558811663e-94,
            "Sr": -0.2748705815473917,
            "Sr_std": 0.2576597746857032,
            "Sr_pval": 0.25474683494744554,
            "precision": 0.35166100276356943,
            "recall": 0.26070889775860173,
            "f1": 0.6076734648862798,
            "auroc": 0.7063171685986364,
            "accuracy": 1.6090132164407273e-76,
            "num": 5025.0,
            "num_struc": 116.0
        },
        "single_point_mutations": {
            "Pr": -0.30461986366418536,
            "Pr_std": 0.270906149716306,
            "Pr_pval": 9.659777872367103e-87,
            "Sr": -0.2943064103897651,
            "Sr_std": 0.24887904812854006,
            "Sr_pval": 0.26867790837205596,
            "precision": 0.3756436436139477,
            "recall": 0.2829514314341063,
            "f1": 0.60643225497839,
            "auroc": 0.6980443060091379,
            "accuracy": 8.964178668740222e-52,
            "num": 3485.0,
            "num_struc": 93.0
        },
        "multi_point_mutations": {
            "Pr": -0.24336864000719216,
            "Pr_std": 0.31073558958024355,
            "Pr_pval": 2.667437608492736e-27,
            "Sr": -0.23417818086867864,
            "Sr_std": 0.29442699020466534,
            "Sr_pval": 0.24472745491396855,
            "precision": 0.2540300654629923,
            "recall": 0.20906781809758904,
            "f1": 0.5641951736418465,
            "auroc": 0.7234121582648517,
            "accuracy": 7.210494592504017e-22,
            "num": 1304.0,
            "num_struc": 41.0
        }
    }
}