{
    "fitness_min": {
        "pearson": [
            0.27722243014250014,
            1.8066789036703336e-26
        ],
        "spearman": [
            0.18531437150156269,
            1.949130725595032e-12
        ],
        "count": 1420
    },
    "fitness_rich": {
        "pearson": [
            0.2984532458285941,
            1.3227485514233537e-30
        ],
        "spearman": [
            0.23746994610023225,
            1.1822356952014918e-19
        ],
        "count": 1420
    }
}