{
    "fitness_min": {
        "pearson": [
            0.4238886105425965,
            7.779061486233563e-64
        ],
        "spearman": [
            0.27586629525133555,
            1.5123041424126694e-26
        ],
        "count": 1439
    },
    "fitness_rich": {
        "pearson": [
            0.4168717271463165,
            1.3620849331857834e-61
        ],
        "spearman": [
            0.33337025130841896,
            1.0866761967886182e-38
        ],
        "count": 1439
    }
}