{
    "attenuated": {
        "pearson": [
            0.1115223826677228,
            3.842181145508081e-10
        ],
        "spearman": [
            0.07969743520592804,
            7.933907885440048e-06
        ],
        "count": 3134
    },
    "regulated": {
        "pearson": [
            0.3918635068253204,
            1.5070191749867446e-115
        ],
        "spearman": [
            0.3626818977505247,
            4.7557474249893294e-98
        ],
        "count": 3134
    },
    "unregulated": {
        "pearson": [
            0.37465032515434227,
            5.212860809000762e-105
        ],
        "spearman": [
            0.34957652931751,
            9.205131138427565e-91
        ],
        "count": 3134
    }
}