{
    "attenuated": {
        "pearson": [
            0.11827085152693464,
            3.1000922981247194e-11
        ],
        "spearman": [
            0.09211814582436448,
            2.3928422743212587e-07
        ],
        "count": 3134
    },
    "regulated": {
        "pearson": [
            0.39971898069049805,
            1.4282667916045696e-120
        ],
        "spearman": [
            0.3749284734086757,
            3.562742394048774e-105
        ],
        "count": 3134
    },
    "unregulated": {
        "pearson": [
            0.40438037505326535,
            1.2855001844925193e-123
        ],
        "spearman": [
            0.38331183794965556,
            3.113550388937611e-110
        ],
        "count": 3134
    }
}