{
    "attenuated": {
        "pearson": [
            0.09712224001980677,
            5.0989582512613124e-08
        ],
        "spearman": [
            0.07042243705304663,
            7.955879508306758e-05
        ],
        "count": 3134
    },
    "regulated": {
        "pearson": [
            0.41243698291751163,
            5.355693441406168e-129
        ],
        "spearman": [
            0.3818852010274101,
            2.315411531766235e-109
        ],
        "count": 3134
    },
    "unregulated": {
        "pearson": [
            0.40602401616403755,
            1.0554738595680788e-124
        ],
        "spearman": [
            0.38257742825622304,
            8.75724529076023e-110
        ],
        "count": 3134
    }
}