{
    "fitness": {
        "pearson": [
            0.36724672952127113,
            1.0489687114926567e-49
        ],
        "spearman": [
            0.34152229134903556,
            8.360400215585506e-43
        ],
        "count": 1519
    }
}