{
    "fitness": {
        "pearson": [
            0.35879987023328774,
            2.278770488946061e-47
        ],
        "spearman": [
            0.33422815348042195,
            5.813733169926657e-41
        ],
        "count": 1519
    }
}