{
    "linear": {
        "pearson": [
            0.35693626549818525,
            2.5671924102879864e-12
        ],
        "spearman": [
            0.4148624741834351,
            1.71784352090897e-16
        ],
        "count": 362
    }
}